-- phpMyAdmin SQL Dump
-- version phpStudy 2014
-- http://www.phpmyadmin.net
--
-- 主机: 127.0.0.1
-- 生成日期: 2017 ?10 ?23 ?05:45
-- 服务器版本: 5.5.53
-- PHP 版本: 5.6.27

SET SQL_MODE="NO_AUTO_VALUE_ON_ZERO";
SET time_zone = "+00:00";


/*!40101 SET @OLD_CHARACTER_SET_CLIENT=@@CHARACTER_SET_CLIENT */;
/*!40101 SET @OLD_CHARACTER_SET_RESULTS=@@CHARACTER_SET_RESULTS */;
/*!40101 SET @OLD_COLLATION_CONNECTION=@@COLLATION_CONNECTION */;
/*!40101 SET NAMES utf8 */;

--
-- 数据库: `phpok`
--

-- --------------------------------------------------------

--
-- 表的结构 `qinggan_92`
--

CREATE TABLE IF NOT EXISTS `qinggan_92` (
  `id` int(10) unsigned NOT NULL AUTO_INCREMENT COMMENT '自增ID',
  `site_id` mediumint(8) unsigned NOT NULL DEFAULT '0' COMMENT '网站ID',
  `project_id` mediumint(8) unsigned NOT NULL DEFAULT '0' COMMENT '项目ID',
  `address` varchar(255) NOT NULL DEFAULT '' COMMENT '联系地址',
  `cert` varchar(255) NOT NULL DEFAULT '' COMMENT '备案号',
  PRIMARY KEY (`id`),
  KEY `site_id_index` (`site_id`,`project_id`)
) ENGINE=MyISAM  DEFAULT CHARSET=utf8 COMMENT='测试独立模块' AUTO_INCREMENT=4 ;

--
-- 转存表中的数据 `qinggan_92`
--

INSERT INTO `qinggan_92` (`id`, `site_id`, `project_id`, `address`, `cert`) VALUES
(3, 1, 397, '测试9999', '123456');

-- --------------------------------------------------------

--
-- 表的结构 `qinggan_adm`
--

CREATE TABLE IF NOT EXISTS `qinggan_adm` (
  `id` mediumint(8) unsigned NOT NULL AUTO_INCREMENT COMMENT '管理员ID，系统自增',
  `account` varchar(50) NOT NULL COMMENT '管理员账号',
  `pass` varchar(100) NOT NULL COMMENT '管理员密码',
  `email` varchar(50) NOT NULL COMMENT '管理员邮箱',
  `status` tinyint(1) unsigned NOT NULL DEFAULT '0' COMMENT '0未审核1正常2管理员锁定',
  `if_system` tinyint(1) unsigned NOT NULL DEFAULT '0' COMMENT '系统管理员',
  `vpass` varchar(50) NOT NULL COMMENT '二次验证密码，两次MD5加密',
  `fullname` varchar(100) NOT NULL COMMENT '姓名',
  `close_tip` varchar(255) NOT NULL COMMENT '关闭窗口前弹出的提示',
  PRIMARY KEY (`id`)
) ENGINE=MyISAM  DEFAULT CHARSET=utf8 COMMENT='管理员信息' AUTO_INCREMENT=3 ;

--
-- 转存表中的数据 `qinggan_adm`
--

INSERT INTO `qinggan_adm` (`id`, `account`, `pass`, `email`, `status`, `if_system`, `vpass`, `fullname`, `close_tip`) VALUES
(1, 'admin', '2f276632df95f2d6c6db7255a6e94e26:94', 'qinggan@188.com', 1, 1, '', '苏相锟', '');

-- --------------------------------------------------------

--
-- 表的结构 `qinggan_adm_popedom`
--

CREATE TABLE IF NOT EXISTS `qinggan_adm_popedom` (
  `id` int(10) unsigned NOT NULL COMMENT '管理员ID',
  `pid` int(10) unsigned NOT NULL DEFAULT '0' COMMENT '权限ID，对应popedom表里的id',
  PRIMARY KEY (`id`,`pid`)
) ENGINE=MyISAM DEFAULT CHARSET=utf8 COMMENT='管理员权限分配表';

-- --------------------------------------------------------

--
-- 表的结构 `qinggan_all`
--

CREATE TABLE IF NOT EXISTS `qinggan_all` (
  `id` mediumint(8) unsigned NOT NULL AUTO_INCREMENT COMMENT '自增ID',
  `site_id` mediumint(8) unsigned NOT NULL DEFAULT '0' COMMENT '网站ID',
  `identifier` varchar(100) NOT NULL COMMENT '标识串',
  `title` varchar(200) NOT NULL COMMENT '分类名称',
  `ico` varchar(255) NOT NULL COMMENT '图标',
  `is_system` tinyint(1) unsigned NOT NULL DEFAULT '0' COMMENT '0普通１系统',
  `status` tinyint(1) unsigned NOT NULL DEFAULT '0' COMMENT '是否前台调用',
  PRIMARY KEY (`id`)
) ENGINE=MyISAM  DEFAULT CHARSET=utf8 COMMENT='分类管理' AUTO_INCREMENT=115 ;

--
-- 转存表中的数据 `qinggan_all`
--

INSERT INTO `qinggan_all` (`id`, `site_id`, `identifier`, `title`, `ico`, `is_system`, `status`) VALUES
(4, 1, 'copyright', '页脚版权', 'images/ico/copyright.png', 0, 1),
(37, 1, 'share', '分享代码', 'images/ico/share.png', 0, 1);

-- --------------------------------------------------------

--
-- 表的结构 `qinggan_attr`
--

CREATE TABLE IF NOT EXISTS `qinggan_attr` (
  `id` int(10) unsigned NOT NULL AUTO_INCREMENT COMMENT '自增ID',
  `site_id` int(10) unsigned NOT NULL DEFAULT '0' COMMENT '站点ID',
  `title` varchar(100) NOT NULL COMMENT '属性名称',
  `taxis` tinyint(3) unsigned NOT NULL DEFAULT '255' COMMENT '排序',
  PRIMARY KEY (`id`)
) ENGINE=MyISAM  DEFAULT CHARSET=utf8 COMMENT='产品属性' AUTO_INCREMENT=9 ;

--
-- 转存表中的数据 `qinggan_attr`
--

INSERT INTO `qinggan_attr` (`id`, `site_id`, `title`, `taxis`) VALUES
(1, 1, '颜色', 10),
(3, 1, '尺码', 20),
(8, 1, '版本', 30);

-- --------------------------------------------------------

--
-- 表的结构 `qinggan_attr_values`
--

CREATE TABLE IF NOT EXISTS `qinggan_attr_values` (
  `id` int(10) unsigned NOT NULL AUTO_INCREMENT COMMENT '自增ID',
  `aid` int(10) unsigned NOT NULL DEFAULT '0' COMMENT '属性ID',
  `title` varchar(200) NOT NULL COMMENT '参数名称',
  `pic` varchar(200) NOT NULL COMMENT '参数图片',
  `taxis` int(10) unsigned NOT NULL DEFAULT '0' COMMENT '排序',
  `val` varchar(255) NOT NULL COMMENT '值',
  PRIMARY KEY (`id`),
  KEY `aid` (`aid`)
) ENGINE=MyISAM  DEFAULT CHARSET=utf8 COMMENT='属性参数管理' AUTO_INCREMENT=38 ;

--
-- 转存表中的数据 `qinggan_attr_values`
--

INSERT INTO `qinggan_attr_values` (`id`, `aid`, `title`, `pic`, `taxis`, `val`) VALUES
(1, 1, '红色', '', 10, 'red'),
(3, 1, '绿色', '', 20, 'green'),
(4, 1, '蓝色', '', 30, 'blue'),
(5, 1, '黑色', '', 40, 'black'),
(6, 1, '白色', '', 50, 'white'),
(7, 3, 'M', '', 10, ''),
(8, 3, 'L', '', 20, ''),
(9, 3, 'XL', '', 30, ''),
(10, 3, 'XXL', '', 40, ''),
(29, 8, '标准版(3G RAM+32G ROM)标配', '', 10, '2499'),
(30, 8, '标准版(3G RAM+32G ROM)套装', '', 20, '2549'),
(31, 8, '高配版(3G RAM+64G ROM)标配', '', 30, '3199'),
(32, 8, '高配版(3G RAM+64G ROM)套装', '', 40, '3249'),
(33, 1, '金色', '', 60, 'gold'),
(34, 8, '16G ROM', '', 50, 'MZ16G'),
(35, 8, '32G ROM', '', 60, 'MZ32G'),
(36, 1, '灰色', '', 70, 'gray'),
(37, 8, '64G ROM', '', 70, '64G');

-- --------------------------------------------------------

--
-- 表的结构 `qinggan_cart`
--

CREATE TABLE IF NOT EXISTS `qinggan_cart` (
  `id` int(10) unsigned NOT NULL AUTO_INCREMENT COMMENT '自增ID号',
  `session_id` varchar(255) NOT NULL COMMENT 'SESSION_ID号',
  `user_id` int(10) unsigned NOT NULL DEFAULT '0' COMMENT '会员ID号，为0表示游客',
  `addtime` int(10) unsigned NOT NULL DEFAULT '0' COMMENT '添加时间',
  PRIMARY KEY (`id`)
) ENGINE=MyISAM  DEFAULT CHARSET=utf8 COMMENT='购物车' AUTO_INCREMENT=45 ;

--
-- 转存表中的数据 `qinggan_cart`
--

INSERT INTO `qinggan_cart` (`id`, `session_id`, `user_id`, `addtime`) VALUES
(44, 'qoedjr82b36gvspqeilpef45g1', 0, 1508737055);

-- --------------------------------------------------------

--
-- 表的结构 `qinggan_cart_product`
--

CREATE TABLE IF NOT EXISTS `qinggan_cart_product` (
  `id` int(10) unsigned NOT NULL AUTO_INCREMENT COMMENT '自增ID号',
  `cart_id` int(10) unsigned NOT NULL DEFAULT '0' COMMENT '购物车ID号',
  `tid` int(10) unsigned NOT NULL DEFAULT '0' COMMENT '主题ID',
  `title` varchar(255) NOT NULL COMMENT '产品名称',
  `price` float NOT NULL COMMENT '产品单价',
  `qty` int(11) NOT NULL DEFAULT '0' COMMENT '产品数量',
  `ext` text NOT NULL COMMENT '扩展属性',
  `weight` float unsigned NOT NULL DEFAULT '0' COMMENT '重量',
  `volume` float unsigned NOT NULL DEFAULT '0' COMMENT '体积',
  `thumb` varchar(255) NOT NULL COMMENT '缩略图',
  `is_virtual` tinyint(1) unsigned NOT NULL DEFAULT '0' COMMENT '0实物1虚拟或服务',
  `unit` varchar(50) NOT NULL COMMENT '单位',
  PRIMARY KEY (`id`)
) ENGINE=MyISAM  DEFAULT CHARSET=utf8 COMMENT='购物车里的产品信息' AUTO_INCREMENT=2 ;

-- --------------------------------------------------------

--
-- 表的结构 `qinggan_cate`
--

CREATE TABLE IF NOT EXISTS `qinggan_cate` (
  `id` mediumint(8) unsigned NOT NULL AUTO_INCREMENT COMMENT '自增ID',
  `site_id` mediumint(8) unsigned NOT NULL DEFAULT '0' COMMENT '网站ID',
  `parent_id` mediumint(8) unsigned NOT NULL DEFAULT '0' COMMENT '父级ID，0为根分类',
  `status` tinyint(1) unsigned NOT NULL DEFAULT '0' COMMENT '0不使用1正常使用',
  `title` varchar(200) NOT NULL COMMENT '分类名称',
  `taxis` tinyint(3) unsigned NOT NULL DEFAULT '255' COMMENT '分类排序，值越小越往前靠',
  `tpl_list` varchar(255) NOT NULL COMMENT '列表模板',
  `tpl_content` varchar(255) NOT NULL COMMENT '内容模板',
  `psize` int(10) unsigned NOT NULL DEFAULT '0' COMMENT '列表每页数量',
  `seo_title` varchar(255) NOT NULL COMMENT 'SEO标题',
  `seo_keywords` varchar(255) NOT NULL COMMENT 'SEO关键字',
  `seo_desc` varchar(255) NOT NULL COMMENT 'SEO描述',
  `identifier` varchar(255) NOT NULL COMMENT '分类标识串',
  `tag` varchar(255) NOT NULL COMMENT '自身Tag设置',
  PRIMARY KEY (`id`),
  KEY `parent_id` (`parent_id`),
  KEY `site_id` (`site_id`,`status`)
) ENGINE=MyISAM  DEFAULT CHARSET=utf8 COMMENT='分类管理' AUTO_INCREMENT=600 ;

--
-- 转存表中的数据 `qinggan_cate`
--

INSERT INTO `qinggan_cate` (`id`, `site_id`, `parent_id`, `status`, `title`, `taxis`, `tpl_list`, `tpl_content`, `psize`, `seo_title`, `seo_keywords`, `seo_desc`, `identifier`, `tag`) VALUES
(8, 1, 7, 1, '公司新闻', 10, '', '', 0, '', '', '', 'company', '公司 新闻'),
(7, 1, 0, 1, '新闻资讯', 10, '', '', 0, '', '', '', 'information', ''),
(68, 1, 7, 1, '行业新闻', 25, '', '', 0, '', '', '', 'industry', ''),
(70, 1, 0, 1, '产品分类', 20, '', '', 0, '', '', '', 'chanpinfenlei', ''),
(154, 1, 0, 1, '图集相册', 30, '', '', 0, '', '', '', 'album', ''),
(168, 1, 70, 1, '手机', 10, '', '', 0, '', '', '', 'shouji', ''),
(180, 1, 70, 1, '产品分类二', 20, '', '', 0, '', '', '', 'chanpinfenleier', ''),
(197, 1, 0, 1, '资源下载', 40, '', '', 0, '', '', '', 'ziyuanxiazai', ''),
(198, 1, 197, 1, '软件下载', 10, '', '', 0, '', '', '', 'ruanjianxiazai', ''),
(199, 1, 197, 1, '风格下载', 20, '', '', 0, '', '', '', 'fenggexiazai', ''),
(200, 1, 197, 1, '官方插件', 30, '', '', 0, '', '', '', 'guanfangchajian', ''),
(201, 1, 0, 1, '论坛分类', 50, '', '', 0, '', '', '', 'bbs-cate', ''),
(204, 1, 201, 1, '情感驿站', 10, '', '', 0, '', '', '', 'qingganyizhan', ''),
(205, 1, 201, 1, '产品讨论', 20, '', '', 0, '', '', '', 'chanpintaolun', ''),
(206, 1, 201, 1, '水吧专区', 30, '', '', 0, '', '', '', 'shuibazhuanqu', ''),
(207, 1, 201, 1, '常见问题', 30, '', '', 0, '', '', '', 'faq', ''),
(211, 1, 154, 1, '手机美图', 10, '', '', 0, '', '', '', 'shoujimeitu', ''),
(216, 1, 168, 1, '苹果', 50, '', '', 0, '', '', '', 'apple', ''),
(219, 1, 70, 1, '产品分类三', 30, '', '', 0, '', '', '', 'chanpinfenleisan', ''),
(584, 1, 168, 1, '华为', 30, '', '', 0, '', '', '', 'huawei', ''),
(582, 1, 168, 1, '小米', 10, '', '', 0, '', '', '', 'xiaomi', ''),
(583, 1, 168, 1, '魅族', 20, '', '', 0, '', '', '', 'meizu', ''),
(585, 1, 168, 1, 'Vivo', 40, '', '', 0, '', '', '', 'vivo', ''),
(588, 1, 583, 1, '经典', 5, '', '', 0, '', '', '', 'jingdian', ''),
(589, 1, 583, 1, '旗舰', 10, '', '', 0, '', '', '', 'qijian', ''),
(590, 1, 588, 1, 'MX2', 5, '', '', 0, '', '', '', 'mx2', ''),
(591, 1, 588, 1, 'MX3', 10, '', '', 0, '', '', '', 'mx3', ''),
(592, 1, 0, 1, 'Demo', 55, '', '', 0, '', '', '', 'demo', ''),
(593, 1, 592, 1, 'Demo1', 5, '', '', 0, '', '', '', 'demo1', ''),
(594, 1, 592, 1, 'Demo2', 10, '', '', 0, '', '', '', 'demo2', ''),
(595, 1, 592, 1, 'Demo3', 15, '', '', 0, '', '', '', 'demo3', ''),
(596, 1, 0, 1, '测试根分类及扩展', 60, '', '', 0, '', '', '', 'ceshigenfenleijikuozhan', '');

-- --------------------------------------------------------

--
-- 表的结构 `qinggan_currency`
--

CREATE TABLE IF NOT EXISTS `qinggan_currency` (
  `id` mediumint(8) unsigned NOT NULL AUTO_INCREMENT COMMENT '货币ID',
  `code` varchar(3) NOT NULL COMMENT '货币标识，仅限三位数的大写字母',
  `val` decimal(13,8) unsigned NOT NULL COMMENT '货币转化',
  `taxis` tinyint(3) unsigned NOT NULL DEFAULT '255' COMMENT '排序，值越小越往前靠',
  `title` varchar(50) NOT NULL COMMENT '名称',
  `symbol_left` varchar(24) NOT NULL COMMENT '价格左侧',
  `symbol_right` varchar(24) NOT NULL COMMENT '价格右侧',
  `status` tinyint(1) NOT NULL DEFAULT '0' COMMENT '0不使用1使用',
  `hidden` tinyint(1) unsigned NOT NULL DEFAULT '0' COMMENT '0不隐藏1隐藏',
  `code_num` varchar(5) NOT NULL COMMENT '币种数值',
  PRIMARY KEY (`id`)
) ENGINE=MyISAM  DEFAULT CHARSET=utf8 COMMENT='货币管理' AUTO_INCREMENT=8 ;

--
-- 转存表中的数据 `qinggan_currency`
--

INSERT INTO `qinggan_currency` (`id`, `code`, `val`, `taxis`, `title`, `symbol_left`, `symbol_right`, `status`, `hidden`, `code_num`) VALUES
(1, 'CNY', '6.16989994', 10, '人民币', '', '元', 1, 0, '165'),
(2, 'USD', '1.00000000', 20, '美金', 'US$', '', 1, 0, '840'),
(3, 'HKD', '7.76350021', 30, '港元', 'HK$', '', 1, 0, '344'),
(4, 'EUR', '0.76639998', 40, '欧元', 'EUR', '', 1, 0, '978'),
(5, 'GBP', '0.64529997', 50, '英镑', '￡', '', 1, 0, '826'),
(7, 'AUD', '1.00000000', 60, '澳币', 'A$', '', 1, 0, '036');

-- --------------------------------------------------------

--
-- 表的结构 `qinggan_email`
--

CREATE TABLE IF NOT EXISTS `qinggan_email` (
  `id` mediumint(8) unsigned NOT NULL AUTO_INCREMENT COMMENT '自增ID',
  `site_id` int(10) unsigned NOT NULL DEFAULT '0' COMMENT '网站ID，0表示全部网站',
  `identifier` varchar(255) NOT NULL COMMENT '发送标识',
  `title` varchar(200) NOT NULL COMMENT '邮件主题',
  `content` text NOT NULL COMMENT '邮件内容',
  `note` varchar(255) NOT NULL COMMENT '备注',
  PRIMARY KEY (`id`)
) ENGINE=MyISAM  DEFAULT CHARSET=utf8 COMMENT='邮件内容' AUTO_INCREMENT=39 ;

--
-- 转存表中的数据 `qinggan_email`
--

INSERT INTO `qinggan_email` (`id`, `site_id`, `identifier`, `title`, `content`, `note`) VALUES
(4, 1, 'register_code', '获取会员注册资格', '<p>您好，{$email}</p><p>您将注册成为网站【{$config.title} 】会员，请点击下面的地址，进入下一步注册：</p><p><br/></p><blockquote style="margin: 0 0 0 40px; border: none; padding: 0px;"><p><a href="{$link}" target="_blank">{$link}</a></p><p>（此链接24小时内有效）</p></blockquote><p><br/></p><p><br/></p><p>感谢您对本站的关注，茫茫人海中，能有缘走到一起。</p>', ''),
(5, 1, 'getpass', '取回密码操作', '<p>您好，{$user.account}</p><p>您执行了忘记密码操作功能，请点击下面的链接执行下一步：</p><p><br /></p><p><blockquote style="margin: 0 0 0 40px; border: none; padding: 0px;"><p><a href="{$link}" target="_blank">{$link}</a></p></blockquote><br /></p><p>感谢您对本站的支持，有什么问题您在登录后可以咨询我们的客服。</p>', ''),
(6, 1, 'project_save', '主题添加通知', '<p>您好，管理员</p><blockquote><p>您的网站（<a href="http://{$sys.url}" target="_self">{$sys.url}</a>）新增了一篇主题，下述是主题的基本信息：<br/></p><p>主题名称：{$rs.title}</p><p>项目类型：{$page_rs.title}</p><p><br/></p><p>请登录网站查询</p></blockquote>', ''),
(7, 1, 'order_admin', '网站有新订单【{$order.sn}】', '<p>您好，管理员</p><blockquote><p>您的网站：{$sys.url} 收到一份新的订单，订单号是：{$order.sn}，请登录网站后台进行核验。</p></blockquote>', ''),
(8, 1, 'user_order_create', '我们已收到您的订单【{$order.sn}】，欢迎您随时关注订单状态', '<p><strong>尊敬的{$fullname}，您好：</strong><br/></p><p><br/></p><p>感谢您在<span style="color: rgb(0, 112, 192);">{$config.title}</span>（{$sys.url}）购物。</p><p>我们已经收到您的订单<span style="color: rgb(0, 112, 192);">{$order.sn}</span>，建议您选择<span style="color: rgb(0, 112, 192);">在线支付</span>的支付配送方式。订单信息以个人中心里的“<span style="color: rgb(0, 112, 192);"><strong>我的订单</strong></span>”信息为准，您也可以随时进入订单详细进行查看修改等操作。</p><p><br/></p><p><strong>重要说明：</strong></p><p>本邮件仅表明销售方已收到了您提交的订单；销售方收到你的订单信息后，只有在销售方将您的订单中订购的商品从仓库实际直接向您发出时（以商品出库为标志），方视为您与销售方之间就实际直接向您发出的商品建立了合同关系；<br/>如果您在一份订单里订购了多种商品并且销售方只给您发出了部分商品时，您与销售方之间仅就实际直接向您发出的商品建立了合同关系；只有在销售方实际直接向您发出了订单中订购的其他商品时，您和销售方之间就订单中该其他已实际直接向您发出的商品建立了合同关系。<br/>您可以随时登陆您在京东注册的账户，查询您的订单状态。更多内容请见最新的京东网站用户注册协议及京东网站各类购物规则，我们建议您不时地浏览阅读。</p><p><br/></p><p><strong>账户安全提醒：</strong><br/>互联网账号存在被盗风险，为了保障您的账号及资金安全，我们提醒您访问 我的账户- &gt; 修改密码，尽量使用复杂密码，如字母+数字+特殊符号等。</p>', ''),
(9, 1, 'sms_order_create', '会员下单成功后，短信通知', '<p>您的订单：{$order.sn} 已成功提交，请您及时完成支付操作。超过24小时未支付订单将会自动删除。感谢您对我们的支持！</p>', ''),
(10, 1, 'order_user_paid', '您的订单【{$order.sn}】已支付成功', '<p><strong>尊敬的{$fullname}，您好：</strong></p><p style="white-space: normal;">感谢您在<span style="color: rgb(0, 112, 192);">{$config.title}</span>（{$sys.url}）购物。</p><p style="white-space: normal;">您的订单<span style="color: rgb(0, 112, 192);">{$order.sn}</span>已成功支付，请耐心等候，我们管理员正在核验付款信息。</p><p style="white-space: normal;">订单信息以个人中心里的“<span style="color: rgb(0, 112, 192);"><strong>我的订单</strong></span>”信息为准，您也可以随时进入订单详细进行查看修改等操作。</p><p style="white-space: normal;"><br/></p><p style="white-space: normal;"><strong>重要说明：</strong></p><p style="white-space: normal;">本邮件仅表明销售方已收到了您提交的订单；销售方收到你的订单信息后，只有在销售方将您的订单中订购的商品从仓库实际直接向您发出时（以商品出库为标志），方视为您与销售方之间就实际直接向您发出的商品建立了合同关系；<br/>如果您在一份订单里订购了多种商品并且销售方只给您发出了部分商品时，您与销售方之间仅就实际直接向您发出的商品建立了合同关系；只有在销售方实际直接向您发出了订单中订购的其他商品时，您和销售方之间就订单中该其他已实际直接向您发出的商品建立了合同关系。<br/>您可以随时登陆您在京东注册的账户，查询您的订单状态。更多内容请见最新的京东网站用户注册协议及京东网站各类购物规则，我们建议您不时地浏览阅读。</p><p style="white-space: normal;"><br/></p><p style="white-space: normal;"><strong>账户安全提醒：</strong><br/>互联网账号存在被盗风险，为了保障您的账号及资金安全，我们提醒您访问 我的账户- &gt; 修改密码，尽量使用复杂密码，如字母+数字+特殊符号等。</p><p><br/></p>', ''),
(11, 1, 'order_admin_paid', '客户{$user.user}订单【{$orser.sn}】付款成功', '<p>您好，管理员，请登录网站后台 {$sys.url} 核验订单【{$orser.sn}】支付是否成功</p>', ''),
(12, 1, 'sms_order_paid', '订单付款成功后的通知', '<p>您的订单：{$order.sn} 已成功付款，我们正在核验中，请耐心等候！</p>', ''),
(13, 1, 'order_user_shipped', '您的订单【{$order.sn}】已发货', '<p style="white-space: normal;"><strong>尊敬的{$fullname}，您好：</strong><br/></p><p style="white-space: normal;"><br/></p><p style="white-space: normal;">感谢您在<span style="color: rgb(0, 112, 192);">{$config.title}</span>（{$sys.url}）购物。</p><p style="white-space: normal;">您的订单<span style="color: rgb(0, 112, 192);">{$order.sn}</span>已经发货，请保持您的电话畅通，以方便快递人员能与您取得联系。</p><p style="white-space: normal;">订单信息以个人中心里的“<span style="color: rgb(0, 112, 192);"><strong>我的订单</strong></span>”信息为准，您也可以随时进入订单详细进行查看修改等操作。</p><p style="white-space: normal;"><br/></p><p style="white-space: normal;"><strong>重要说明：</strong></p><p style="white-space: normal;">本邮件仅表明销售方已收到了您提交的订单；销售方收到你的订单信息后，只有在销售方将您的订单中订购的商品从仓库实际直接向您发出时（以商品出库为标志），方视为您与销售方之间就实际直接向您发出的商品建立了合同关系；<br/>如果您在一份订单里订购了多种商品并且销售方只给您发出了部分商品时，您与销售方之间仅就实际直接向您发出的商品建立了合同关系；只有在销售方实际直接向您发出了订单中订购的其他商品时，您和销售方之间就订单中该其他已实际直接向您发出的商品建立了合同关系。<br/>您可以随时登陆您在京东注册的账户，查询您的订单状态。更多内容请见最新的京东网站用户注册协议及京东网站各类购物规则，我们建议您不时地浏览阅读。</p><p style="white-space: normal;"><br/></p><p style="white-space: normal;"><strong>账户安全提醒：</strong><br/>互联网账号存在被盗风险，为了保障您的账号及资金安全，我们提醒您访问 我的账户- &gt; 修改密码，尽量使用复杂密码，如字母+数字+特殊符号等。</p><p><br/></p>', ''),
(14, 1, 'sms_order_shipped', '订单发货短信通知', '您的订单：{$order.sn} 已经发货，请保持电话畅通，以方便快递人员能与您取得联系。', ''),
(15, 1, 'order_admin_recerved', '订单【{$order.sn}】已确认收货', '<p>您好，管理员，客户已对订单【{$order.sn}】执行确认收货操作，请登录后台核验</p>', ''),
(16, 1, 'email_code', '【{$config.title}】邮件验证码', '<p>你的验证码是：{$code}，三十分钟内有效，请及时输入</p>', ''),
(17, 1, 'sms_code', '短信验证码', '您的验证码：{$code}，请在10分钟内输入【微光互助】', ''),
(18, 1, 'sms_paid_admin', '订单成功后管理员', '订单：{$order.sn}，客户已支付成功，请检查', ''),
(34, 1, 'login_email', '会员登录验证码', '<p>您的登录验证码是：</p><p><br/></p><p>    {$code}<br/></p><p><br/></p>', ''),
(35, 1, 'sms_sendcloud_code', '4575', 'code:{$code}', 'SendCloud使用的验证码'),
(36, 1, 'sms_aliyun_test', 'SMS_49105038', 'customer:{$user.user}', '阿里云短信测试'),
(37, 1, 'sms_61825160', 'SMS_61825160', 'code:{$code}', '阿里云：验证码'),
(38, 1, 'email_toall', '您的留言 #{$rs.id}，管理员已经回复', '<p>您好：{$rs.fullname}，您在我们网站上的留言，管理员已经回复了，您可以下面链接进行查看：</p><blockquote><p><a href="{$sys.url}{$rs.id}.html" target="_blank">{$sys.url}{$rs.id}.html</a><br/></p></blockquote><p>感谢您对我们网站（{$config.title}）的认可。</p><p><br/></p><p>您的支持是我们发展的动力</p><p><img src="{$sys.url}res/201704/22/auto_1092.png" style="width: 500px;"/></p>', '留言回复通知');

-- --------------------------------------------------------

--
-- 表的结构 `qinggan_express`
--

CREATE TABLE IF NOT EXISTS `qinggan_express` (
  `id` int(10) unsigned NOT NULL AUTO_INCREMENT COMMENT '自增ID',
  `site_id` int(11) NOT NULL DEFAULT '0' COMMENT '站点ID，为0所有站点使用',
  `title` varchar(255) NOT NULL COMMENT '名称',
  `company` varchar(255) NOT NULL COMMENT '公司名称',
  `homepage` varchar(255) NOT NULL COMMENT '官方网站',
  `code` varchar(100) NOT NULL COMMENT '接口标识，用于读取logistics文件夹下的接口文件',
  `rate` int(11) NOT NULL DEFAULT '6' COMMENT '查询频率，用于减少请求',
  `ext` text NOT NULL COMMENT '扩展数据保存',
  PRIMARY KEY (`id`)
) ENGINE=MyISAM  DEFAULT CHARSET=utf8 COMMENT='快递平台管理' AUTO_INCREMENT=5 ;

--
-- 转存表中的数据 `qinggan_express`
--

INSERT INTO `qinggan_express` (`id`, `site_id`, `title`, `company`, `homepage`, `code`, `rate`, `ext`) VALUES
(1, 1, '宅急送-官方', '北京宅急送快运股份有限公司', 'http://www.zjs.com.cn/', 'zjs', 4, 'a:3:{s:18:"logisticProviderID";s:14:"NanFang_LianHe";s:7:"keyseed";s:36:"86AF9251-F3A4-40AF-B9CC-7E509B303F9A";s:12:"fixed_string";s:13:"z宅J急S送g";}'),
(4, 1, '顺丰速运', '顺丰速运(集团)有限公司', 'http://www.sf-express.com/', 'showapi', 4, 'a:3:{s:6:"app_id";s:4:"4485";s:10:"app_secret";s:32:"95a43a307f51416980ff86cae4c70f4e";s:7:"app_com";s:8:"shunfeng";}');

-- --------------------------------------------------------

--
-- 表的结构 `qinggan_ext`
--

CREATE TABLE IF NOT EXISTS `qinggan_ext` (
  `id` mediumint(8) unsigned NOT NULL AUTO_INCREMENT COMMENT '字段ID，自增',
  `module` varchar(100) NOT NULL COMMENT '模块',
  `title` varchar(255) NOT NULL COMMENT '字段名称',
  `identifier` varchar(50) NOT NULL COMMENT '字段标识串',
  `field_type` varchar(255) NOT NULL COMMENT '字段存储类型',
  `note` varchar(255) NOT NULL COMMENT '字段内容备注',
  `form_type` varchar(100) NOT NULL COMMENT '表单类型',
  `form_style` varchar(255) NOT NULL COMMENT '表单CSS',
  `format` varchar(100) NOT NULL COMMENT '格式化方式',
  `content` text NOT NULL COMMENT '默认值',
  `taxis` tinyint(3) unsigned NOT NULL DEFAULT '255' COMMENT '排序',
  `ext` text NOT NULL COMMENT '扩展内容',
  PRIMARY KEY (`id`),
  KEY `module` (`module`)
) ENGINE=MyISAM  DEFAULT CHARSET=utf8 COMMENT='字段管理器' AUTO_INCREMENT=834 ;

--
-- 转存表中的数据 `qinggan_ext`
--

INSERT INTO `qinggan_ext` (`id`, `module`, `title`, `identifier`, `field_type`, `note`, `form_type`, `form_style`, `format`, `content`, `taxis`, `ext`) VALUES
(35, 'all-4', '内容', 'content', 'longtext', '', 'code_editor', '', 'html_js', '', 90, 'a:2:{s:5:"width";s:3:"700";s:6:"height";s:3:"200";}'),
(221, 'project-148', '二维码图片', 'barcode', 'varchar', '请上传相应的二维码图片', 'upload', '', '', '', 255, 'a:3:{s:11:"upload_type";s:7:"picture";s:7:"cate_id";s:1:"1";s:11:"is_multiple";s:1:"0";}'),
(805, 'list-1757', '企业名称', 'company', 'varchar', '', 'text', '', 'safe', '', 255, 'a:2:{s:8:"form_btn";b:0;s:5:"width";s:3:"500";}'),
(806, 'list-1757', '公司地址', 'address', 'varchar', '请填写您的办公地址', 'text', '', 'safe', '', 79, 'a:4:{s:8:"form_btn";s:0:"";s:5:"width";s:3:"500";s:15:"ext_quick_words";s:0:"";s:14:"ext_quick_type";s:0:"";}'),
(807, 'list-1757', 'Email', 'email', 'varchar', '请填写联系邮箱，用户方便客户与您取得联系', 'text', '', 'safe', '', 50, 'a:4:{s:8:"form_btn";s:0:"";s:5:"width";s:0:"";s:15:"ext_quick_words";s:0:"";s:14:"ext_quick_type";s:0:"";}'),
(229, 'project-45', '通栏图片', 'banner', 'varchar', '', 'upload', '', 'safe', '', 40, 'a:3:{s:11:"upload_type";s:7:"picture";s:7:"cate_id";s:1:"1";s:11:"is_multiple";s:1:"0";}'),
(227, 'project-87', '通栏图片', 'banner', 'varchar', '', 'upload', '', 'safe', '', 40, 'a:3:{s:11:"upload_type";s:7:"picture";s:7:"cate_id";s:1:"1";s:11:"is_multiple";s:1:"0";}'),
(218, 'project-43', '英文标题En-Title', 'entitle', 'varchar', '', 'text', '', 'safe', '', 10, 'a:4:{s:8:"form_btn";s:0:"";s:5:"width";s:3:"500";s:15:"ext_quick_words";s:0:"";s:14:"ext_quick_type";s:0:"";}'),
(219, 'project-43', '通栏图片', 'banner', 'varchar', '', 'upload', '', 'safe', '', 40, 'a:6:{s:7:"cate_id";s:1:"1";s:11:"cate_custom";s:1:"0";s:11:"is_multiple";s:1:"0";s:11:"upload_type";s:11:"png,jpg,gif";s:11:"upload_name";s:6:"图片";s:13:"upload_binary";s:1:"0";}'),
(230, 'project-150', '内容', 'content', 'longtext', '', 'editor', '', 'html', '', 255, 'a:12:{s:5:"width";s:3:"950";s:6:"height";s:3:"360";s:7:"is_code";s:0:"";s:9:"btn_image";s:1:"1";s:9:"btn_video";s:1:"1";s:8:"btn_file";s:1:"1";s:8:"btn_page";s:0:"";s:8:"btn_info";s:0:"";s:7:"is_read";s:0:"";s:5:"etype";s:4:"full";s:7:"btn_map";s:0:"";s:7:"inc_tag";s:0:"";}'),
(231, 'all-37', '百度分享代码', 'baidu', 'longtext', '', 'code_editor', '', 'html_js', '', 10, 'a:2:{s:5:"width";s:3:"800";s:6:"height";s:3:"300";}'),
(236, 'project-96', '通栏图片', 'banner', 'varchar', '', 'upload', '', 'safe', '', 40, 'a:3:{s:11:"upload_type";s:7:"picture";s:7:"cate_id";s:1:"1";s:11:"is_multiple";s:1:"0";}'),
(237, 'project-151', '通栏图片', 'banner', 'varchar', '', 'upload', '', 'safe', '', 40, 'a:3:{s:11:"upload_type";s:7:"picture";s:7:"cate_id";s:1:"1";s:11:"is_multiple";s:1:"0";}'),
(238, 'cate-204', '摘要', 'note', 'longtext', '简要文字描述', 'textarea', '', 'safe', '', 20, 'a:2:{s:5:"width";s:3:"600";s:6:"height";s:2:"80";}'),
(239, 'project-152', '通栏图片', 'banner', 'varchar', '', 'upload', '', 'safe', '', 40, 'a:3:{s:11:"upload_type";s:7:"picture";s:7:"cate_id";s:1:"1";s:11:"is_multiple";s:1:"0";}'),
(240, 'cate-205', '摘要', 'note', 'longtext', '简要文字描述', 'textarea', '', 'safe', '', 20, 'a:2:{s:5:"width";s:3:"600";s:6:"height";s:2:"80";}'),
(241, 'cate-206', '摘要', 'note', 'longtext', '简要文字描述', 'textarea', '', 'safe', '', 20, 'a:2:{s:5:"width";s:3:"600";s:6:"height";s:2:"80";}'),
(244, 'project-144', '英文标题', 'entitle', 'varchar', '设置与主题名称相对应的英文标题', 'text', '', 'safe', '', 255, 'a:4:{s:8:"form_btn";b:0;s:5:"width";s:3:"500";s:15:"ext_quick_words";b:0;s:14:"ext_quick_type";b:0;}'),
(246, 'project-142', '英文标题', 'entitle', 'varchar', '设置与主题名称相对应的英文标题', 'text', '', 'safe', '', 255, 'a:4:{s:8:"form_btn";b:0;s:5:"width";s:3:"500";s:15:"ext_quick_words";b:0;s:14:"ext_quick_type";b:0;}'),
(259, 'cate-207', '摘要', 'note', 'longtext', '简要文字描述', 'textarea', '', 'safe', '', 20, 'a:2:{s:5:"width";s:3:"600";s:6:"height";s:2:"80";}'),
(808, 'list-1757', '客服电话', 'tel', 'varchar', '请填写客服电话，建议填写400号', 'text', '', 'safe', '', 20, 'a:4:{s:8:"form_btn";s:0:"";s:5:"width";s:3:"300";s:15:"ext_quick_words";s:0:"";s:14:"ext_quick_type";s:0:"";}'),
(809, 'list-1757', '联系人', 'fullname', 'varchar', '', 'text', '', 'safe', '', 10, 'a:4:{s:8:"form_btn";s:0:"";s:5:"width";s:3:"300";s:15:"ext_quick_words";s:0:"";s:14:"ext_quick_type";s:0:"";}'),
(276, 'cate-70', '英文标题', 'entitle', 'varchar', '设置与主题名称相对应的英文标题', 'text', '', 'safe', '', 255, 'a:4:{s:8:"form_btn";b:0;s:5:"width";s:3:"500";s:15:"ext_quick_words";b:0;s:14:"ext_quick_type";b:0;}'),
(277, 'project-151', '英文标题', 'entitle', 'varchar', '设置与主题名称相对应的英文标题', 'text', '', 'safe', '', 255, 'a:4:{s:8:"form_btn";b:0;s:5:"width";s:3:"500";s:15:"ext_quick_words";b:0;s:14:"ext_quick_type";b:0;}'),
(810, 'list-1756', '图片', 'pic', 'varchar', '此图片仅在首页调用中显示，限制宽高为120x150', 'text', '', 'safe', '', 10, 'a:4:{s:8:"form_btn";s:5:"image";s:5:"width";s:3:"500";s:15:"ext_quick_words";s:0:"";s:14:"ext_quick_type";s:0:"";}'),
(811, 'list-1756', '摘要', 'note', 'longtext', '支持HTML，仅在首页显示，请注意长度', 'editor', '', 'html', '', 20, 'a:13:{s:5:"width";s:0:"";s:6:"height";s:3:"100";s:7:"is_code";s:0:"";s:9:"btn_image";s:0:"";s:9:"btn_video";s:0:"";s:8:"btn_file";s:0:"";s:8:"btn_page";s:0:"";s:8:"btn_info";s:0:"";s:7:"is_read";s:0:"";s:5:"etype";s:6:"simple";s:7:"btn_map";s:0:"";s:7:"inc_tag";s:0:"";s:10:"paste_text";s:0:"";}'),
(812, 'list-1757', '邮编', 'zipcode', 'varchar', '请填写六位数字的邮编号码', 'text', '', 'safe', '', 30, 'a:2:{s:8:"form_btn";b:0;s:5:"width";s:3:"300";}'),
(815, 'cate-582', '缩略图', 'thumb', 'varchar', '', 'upload', '', 'safe', '', 30, 'a:3:{s:7:"cate_id";s:1:"1";s:11:"is_multiple";s:1:"0";s:11:"upload_auto";s:1:"1";}'),
(819, 'list-1423', '通栏图片2222', 'banner', 'varchar', '', 'upload', '', 'safe', '', 255, 'a:8:{s:7:"cate_id";s:1:"1";s:11:"cate_custom";s:1:"0";s:11:"is_multiple";s:1:"0";s:11:"upload_type";s:11:"png,jpg,gif";s:11:"upload_name";s:6:"图片";s:13:"upload_binary";s:1:"0";s:15:"upload_compress";s:1:"0";s:18:"upload_compress_wh";s:3:"500";}'),
(831, 'cate-598', '联系地址', 'address', 'varchar', '', 'text', '', 'safe', '', 0, 'Array'),
(832, 'cate-598', '通栏图片', 'banner', 'varchar', '', 'upload', '', 'safe', '', 0, 'Array'),
(833, 'cate-599', '通栏图片', 'banner', 'varchar', '', 'upload', '', 'safe', '', 0, 'Array');

-- --------------------------------------------------------

--
-- 表的结构 `qinggan_extc`
--

CREATE TABLE IF NOT EXISTS `qinggan_extc` (
  `id` int(10) unsigned NOT NULL DEFAULT '0' COMMENT '内容值ID，对应ext表中的id',
  `content` longtext NOT NULL COMMENT '内容文本',
  PRIMARY KEY (`id`)
) ENGINE=MyISAM DEFAULT CHARSET=utf8 COMMENT='扩展字段内容维护';

--
-- 转存表中的数据 `qinggan_extc`
--

INSERT INTO `qinggan_extc` (`id`, `content`) VALUES
(35, 'Powered By phpok.com 版权所有 © 2004-2014, All right reserved.'),
(809, '苏先生'),
(808, '15818533971'),
(807, 'admin@phpok.com'),
(806, '广东深圳市罗湖区东盛路辐照中心7栋3楼'),
(805, '深圳市锟铻科技有限公司'),
(810, 'res/201409/03/5b0086d14de1bbf2.jpg'),
(811, '<p>深圳市锟铻科技有限公司（Shenzhen Kunwu Technology Co., Ltd.）创立于2014年，专注于企业网站技术的研究和开发，是国内最有影响力的企业网站技术提供商。</p><p>锟铻科技成长的过程，就是服务客户并和客户一起不断成功的过程！我们用心、努力作好每一件事，满怀信心迎接每一次挑战。</p>'),
(229, '1007'),
(227, '1006'),
(218, 'News'),
(219, ''),
(221, '629'),
(230, '<h3>正品行货</h3><p>商城向您保证所售商品均为正品行货，自营商品开具机打发票或电子发票。</p><h3>全国联保</h3><p>凭质保证书及发票，可享受全国联保服务（奢侈品、钟表除外；奢侈品、钟表由京东联系保修，享受法定三包售后服务），与您亲临商场选购的商品享受相同的质量保证。商城还为您提供具有竞争力的商品价格和运费政策，请您放心购买！&nbsp;</p><p>注：因厂家会在没有任何提前通知的情况下更改产品包装、产地或者一些附件，本司不能确保客户收到的货物与商城图片、产地、附件说明完全一致。只能确保为原厂正货！并且保证与当时市场上同样主流新品一致。若本商城没有及时更新，请大家谅解！</p><h3>无忧退换货</h3><p>客户购买自营商品7日内（含7日，自客户收到商品之日起计算），在保证商品完好的前提下，可无理由退货。（部分商品除外，详情请见各商品细则）</p>'),
(231, ''),
(237, ''),
(238, '本区以讨论各种感情，各类人生为核心主题心灵鸡汤无处不在，不在于多少，只在于感悟懂了就是懂了，不懂仍然不懂'),
(236, '545'),
(239, '545'),
(240, '围绕我公司提供的产品进行讨论广开言路，我公司会虚心接纳，完善产品'),
(241, '吐吐糟，发发牢骚，八卦精神无处不在笑一笑，十年少，在这个快节奏的时代里，这里还有一片净土供您休息不是我不爱，只是世界变化快^o^'),
(244, 'Photos'),
(246, 'Links'),
(259, '关于常见问题'),
(276, 'Categories'),
(277, 'Download'),
(812, '518000'),
(819, '');

-- --------------------------------------------------------

--
-- 表的结构 `qinggan_fav`
--

CREATE TABLE IF NOT EXISTS `qinggan_fav` (
  `id` int(10) unsigned NOT NULL AUTO_INCREMENT COMMENT '自增ID',
  `user_id` int(10) unsigned NOT NULL COMMENT '会员ID',
  `thumb` varchar(255) NOT NULL COMMENT '缩略图',
  `title` varchar(255) NOT NULL COMMENT '标题',
  `note` varchar(255) NOT NULL COMMENT '摘要',
  `addtime` int(10) unsigned NOT NULL DEFAULT '0' COMMENT '添加时间',
  `lid` int(11) NOT NULL COMMENT '关联主题',
  PRIMARY KEY (`id`),
  KEY `user_id` (`user_id`)
) ENGINE=MyISAM  DEFAULT CHARSET=utf8 COMMENT='会员收藏夹' AUTO_INCREMENT=9 ;

--
-- 转存表中的数据 `qinggan_fav`
--

INSERT INTO `qinggan_fav` (`id`, `user_id`, `thumb`, `title`, `note`, `addtime`, `lid`) VALUES
(8, 23, '', 'MySQL出错代码', '1005：创建表失败1006：创建数据库失败1007：数据库已存在，创建数据库失败1008：数据库不存在，删除数据库失败1009：不能删除数据库文件导致删除数据库失败1010：不能删除…', 1459322370, 1370);

-- --------------------------------------------------------

--
-- 表的结构 `qinggan_freight`
--

CREATE TABLE IF NOT EXISTS `qinggan_freight` (
  `id` int(10) unsigned NOT NULL AUTO_INCREMENT COMMENT '运费模板ID，自增ID',
  `site_id` int(10) unsigned NOT NULL DEFAULT '0' COMMENT '网站ID',
  `title` varchar(100) NOT NULL COMMENT '模板名称，便于后台管理',
  `type` enum('weight','volume','number','fixed') NOT NULL DEFAULT 'weight' COMMENT 'weight重量volume体积number数量fixed固定值',
  `currency_id` int(11) NOT NULL DEFAULT '0' COMMENT '货币ID',
  `taxis` int(11) NOT NULL DEFAULT '0' COMMENT '排序',
  PRIMARY KEY (`id`)
) ENGINE=MyISAM  DEFAULT CHARSET=utf8 COMMENT='物流运费模板管理' AUTO_INCREMENT=11 ;

--
-- 转存表中的数据 `qinggan_freight`
--

INSERT INTO `qinggan_freight` (`id`, `site_id`, `title`, `type`, `currency_id`, `taxis`) VALUES
(1, 1, '计重运费模板', 'weight', 1, 10),
(2, 1, '体积运费模板', 'volume', 1, 20),
(3, 1, '基于数量的运费模板', 'number', 1, 30),
(4, 1, '固定运费模板', 'fixed', 1, 40);

-- --------------------------------------------------------

--
-- 表的结构 `qinggan_freight_price`
--

CREATE TABLE IF NOT EXISTS `qinggan_freight_price` (
  `zid` int(10) unsigned NOT NULL DEFAULT '0' COMMENT '区域ID',
  `unit_val` varchar(20) NOT NULL COMMENT '单位量，如0.5kg，或1个或1立方米，取决于系统设定',
  `price` varchar(50) NOT NULL DEFAULT '0' COMMENT '运费价格，最低为0，不能为负数',
  PRIMARY KEY (`zid`,`unit_val`)
) ENGINE=MyISAM DEFAULT CHARSET=utf8 COMMENT='单位体积价格';

--
-- 转存表中的数据 `qinggan_freight_price`
--

INSERT INTO `qinggan_freight_price` (`zid`, `unit_val`, `price`) VALUES
(1, '1', '10'),
(2, '1', '10'),
(3, '1', '10'),
(4, '1', '10'),
(5, '1', '11'),
(6, '1', '15'),
(7, '1', '11'),
(8, '1', '30'),
(1, '2', '17'),
(2, '2', '17'),
(3, '2', '24'),
(4, '2', '24'),
(5, '2', '22'),
(6, '2', '27'),
(7, '2', '22'),
(8, '2', '30'),
(8, '3', '10*N'),
(7, '3', '10*N'),
(6, '3', '10*N'),
(5, '3', '10*N'),
(4, '3', '10*N'),
(3, '3', '10*N'),
(2, '3', '8*N'),
(1, '3', '7*N'),
(10, '0.5', '10'),
(11, '0.5', '20'),
(10, '1', '12*N'),
(11, '1', '35'),
(10, '1.5', '13*N'),
(11, '1.5', '45'),
(12, 'fixed', '10'),
(24, 'fixed', '20');

-- --------------------------------------------------------

--
-- 表的结构 `qinggan_freight_zone`
--

CREATE TABLE IF NOT EXISTS `qinggan_freight_zone` (
  `id` int(10) unsigned NOT NULL AUTO_INCREMENT COMMENT '自增ID',
  `fid` int(10) unsigned NOT NULL DEFAULT '0' COMMENT '运费模板ID',
  `title` varchar(100) NOT NULL COMMENT '名称',
  `taxis` int(10) unsigned NOT NULL DEFAULT '0' COMMENT '排序',
  `note` varchar(255) NOT NULL COMMENT '简单说明该区域信息',
  `area` longtext NOT NULL COMMENT '省份+城市',
  PRIMARY KEY (`id`),
  KEY `fid` (`fid`)
) ENGINE=MyISAM  DEFAULT CHARSET=utf8 COMMENT='运费模板区域设置' AUTO_INCREMENT=25 ;

--
-- 转存表中的数据 `qinggan_freight_zone`
--

INSERT INTO `qinggan_freight_zone` (`id`, `fid`, `title`, `taxis`, `note`, `area`) VALUES
(1, 3, '华东', 10, '包括省市有上海，江苏，浙江，安徽，江西', 'a:5:{s:9:"上海市";a:1:{s:9:"上海市";b:1;}s:9:"江苏省";a:13:{s:9:"南京市";b:1;s:9:"无锡市";b:1;s:9:"徐州市";b:1;s:9:"常州市";b:1;s:9:"苏州市";b:1;s:9:"南通市";b:1;s:12:"连云港市";b:1;s:9:"淮安市";b:1;s:9:"盐城市";b:1;s:9:"扬州市";b:1;s:9:"镇江市";b:1;s:9:"泰州市";b:1;s:9:"宿迁市";b:1;}s:9:"浙江省";a:11:{s:9:"杭州市";b:1;s:9:"宁波市";b:1;s:9:"温州市";b:1;s:9:"嘉兴市";b:1;s:9:"湖州市";b:1;s:9:"绍兴市";b:1;s:9:"金华市";b:1;s:9:"衢州市";b:1;s:9:"舟山市";b:1;s:9:"台州市";b:1;s:9:"丽水市";b:1;}s:9:"安徽省";a:17:{s:9:"合肥市";b:1;s:9:"芜湖市";b:1;s:9:"蚌埠市";b:1;s:9:"淮南市";b:1;s:12:"马鞍山市";b:1;s:9:"淮北市";b:1;s:9:"铜陵市";b:1;s:9:"安庆市";b:1;s:9:"黄山市";b:1;s:9:"滁州市";b:1;s:9:"阜阳市";b:1;s:9:"宿州市";b:1;s:9:"巢湖市";b:1;s:9:"六安市";b:1;s:9:"亳州市";b:1;s:9:"池州市";b:1;s:9:"宣城市";b:1;}s:9:"江西省";a:11:{s:9:"南昌市";b:1;s:12:"景德镇市";b:1;s:9:"萍乡市";b:1;s:9:"九江市";b:1;s:9:"新余市";b:1;s:9:"鹰潭市";b:1;s:9:"赣州市";b:1;s:9:"吉安市";b:1;s:9:"宜春市";b:1;s:9:"抚州市";b:1;s:9:"上饶市";b:1;}}'),
(2, 3, '华北', 20, '包含北京，天津，山西，山东，河北，内蒙古', 'a:6:{s:9:"北京市";a:1:{s:9:"北京市";b:1;}s:9:"天津市";a:1:{s:9:"天津市";b:1;}s:9:"河北省";a:11:{s:12:"石家庄市";b:1;s:9:"唐山市";b:1;s:12:"秦皇岛市";b:1;s:9:"邯郸市";b:1;s:9:"邢台市";b:1;s:9:"保定市";b:1;s:12:"张家口市";b:1;s:9:"承德市";b:1;s:9:"沧州市";b:1;s:9:"廊坊市";b:1;s:9:"衡水市";b:1;}s:9:"山西省";a:11:{s:9:"太原市";b:1;s:9:"大同市";b:1;s:9:"阳泉市";b:1;s:9:"长治市";b:1;s:9:"晋城市";b:1;s:9:"朔州市";b:1;s:9:"晋中市";b:1;s:9:"运城市";b:1;s:9:"忻州市";b:1;s:9:"临汾市";b:1;s:9:"吕梁市";b:1;}s:18:"内蒙古自治区";a:12:{s:15:"呼和浩特市";b:1;s:9:"包头市";b:1;s:9:"乌海市";b:1;s:9:"赤峰市";b:1;s:9:"通辽市";b:1;s:15:"鄂尔多斯市";b:1;s:15:"呼伦贝尔市";b:1;s:15:"巴彦淖尔市";b:1;s:15:"乌兰察布市";b:1;s:9:"兴安盟";b:1;s:15:"锡林郭勒盟";b:1;s:12:"阿拉善盟";b:1;}s:9:"山东省";a:17:{s:9:"济南市";b:1;s:9:"青岛市";b:1;s:9:"淄博市";b:1;s:9:"枣庄市";b:1;s:9:"东营市";b:1;s:9:"烟台市";b:1;s:9:"潍坊市";b:1;s:9:"济宁市";b:1;s:9:"泰安市";b:1;s:9:"威海市";b:1;s:9:"日照市";b:1;s:9:"莱芜市";b:1;s:9:"临沂市";b:1;s:9:"德州市";b:1;s:9:"聊城市";b:1;s:9:"滨州市";b:1;s:9:"荷泽市";b:1;}}'),
(3, 3, '华中', 30, '包括湖南，湖北，河南', 'a:3:{s:9:"河南省";a:17:{s:9:"郑州市";b:1;s:9:"开封市";b:1;s:9:"洛阳市";b:1;s:12:"平顶山市";b:1;s:9:"安阳市";b:1;s:9:"鹤壁市";b:1;s:9:"新乡市";b:1;s:9:"焦作市";b:1;s:9:"濮阳市";b:1;s:9:"许昌市";b:1;s:9:"漯河市";b:1;s:12:"三门峡市";b:1;s:9:"南阳市";b:1;s:9:"商丘市";b:1;s:9:"信阳市";b:1;s:9:"周口市";b:1;s:12:"驻马店市";b:1;}s:9:"湖北省";a:14:{s:9:"武汉市";b:1;s:9:"黄石市";b:1;s:9:"十堰市";b:1;s:9:"宜昌市";b:1;s:9:"襄樊市";b:1;s:9:"鄂州市";b:1;s:9:"荆门市";b:1;s:9:"孝感市";b:1;s:9:"荆州市";b:1;s:9:"黄冈市";b:1;s:9:"咸宁市";b:1;s:9:"随州市";b:1;s:30:"恩施土家族苗族自治州";b:1;s:9:"神农架";b:1;}s:9:"湖南省";a:14:{s:9:"长沙市";b:1;s:9:"株洲市";b:1;s:9:"湘潭市";b:1;s:9:"衡阳市";b:1;s:9:"邵阳市";b:1;s:9:"岳阳市";b:1;s:9:"常德市";b:1;s:12:"张家界市";b:1;s:9:"益阳市";b:1;s:9:"郴州市";b:1;s:9:"永州市";b:1;s:9:"怀化市";b:1;s:9:"娄底市";b:1;s:30:"湘西土家族苗族自治州";b:1;}}'),
(4, 3, '华南', 40, '包括广东，广西，福建，海南', 'a:4:{s:9:"福建省";a:9:{s:9:"福州市";b:1;s:9:"厦门市";b:1;s:9:"莆田市";b:1;s:9:"三明市";b:1;s:9:"泉州市";b:1;s:9:"漳州市";b:1;s:9:"南平市";b:1;s:9:"龙岩市";b:1;s:9:"宁德市";b:1;}s:9:"广东省";a:21:{s:9:"广州市";b:1;s:9:"韶关市";b:1;s:9:"深圳市";b:1;s:9:"珠海市";b:1;s:9:"汕头市";b:1;s:9:"佛山市";b:1;s:9:"江门市";b:1;s:9:"湛江市";b:1;s:9:"茂名市";b:1;s:9:"肇庆市";b:1;s:9:"惠州市";b:1;s:9:"梅州市";b:1;s:9:"汕尾市";b:1;s:9:"河源市";b:1;s:9:"阳江市";b:1;s:9:"清远市";b:1;s:9:"东莞市";b:1;s:9:"中山市";b:1;s:9:"潮州市";b:1;s:9:"揭阳市";b:1;s:9:"云浮市";b:1;}s:21:"广西壮族自治区";a:14:{s:9:"南宁市";b:1;s:9:"柳州市";b:1;s:9:"桂林市";b:1;s:9:"梧州市";b:1;s:9:"北海市";b:1;s:12:"防城港市";b:1;s:9:"钦州市";b:1;s:9:"贵港市";b:1;s:9:"玉林市";b:1;s:9:"百色市";b:1;s:9:"贺州市";b:1;s:9:"河池市";b:1;s:9:"来宾市";b:1;s:9:"崇左市";b:1;}s:9:"海南省";a:2:{s:9:"海口市";b:1;s:9:"三亚市";b:1;}}'),
(5, 3, '东北', 50, '包括辽宁，吉林，黑龙江', 'a:3:{s:9:"辽宁省";a:14:{s:9:"沈阳市";b:1;s:9:"大连市";b:1;s:9:"鞍山市";b:1;s:9:"抚顺市";b:1;s:9:"本溪市";b:1;s:9:"丹东市";b:1;s:9:"锦州市";b:1;s:9:"营口市";b:1;s:9:"阜新市";b:1;s:9:"辽阳市";b:1;s:9:"盘锦市";b:1;s:9:"铁岭市";b:1;s:9:"朝阳市";b:1;s:12:"葫芦岛市";b:1;}s:9:"吉林省";a:9:{s:9:"长春市";b:1;s:9:"吉林市";b:1;s:9:"四平市";b:1;s:9:"辽源市";b:1;s:9:"通化市";b:1;s:9:"白山市";b:1;s:9:"松原市";b:1;s:9:"白城市";b:1;s:24:"延边朝鲜族自治州";b:1;}s:12:"黑龙江省";a:13:{s:12:"哈尔滨市";b:1;s:15:"齐齐哈尔市";b:1;s:9:"鸡西市";b:1;s:9:"鹤岗市";b:1;s:12:"双鸭山市";b:1;s:9:"大庆市";b:1;s:9:"伊春市";b:1;s:12:"佳木斯市";b:1;s:12:"七台河市";b:1;s:12:"牡丹江市";b:1;s:9:"黑河市";b:1;s:9:"绥化市";b:1;s:18:"大兴安岭地区";b:1;}}'),
(6, 3, '西北', 60, '包括陕西，甘肃，宁夏，青海，新疆', 'a:5:{s:9:"陕西省";a:10:{s:9:"西安市";b:1;s:9:"铜川市";b:1;s:9:"宝鸡市";b:1;s:9:"咸阳市";b:1;s:9:"渭南市";b:1;s:9:"延安市";b:1;s:9:"汉中市";b:1;s:9:"榆林市";b:1;s:9:"安康市";b:1;s:9:"商洛市";b:1;}s:9:"甘肃省";a:14:{s:9:"兰州市";b:1;s:12:"嘉峪关市";b:1;s:9:"金昌市";b:1;s:9:"白银市";b:1;s:9:"天水市";b:1;s:9:"武威市";b:1;s:9:"张掖市";b:1;s:9:"平凉市";b:1;s:9:"酒泉市";b:1;s:9:"庆阳市";b:1;s:9:"定西市";b:1;s:9:"陇南市";b:1;s:21:"临夏回族自治州";b:1;s:21:"甘南藏族自治州";b:1;}s:9:"青海省";a:8:{s:9:"西宁市";b:1;s:12:"海东地区";b:1;s:21:"海北藏族自治州";b:1;s:21:"黄南藏族自治州";b:1;s:21:"海南藏族自治州";b:1;s:21:"果洛藏族自治州";b:1;s:21:"玉树藏族自治州";b:1;s:30:"海西蒙古族藏族自治州";b:1;}s:21:"宁夏回族自治区";a:5:{s:9:"银川市";b:1;s:12:"石嘴山市";b:1;s:9:"吴忠市";b:1;s:9:"固原市";b:1;s:9:"中卫市";b:1;}s:24:"新疆维吾尔自治区";a:18:{s:15:"乌鲁木齐市";b:1;s:15:"克拉玛依市";b:1;s:15:"吐鲁番地区";b:1;s:12:"哈密地区";b:1;s:21:"昌吉回族自治州";b:1;s:27:"博尔塔拉蒙古自治州";b:1;s:27:"巴音郭楞蒙古自治州";b:1;s:15:"阿克苏地区";b:1;s:33:"克孜勒苏柯尔克孜自治州";b:1;s:12:"喀什地区";b:1;s:12:"和田地区";b:1;s:24:"伊犁哈萨克自治州";b:1;s:12:"塔城地区";b:1;s:15:"阿勒泰地区";b:1;s:12:"石河子市";b:1;s:12:"阿拉尔市";b:1;s:15:"图木舒克市";b:1;s:12:"五家渠市";b:1;}}'),
(7, 3, '西南', 70, '包括重庆，云南，贵州，西藏，四川', 'a:5:{s:9:"重庆市";a:1:{s:9:"重庆市";b:1;}s:9:"四川省";a:21:{s:9:"成都市";b:1;s:9:"自贡市";b:1;s:12:"攀枝花市";b:1;s:9:"泸州市";b:1;s:9:"德阳市";b:1;s:9:"绵阳市";b:1;s:9:"广元市";b:1;s:9:"遂宁市";b:1;s:9:"内江市";b:1;s:9:"乐山市";b:1;s:9:"南充市";b:1;s:9:"眉山市";b:1;s:9:"宜宾市";b:1;s:9:"广安市";b:1;s:9:"达州市";b:1;s:9:"雅安市";b:1;s:9:"巴中市";b:1;s:9:"资阳市";b:1;s:27:"阿坝藏族羌族自治州";b:1;s:21:"甘孜藏族自治州";b:1;s:21:"凉山彝族自治州";b:1;}s:9:"贵州省";a:9:{s:9:"贵阳市";b:1;s:12:"六盘水市";b:1;s:9:"遵义市";b:1;s:9:"安顺市";b:1;s:12:"铜仁地区";b:1;s:33:"黔西南布依族苗族自治州";b:1;s:12:"毕节地区";b:1;s:30:"黔东南苗族侗族自治州";b:1;s:30:"黔南布依族苗族自治州";b:1;}s:9:"云南省";a:16:{s:9:"昆明市";b:1;s:9:"曲靖市";b:1;s:9:"玉溪市";b:1;s:9:"保山市";b:1;s:9:"昭通市";b:1;s:9:"丽江市";b:1;s:9:"思茅市";b:1;s:9:"临沧市";b:1;s:21:"楚雄彝族自治州";b:1;s:30:"红河哈尼族彝族自治州";b:1;s:27:"文山壮族苗族自治州";b:1;s:27:"西双版纳傣族自治州";b:1;s:21:"大理白族自治州";b:1;s:30:"德宏傣族景颇族自治州";b:1;s:24:"怒江傈僳族自治州";b:1;s:21:"迪庆藏族自治州";b:1;}s:15:"西藏自治区";a:7:{s:9:"拉萨市";b:1;s:12:"昌都地区";b:1;s:12:"山南地区";b:1;s:15:"日喀则地区";b:1;s:12:"那曲地区";b:1;s:12:"阿里地区";b:1;s:12:"林芝地区";b:1;}}'),
(8, 3, '港澳台', 80, '包括包港，澳门，台湾', 'a:3:{s:21:"香港特别行政区";a:1:{s:21:"香港特别行政区";b:1;}s:21:"澳门特别行政区";a:1:{s:21:"澳门特别行政区";b:1;}s:9:"台湾省";a:1:{s:9:"台湾省";b:1;}}'),
(10, 1, 'zoom1', 10, '广东深圳', 'a:1:{s:9:"广东省";a:1:{s:9:"深圳市";b:1;}}'),
(11, 1, 'zoom2', 20, '福建及广东', 'a:2:{s:9:"福建省";a:9:{s:9:"福州市";b:1;s:9:"厦门市";b:1;s:9:"莆田市";b:1;s:9:"三明市";b:1;s:9:"泉州市";b:1;s:9:"漳州市";b:1;s:9:"南平市";b:1;s:9:"龙岩市";b:1;s:9:"宁德市";b:1;}s:9:"广东省";a:20:{s:9:"广州市";b:1;s:9:"韶关市";b:1;s:9:"珠海市";b:1;s:9:"汕头市";b:1;s:9:"佛山市";b:1;s:9:"江门市";b:1;s:9:"湛江市";b:1;s:9:"茂名市";b:1;s:9:"肇庆市";b:1;s:9:"惠州市";b:1;s:9:"梅州市";b:1;s:9:"汕尾市";b:1;s:9:"河源市";b:1;s:9:"阳江市";b:1;s:9:"清远市";b:1;s:9:"东莞市";b:1;s:9:"中山市";b:1;s:9:"潮州市";b:1;s:9:"揭阳市";b:1;s:9:"云浮市";b:1;}}'),
(12, 4, '一线城市', 10, '', 'a:4:{s:9:"北京市";a:1:{s:9:"北京市";b:1;}s:9:"天津市";a:1:{s:9:"天津市";b:1;}s:9:"上海市";a:1:{s:9:"上海市";b:1;}s:9:"广东省";a:1:{s:9:"深圳市";b:1;}}'),
(24, 4, '偏远地区', 20, '', 'a:1:{s:24:"新疆维吾尔自治区";a:18:{s:15:"乌鲁木齐市";b:1;s:15:"克拉玛依市";b:1;s:15:"吐鲁番地区";b:1;s:12:"哈密地区";b:1;s:21:"昌吉回族自治州";b:1;s:27:"博尔塔拉蒙古自治州";b:1;s:27:"巴音郭楞蒙古自治州";b:1;s:15:"阿克苏地区";b:1;s:33:"克孜勒苏柯尔克孜自治州";b:1;s:12:"喀什地区";b:1;s:12:"和田地区";b:1;s:24:"伊犁哈萨克自治州";b:1;s:12:"塔城地区";b:1;s:15:"阿勒泰地区";b:1;s:12:"石河子市";b:1;s:12:"阿拉尔市";b:1;s:15:"图木舒克市";b:1;s:12:"五家渠市";b:1;}}');

-- --------------------------------------------------------

--
-- 表的结构 `qinggan_gateway`
--

CREATE TABLE IF NOT EXISTS `qinggan_gateway` (
  `id` int(10) unsigned NOT NULL AUTO_INCREMENT COMMENT '自增ID',
  `site_id` int(10) unsigned NOT NULL DEFAULT '0' COMMENT '站点ID，为0表示所有站点可用',
  `status` tinyint(1) unsigned NOT NULL DEFAULT '0' COMMENT '0不可用1可用',
  `is_default` tinyint(1) unsigned NOT NULL DEFAULT '0' COMMENT '1表示默认使用',
  `type` varchar(50) NOT NULL COMMENT '类型，gateway文件夹的子文件夹',
  `code` varchar(50) NOT NULL COMMENT '路由引挈',
  `title` varchar(255) NOT NULL COMMENT '名称',
  `taxis` tinyint(3) unsigned NOT NULL DEFAULT '255' COMMENT '排序',
  `note` varchar(255) NOT NULL COMMENT '功能备注',
  `ext` text NOT NULL COMMENT '扩展参数',
  PRIMARY KEY (`id`)
) ENGINE=MyISAM  DEFAULT CHARSET=utf8 COMMENT='第三方网关路由引挈' AUTO_INCREMENT=13 ;

--
-- 转存表中的数据 `qinggan_gateway`
--

INSERT INTO `qinggan_gateway` (`id`, `site_id`, `status`, `is_default`, `type`, `code`, `title`, `taxis`, `note`, `ext`) VALUES
(1, 1, 1, 0, 'sms', 'duanxincm', '莫名短信', 10, '', 'a:4:{s:7:"account";s:8:"70206743";s:8:"password";s:8:"40782502";s:6:"server";s:22:"http://api.duanxin.cm/";s:6:"mobile";s:11:"15818533971";}'),
(3, 1, 1, 1, 'email', 'smtp', 'SMTP邮件发送', 10, '', 'a:8:{s:6:"server";s:11:"smtp.qq.com";s:4:"port";s:2:"25";s:7:"account";s:15:"admin@phpok.com";s:8:"password";s:0:"";s:7:"charset";s:4:"utf8";s:3:"ssl";s:2:"no";s:8:"fullname";s:9:"苏相锟";s:5:"email";s:15:"admin@phpok.com";}'),
(12, 1, 1, 1, 'sms', 'aliyun', '阿里云消息服务', 5, '', 'a:6:{s:6:"appkey";s:16:"LTAIHnEvclNZ02QR";s:9:"appsecret";s:30:"7r3f8vKtPxZL7yoz1AzLLTMapd3LrI";s:6:"server";s:45:"http://30526616.mns.cn-hangzhou.aliyuncs.com/";s:8:"mnstitle";s:21:"sms.topic-cn-hangzhou";s:7:"signame";s:12:"锟铻科技";s:6:"mobile";s:11:"15818533971";}');

-- --------------------------------------------------------

--
-- 表的结构 `qinggan_gd`
--

CREATE TABLE IF NOT EXISTS `qinggan_gd` (
  `id` mediumint(8) unsigned NOT NULL AUTO_INCREMENT COMMENT '自增ID号',
  `identifier` varchar(100) NOT NULL COMMENT '标识串',
  `width` int(10) unsigned NOT NULL DEFAULT '0' COMMENT '图片宽度',
  `height` int(10) unsigned NOT NULL DEFAULT '0' COMMENT '图片高度',
  `mark_picture` varchar(255) NOT NULL COMMENT '水印图片位置',
  `mark_position` varchar(100) NOT NULL COMMENT '水印位置',
  `cut_type` tinyint(1) unsigned NOT NULL DEFAULT '0' COMMENT '图片生成方式，支持缩放法、裁剪法、等宽、等高及自定义五种，默认使用缩放法',
  `quality` tinyint(3) unsigned NOT NULL DEFAULT '100' COMMENT '图片生成质量，默认是100',
  `bgcolor` varchar(10) NOT NULL DEFAULT 'FFFFFF' COMMENT '补白背景色，默认是白色',
  `trans` tinyint(3) unsigned NOT NULL DEFAULT '65' COMMENT '透明度',
  `editor` tinyint(1) unsigned NOT NULL DEFAULT '0' COMMENT '0普通1默认插入编辑器',
  PRIMARY KEY (`id`)
) ENGINE=MyISAM  DEFAULT CHARSET=utf8 COMMENT='上传图片自动生成方案' AUTO_INCREMENT=30 ;

--
-- 转存表中的数据 `qinggan_gd`
--

INSERT INTO `qinggan_gd` (`id`, `identifier`, `width`, `height`, `mark_picture`, `mark_position`, `cut_type`, `quality`, `bgcolor`, `trans`, `editor`) VALUES
(2, 'thumb', 320, 320, '', 'bottom-right', 1, 80, 'FFFFFF', 0, 0),
(12, 'auto', 0, 0, 'res/201502/26/36afa2d3dfe37cbd.png', 'bottom-right', 0, 80, 'FFFFFF', 0, 1);

-- --------------------------------------------------------

--
-- 表的结构 `qinggan_list`
--

CREATE TABLE IF NOT EXISTS `qinggan_list` (
  `id` int(10) unsigned NOT NULL AUTO_INCREMENT COMMENT '自增ID号',
  `parent_id` int(10) unsigned NOT NULL DEFAULT '0' COMMENT '0为根主题，其他ID对应list表的id字段',
  `cate_id` mediumint(8) unsigned NOT NULL DEFAULT '0' COMMENT '分类ID',
  `module_id` mediumint(8) unsigned NOT NULL DEFAULT '0' COMMENT '模块ID',
  `project_id` mediumint(8) unsigned NOT NULL DEFAULT '0' COMMENT '项目ID',
  `site_id` mediumint(8) unsigned NOT NULL COMMENT '网站ID',
  `title` varchar(255) NOT NULL COMMENT '主题',
  `dateline` int(10) unsigned NOT NULL DEFAULT '0' COMMENT '发布时间',
  `sort` int(11) NOT NULL DEFAULT '0' COMMENT '排序',
  `status` tinyint(1) unsigned NOT NULL DEFAULT '0' COMMENT '0未审核，1已审核',
  `hidden` tinyint(1) unsigned NOT NULL DEFAULT '0' COMMENT '0显示，1隐藏',
  `hits` int(10) unsigned NOT NULL DEFAULT '0' COMMENT '查看次数',
  `tpl` varchar(255) NOT NULL COMMENT '自定义的模板',
  `seo_title` varchar(255) NOT NULL COMMENT 'SEO标题',
  `seo_keywords` varchar(255) NOT NULL COMMENT 'SEO关键字',
  `seo_desc` varchar(255) NOT NULL COMMENT 'SEO描述',
  `tag` varchar(255) NOT NULL COMMENT 'tag标签',
  `attr` varchar(255) NOT NULL COMMENT '主题属性',
  `replydate` int(10) unsigned NOT NULL DEFAULT '0' COMMENT '最后回复时间',
  `user_id` int(10) unsigned NOT NULL DEFAULT '0' COMMENT '会员ID号，为0表示管理员发布',
  `identifier` varchar(255) NOT NULL COMMENT '内容标识串',
  `integral` int(10) unsigned NOT NULL DEFAULT '0' COMMENT '财富基于，用于计算财富的基础量',
  PRIMARY KEY (`id`),
  KEY `project_id` (`project_id`),
  KEY `site_id` (`site_id`,`identifier`,`status`)
) ENGINE=MyISAM  DEFAULT CHARSET=utf8 COMMENT='内容主表' AUTO_INCREMENT=222087 ;

--
-- 转存表中的数据 `qinggan_list`
--

INSERT INTO `qinggan_list` (`id`, `parent_id`, `cate_id`, `module_id`, `project_id`, `site_id`, `title`, `dateline`, `sort`, `status`, `hidden`, `hits`, `tpl`, `seo_title`, `seo_keywords`, `seo_desc`, `tag`, `attr`, `replydate`, `user_id`, `identifier`, `integral`) VALUES
(1276, 0, 0, 21, 41, 1, '企业建站，我信赖PHPOK', 1394008409, 0, 1, 0, 0, '', '', '', '', '', '', 0, 0, '', 0),
(520, 0, 0, 23, 42, 1, '网站首页', 1380942032, 10, 1, 0, 0, '', '', '', '', '', '', 0, 0, '', 0),
(712, 0, 0, 23, 42, 1, '关于我们', 1383355821, 20, 1, 0, 0, '', '', '', '', '', '', 0, 0, '', 0),
(713, 0, 0, 23, 42, 1, '资讯中心', 1383355842, 30, 1, 0, 0, '', '', '', '', '', '', 0, 0, '', 0),
(714, 0, 0, 23, 42, 1, '产品展示', 1383355849, 40, 1, 0, 0, '', '', '', '', '', '', 0, 0, '', 0),
(716, 0, 0, 23, 42, 1, '在线留言', 1383355870, 60, 1, 0, 0, '', '', '', '', '', '', 0, 0, '', 0),
(1277, 0, 0, 21, 41, 1, '选择PHPOK，专业建站', 1394008434, 0, 1, 0, 0, '', '', '', '', '', '', 0, 0, '', 0),
(755, 712, 0, 23, 42, 1, '工作环境', 1383640450, 24, 1, 0, 0, '', '', '', '', '', '', 0, 0, '', 0),
(760, 713, 0, 23, 42, 1, '公司新闻', 1383815715, 10, 1, 0, 0, '', '', '', '', '', '', 0, 0, '', 0),
(761, 713, 0, 23, 42, 1, '行业新闻', 1383815736, 20, 1, 0, 0, '', '', '', '', '', '', 0, 0, '', 0),
(1252, 0, 0, 61, 142, 1, 'phpok官网', 1390465160, 0, 1, 0, 0, '', '', '', '', '', '', 0, 0, '', 0),
(1254, 712, 0, 23, 42, 1, '发展历程', 1392375210, 26, 1, 0, 0, '', '', '', '', '', '', 0, 0, '', 0),
(1256, 0, 0, 23, 42, 1, '图集相册', 1392375722, 70, 1, 0, 0, '', '', '', '', '', '', 0, 0, '', 0),
(1261, 0, 0, 61, 142, 1, '启邦互动', 1393321211, 0, 1, 0, 0, '', '', '', '', '', '', 0, 0, '', 0),
(1262, 0, 0, 61, 142, 1, '联迅网络', 1393321235, 0, 1, 0, 0, '', '', '', '', '', '', 0, 0, '', 0),
(1263, 0, 0, 61, 142, 1, '梦幻网络', 1393321258, 0, 1, 0, 0, '', '', '', '', '', '', 0, 0, '', 0),
(1264, 0, 0, 61, 142, 1, '中国站长站', 1393321288, 0, 1, 0, 0, '', '', '', '', '', '', 0, 0, '', 0),
(1265, 0, 0, 61, 142, 1, 'A5站长网', 1393321321, 0, 1, 0, 0, '', '', '', '', '', '', 0, 0, '', 0),
(1266, 0, 0, 61, 142, 1, '中国站长', 1393321365, 0, 1, 0, 0, '', '', '', '', '', '', 0, 0, '', 0),
(1267, 0, 0, 61, 142, 1, '落伍者', 1393321391, 0, 1, 0, 0, '', '', '', '', '', '', 0, 0, '', 0),
(1268, 0, 0, 61, 142, 1, '源码之家', 1393321413, 0, 1, 0, 0, '', '', '', '', '', '', 0, 0, '', 0),
(1767, 0, 211, 68, 144, 1, '华为P7', 1458701998, 0, 1, 0, 3, '', '', '', '', '', '', 0, 0, '', 0),
(1768, 0, 211, 68, 144, 1, '魅族MX5', 1458702037, 0, 1, 0, 5, '', '', '', '', '', '', 0, 0, '', 0),
(1766, 0, 211, 68, 144, 1, 'vivo Xplay5', 1458701947, 0, 1, 0, 0, '', '', '', '', '', '', 0, 0, '', 0),
(1278, 0, 0, 21, 41, 1, '开源精神，开创未来', 1394008456, 0, 1, 0, 0, '', '', '', '', '', '', 0, 0, '', 0),
(1285, 0, 0, 46, 96, 1, '测试留言', 1399239571, 0, 1, 0, 0, '', '', '', '', '', '', 0, 0, '', 0),
(1298, 0, 0, 23, 42, 1, '下载中心', 1409552212, 80, 1, 0, 0, '', '', '', '', '', '', 0, 0, '', 0),
(1299, 0, 0, 23, 42, 1, '论坛BBS', 1409552219, 90, 1, 0, 0, '', '', '', '', '', '', 0, 0, '', 0),
(1300, 0, 0, 23, 147, 1, '公司简介', 1409554964, 10, 1, 0, 0, '', '', '', '', '', '', 0, 0, '', 0),
(1301, 0, 0, 23, 147, 1, '发展历程', 1409554975, 20, 1, 0, 0, '', '', '', '', '', '', 0, 0, '', 0),
(1302, 0, 0, 23, 147, 1, '新闻中心', 1409554988, 30, 1, 0, 0, '', '', '', '', '', '', 0, 0, '', 0),
(1303, 0, 0, 23, 147, 1, '在线留言', 1409554999, 40, 1, 0, 0, '', '', '', '', '', '', 0, 0, '', 0),
(1304, 0, 0, 23, 147, 1, '联系我们', 1409555008, 50, 1, 0, 0, '', '', '', '', '', '', 0, 0, '', 0),
(1305, 0, 0, 64, 148, 1, 'PHPOK销售客服', 1409747629, 0, 1, 0, 0, '', '', '', '', '', '', 0, 0, '', 0),
(1753, 0, 582, 24, 45, 1, '小米(MI) 小米5 全网通4G手机 双卡双待', 1452570664, 0, 1, 0, 38, '', '', '', '', '', '', 0, 0, '', 0),
(1310, 0, 198, 65, 151, 1, '主题复制插件', 1412136071, 0, 1, 0, 84, '', '', '', '', '', '', 0, 0, '', 0),
(1311, 0, 204, 66, 152, 1, '测试论坛功能', 1412391521, 0, 1, 0, 10, '', '', '', '', '', '', 0, 23, '', 0),
(1334, 0, 204, 66, 152, 1, '测试', 1413063267, 0, 1, 0, 12, '', '', '', '', '', '', 0, 23, '', 0),
(1368, 0, 8, 22, 43, 1, 'EverEdit - 值得关注的代码编辑器', 1424912045, 0, 1, 0, 33, '', '', '', '', '', '', 0, 0, '', 0),
(1369, 0, 8, 22, 43, 1, '金山 WPS - 免费正版办公软件(支持Win/Linux/手机)', 1424916504, 0, 1, 0, 35, '', '', '', '', '', '', 1480329276, 0, '', 0),
(1370, 0, 68, 22, 43, 1, 'MySQL出错代码', 1424918437, 0, 1, 0, 44, '', '', '', '', '', '', 0, 0, '', 0),
(1371, 0, 68, 22, 43, 1, 'MySQL安装后需要调整什么?', 1424918471, 0, 1, 0, 28, '', '', '', '', '', '', 0, 0, '', 0),
(1769, 0, 211, 68, 144, 1, '小米5', 1458702065, 0, 1, 0, 7, '', '', '', '', '', '', 0, 0, '', 0),
(1765, 0, 211, 68, 144, 1, 'Apple iPhone 5SE', 1458701924, 0, 1, 0, 0, '', '', '', '', '', '', 0, 0, '', 0),
(1423, 0, 68, 22, 43, 1, '日本东京2020年奥运会主会场使用ETFE膜', 1398700800, 10, 1, 0, 521, '', '', '', '', '', '', 0, 0, '', 0),
(1427, 0, 0, 64, 148, 1, '前台客服', 1446469762, 0, 1, 0, 0, '', '', '', '', '', '', 0, 0, '', 0),
(1756, 0, 0, 40, 87, 1, '公司简介', 1458467228, 10, 1, 0, 107, '', '', '', '', '', '', 0, 0, 'aboutus', 0),
(1757, 0, 0, 40, 87, 1, '联系我们', 1458474081, 40, 1, 0, 19, '', '', '', '', '', '', 0, 0, 'contactus', 0),
(1758, 0, 0, 40, 87, 1, '发展历程', 1458486519, 20, 1, 0, 25, '', '', '', '', '', '', 0, 0, 'development-course', 0),
(1759, 0, 0, 40, 87, 1, '工作环境', 1458486574, 30, 1, 0, 33, '', '', '', '', '', '', 0, 0, 'work', 0),
(1760, 0, 583, 24, 45, 1, '魅族 MX5 移动联通双4G手机 双卡双待', 1458626730, 0, 1, 0, 262, '', '', '', '', '', '', 0, 0, '', 0),
(1761, 0, 584, 24, 45, 1, '华为 P7 移动4G手机', 1458667195, 0, 1, 0, 18, '', '', '', '', '', '', 0, 0, '', 0),
(1762, 0, 585, 24, 45, 1, 'vivo Xplay5 全网通4G手机 4GB+128GB 双卡双待', 1458668060, 0, 1, 0, 22, '', '', '', '', '', '', 1480393813, 0, '', 0),
(1763, 0, 216, 24, 45, 1, 'Apple iPhone 5SE 16G 移动联通电信4G手机', 1458669038, 0, 1, 0, 282, '', '', '', '', '', '', 1480398396, 0, '', 0),
(1772, 0, 0, 61, 142, 1, 'PHPOK.Com', 1459324936, 0, 1, 0, 0, '', '', '', '', '', '', 0, 23, '', 0),
(1802, 0, 0, 75, 386, 1, 'P2016033177U00023001', 1465808130, 0, 1, 0, 2, '', '', '', '', '', '', 0, 23, '', 0),
(1854, 0, 204, 66, 152, 1, '测试新主题', 1498026275, 0, 1, 0, 12, '', '', '', '', '', '', 0, 23, '', 0),
(222081, 0, 204, 66, 152, 1, '一模一样dg', 1503908307, 0, 1, 0, 5, '', '', '', '', '', '', 1508737010, 23, '', 0),
(222082, 0, 204, 66, 152, 1, '栽植', 1503909184, 0, 1, 0, 0, '', '', '', '', '', '', 0, 23, '', 0),
(222083, 0, 0, 87, 396, 1, '道情.flv', 1505293298, 0, 1, 0, 0, '', '', '', '', '', '', 0, 0, '', 0),
(222084, 0, 0, 87, 396, 1, '测试的视频', 1505298905, 0, 1, 0, 0, '', '', '', '', '', '', 0, 0, '', 0);

-- --------------------------------------------------------

--
-- 表的结构 `qinggan_list_21`
--

CREATE TABLE IF NOT EXISTS `qinggan_list_21` (
  `id` int(10) unsigned NOT NULL DEFAULT '0' COMMENT '主题ID',
  `site_id` mediumint(8) unsigned NOT NULL DEFAULT '0' COMMENT '网站ID',
  `project_id` mediumint(8) unsigned NOT NULL DEFAULT '0' COMMENT '项目ID',
  `cate_id` mediumint(8) unsigned NOT NULL DEFAULT '0' COMMENT '主分类ID',
  `link` longtext NOT NULL COMMENT '链接',
  `target` varchar(255) NOT NULL DEFAULT '_self' COMMENT '链接方式',
  `pic` varchar(255) NOT NULL DEFAULT '' COMMENT '图片',
  PRIMARY KEY (`id`),
  KEY `site_id` (`site_id`,`project_id`,`cate_id`)
) ENGINE=MyISAM DEFAULT CHARSET=utf8 COMMENT='图片播放器';

--
-- 转存表中的数据 `qinggan_list_21`
--

INSERT INTO `qinggan_list_21` (`id`, `site_id`, `project_id`, `cate_id`, `link`, `target`, `pic`) VALUES
(1276, 1, 41, 0, 'http://www.phpok.com', '_blank', '1007'),
(1277, 1, 41, 0, 'http://www.phpok.com', '_blank', '1007'),
(1278, 1, 41, 0, 'http://www.phpok.com', '_blank', '1008');

-- --------------------------------------------------------

--
-- 表的结构 `qinggan_list_22`
--

CREATE TABLE IF NOT EXISTS `qinggan_list_22` (
  `id` int(10) unsigned NOT NULL DEFAULT '0' COMMENT '主题ID',
  `site_id` mediumint(8) unsigned NOT NULL DEFAULT '0' COMMENT '网站ID',
  `project_id` mediumint(8) unsigned NOT NULL DEFAULT '0' COMMENT '项目ID',
  `cate_id` mediumint(8) unsigned NOT NULL DEFAULT '0' COMMENT '主分类ID',
  `thumb` varchar(255) NOT NULL DEFAULT '' COMMENT '缩略图',
  `content` longtext NOT NULL COMMENT '内容',
  `note` longtext NOT NULL COMMENT '摘要',
  `plugin_vote` int(11) NOT NULL DEFAULT '0' COMMENT '插件投票统计-plugin-vote',
  PRIMARY KEY (`id`),
  KEY `site_id` (`site_id`,`project_id`,`cate_id`)
) ENGINE=MyISAM DEFAULT CHARSET=utf8 COMMENT='文章资讯';

--
-- 转存表中的数据 `qinggan_list_22`
--

INSERT INTO `qinggan_list_22` (`id`, `site_id`, `project_id`, `cate_id`, `thumb`, `content`, `note`, `plugin_vote`) VALUES
(1368, 1, 43, 8, '724', '<p style="text-align: center;"><img src="res/201502/26/auto_724.jpg" alt="auto_724.jpg"/></p><p>Everedit 结合众多编辑器的特点开发出的兼顾性能和使用、小巧的、强悍的文本编辑器。</p><blockquote><p>首先，要能够支持多种文档编码，显示和输入的时候不应该乱码。</p><p>其次，要能够对于常见的代码进行着色和自定义。</p><p>再者，要能够自定义键盘和工具等。</p></blockquote><p>对于绝大多数人而言，上面的功能就足够了。那么对于进阶者，可能要求更高一些。比如对于着色，有的人希望着色能够足够强大，显示自己定义的日记格式、折叠等；对于键盘，有的人希望能够多个按键组合触发命令，甚至模拟一些终端编辑器的操作，比如&nbsp;VIM，高手还希望这个编辑器的自定义性足够强，可玩度高，能够支持脚本和插件等等。那么很高兴的告诉大家，Everedit具备上面无论是初学者还是高手所期望的全部功能，而且非常的小巧，压缩包只有3M左右，无论是冷启动还是热启动都非常的迅速。</p><p>因为作者初开发这个目的就是做一个强化的 Editplus。所以在 Everedit 的身上，您能够找到很多这个编辑器的影子！</p><p>官网地址：<a href="http://www.everedit.net/" target="_blank" textvalue="http://www.everedit.net/" style="color: rgb(255, 0, 0); text-decoration: underline;"><span style="color: rgb(255, 0, 0);">http://www.everedit.net/</span></a></p><p><br/></p>', 'EverEdit 是一款相当优秀国产的免费文本(代码)编辑器，最初这项目是为了解决 EditPlus 的一些不足并增强其功能而开始的，比如 Editplus 的着色器较为简陋，无法进行复杂着色，如markdown语法; 也不支持自动完成, 还有多点 Snippet 等等。', 0),
(1369, 1, 43, 8, '725', '<p style="text-align: center;"><img src="res/201502/26/auto_725.jpg" alt="auto_725.jpg"/></p><p>一直以来办公软件市场份额都是被微软的 Office&nbsp;牢牢占据，但其价格较贵，国内大多都是用着盗版。其实国产免费的 WPS 已经完完全全可以和Office媲美，且完美兼容各种doc、docx、xls、xlsx、ppt等微软文档格式！</p><p>金山 WPS Office 作为优秀免费国产软件，一直在用户中口碑相当好！它完全免费，体积小巧，跨平台支持Win、Linux、Android 和 iOS，兼容微软包括最新的&nbsp;Office2013&nbsp;在内的各种文档格式，几乎可以完美替代收费的&nbsp;Office。另外&nbsp;WPS 新增了用于协同工作的「轻办公」，适合国情的大量在线模版、范文、素材库等也都让其更加适合国人使用……</p><p>WPS Office 全面采用了「扁平化」界面设计，看起来非常专业时尚！它包含3个主要组件：文字、表格和演示，分别对应微软 MS Office 的 Word、Excel和PowerPoint，并且针对国内用户的习惯，WPS提供更多适合国人使用的模版。在界面和操作使用上也很相似，如果你习惯了用Office，那么你几乎可以不用重新学习即可马上熟练使用WPS。</p><p>WPS Office 深度兼容 Microsoft Office 的文档格式，你可以直接保存和打开 Microsoft Word、Excel 和 PowerPoint 文件；也可以用 Microsoft Office轻松编辑 WPS 系列文档。经测试，微软新的 docx、xlsx等格式打开都非常正常，兼容接近完美。</p><p>目前金山 WPS 已经提供了包括 Windows、Linux、Android 和 iOS 等系统的版本，而且它们通过轻办公的云服务将用户文档完全打通，轻松实现随时随地的移动办公，相比目前市面上很多 Office 类的软件都要方便得多。</p><p>对于非重度办公的用户而言，金山WPS&nbsp;和&nbsp;微软Office&nbsp;在界面和使用上其实并没有很大的差别，由于WPS有着良好的兼容性，实测几乎所有文档均能正常打开，完全可以替代MS Office。具体 WPS 和 MS Office 的技术谁更先进其实我们并不需要了解，免费好用才是王道！免去什么激活啊，什么注册码的麻烦，直接安装就可以免费使用，随时升级，这省下多少心呢！</p><p>最后，感谢金山给国人带来如此优秀实用的一款免费正版办公软件！</p>', '一直以来办公软件市场份额都是被微软的 Office 牢牢占据，但其价格较贵，国内大多都是用着盗版。其实国产免费的 WPS 已经完完全全可以和Office媲美，且完美兼容各种doc、docx、xls、xlsx、ppt等微软文档格式！', 0),
(1370, 1, 43, 68, '', '<p>1005：创建表失败</p><p>1006：创建数据库失败</p><p>1007：数据库已存在，创建数据库失败</p><p>1008：数据库不存在，删除数据库失败</p><p>1009：不能删除数据库文件导致删除数据库失败</p><p>1010：不能删除数据目录导致删除数据库失败</p><p>1011：删除数据库文件失败</p><p>1012：不能读取系统表中的记录</p><p>1020：记录已被其他用户修改</p><p>1021：硬盘剩余空间不足，请加大硬盘可用空间</p><p>1022：关键字重复，更改记录失败</p><p>1023：关闭时发生错误</p><p>1024：读文件错误</p><p>1025：更改名字时发生错误</p><p>1026：写文件错误</p><p>1032：记录不存在</p><p>1036：数据表是只读的，不能对它进行修改</p><p>1037：系统内存不足，请重启数据库或重启服务器</p><p>1038：用于排序的内存不足，请增大排序缓冲区</p><p>1040：已到达数据库的最大连接数，请加大数据库可用连接数</p><p>1041：系统内存不足</p><p>1042：无效的主机名</p><p>1043：无效连接</p><p>1044：当前用户没有访问数据库的权限</p><p>1045：不能连接数据库，用户名或密码错误</p><p>1048：字段不能为空</p><p>1049：数据库不存在</p><p>1050：数据表已存在</p><p>1051：数据表不存在</p><p>1054：字段不存在</p><p>1065：无效的SQL语句，SQL语句为空</p><p>1081：不能建立Socket连接</p><p>1114：数据表已满，不能容纳任何记录</p><p>1116：打开的数据表太多</p><p>1129：数据库出现异常，请重启数据库</p><p>1130：连接数据库失败，没有连接数据库的权限</p><p>1133：数据库用户不存在</p><p>1141：当前用户无权访问数据库</p><p>1142：当前用户无权访问数据表</p><p>1143：当前用户无权访问数据表中的字段</p><p>1146：数据表不存在</p><p>1147：未定义用户对数据表的访问权限</p><p>1149：SQL语句语法错误</p><p>1158：网络错误，出现读错误，请检查网络连接状况</p><p>1159：网络错误，读超时，请检查网络连接状况</p><p>1160：网络错误，出现写错误，请检查网络连接状况</p><p>1161：网络错误，写超时，请检查网络连接状况</p><p>1062：字段值重复，入库失败</p><p>1169：字段值重复，更新记录失败</p><p>1177：打开数据表失败</p><p>1180：提交事务失败</p><p>1181：回滚事务失败</p><p>1203：当前用户和数据库建立的连接已到达数据库的最大连接数，请增大可用的数据库连接数或重启数据库</p><p>1205：加锁超时</p><p>1211：当前用户没有创建用户的权限</p><p>1216：外键约束检查失败，更新子表记录失败</p><p>1217：外键约束检查失败，删除或修改主表记录失败</p><p>1226：当前用户使用的资源已超过所允许的资源，请重启数据库或重启服务器</p><p>1227：权限不足，您无权进行此操作</p><p>1235：MySQL版本过低，不具有本功能</p><p><br/></p>', '', 0),
(1371, 1, 43, 68, '', '<p>面对MySQL的DBA或者做MySQL性能相关的工作的人，我最喜欢问的问题是，在MySQL服务器安装后，需要调整什么，假设是以缺省的设置安装的。</p><p>我很惊讶有非常多的人没有合理的回答，很多的MySQL服务器都在缺省的配置下运行。</p><p>尽管可以调整非常多的MySQL服务器变量，但是在通常情况下只有少数的变量是真正重要的。在设置完这些变量以后，其他变量的改动通常只能带来相对有限的性能改善。</p><p><strong>key_buffer_size</strong>：非常重要，如果使用MyISAM表。如果只使用MyISAM表，那么把它的值设置为可用内存的30%到40%。恰当的大小依赖索引的数量、数据量和负载 ----记住MyISAM使用操作系统的cache去缓存数据，所以也需要为它留出内存，而且数据通常比索引要大很多。然而需要查看是否所有的 key_buffer总是在被使用 ---- key_buffer为4G而.MYI文件只有1G的情况并不罕见。这样就有些浪费了。如果只是使用很少的MyISAM表，希望它的值小一些，但是仍然至少要设成16到32M，用于临时表（占用硬盘的）的索引。</p><p><strong>innodb_buffer_pool_size</strong>：非常重要，如果使用Innodb表。相对于MyISAM表而言，Innodb表对buffer size的大小更敏感。在处理大的数据集（data set）时，使用缺省的key_buffer_size和innodb_buffer_pool_size，MyISAM可能正常工作，而Innodb可能就是慢得像爬一样了。同时Innodb buffer pool缓存了数据和索引页，因此不需要为操作系统的缓存留空间，在只用Innodb的数据库服务器上，可以设成占内存的70%到80%。上面 key_buffer的规则也同样适用 ---- 如果只有小的数据集，而且也不会戏剧性地增大，那么不要把innodb_buffer_pool_size设得过大。因为可以更好地使用多余的内存。</p><p></p><p><strong>innodb_additional_pool_size</strong>：这个变量并不太影响性能，至少在有像样的（decent）内存分配的操作系统中是这样。但是仍然需要至少设为20MB（有时候更大），是Innodb分配出来用于处理一些杂事的。</p><p><strong>innodb_log_file_size</strong>：对于以写操作为主的负载(workload)非常重要，特别是数据集很大的时候。较大的值会提高性能，但增加恢复的时间。因此需要谨慎。我通常依据服务器的大小（server size）设置为64M到512M。</p><p><strong>innodb_log_buffer_size</strong>：缺省值在中等数量的写操作和短的事务的大多数负载情况下是够用的。如果有大量的UPDATE或者大量地使用blob，可能需要增加它的值。不要把它的值设得过多，否则会浪费内存--log buffer至少每秒刷新一次，没有必要使用超过一秒钟所需要的内存。8MB到16MB通常是足够的。小一些的安装应该使用更小的值。</p><p><strong>innodb_flush_logs_at_trx_commit</strong>：为Innodb比MyISAM慢100倍而哭泣？可能忘记了调整这个值。缺省值是1，即每次事务提交时都会把日志刷新到磁盘上，非常耗资源，特别是没有电池备份的cache时。很多应用程序，特别是那些从MyISAM表移植过来的，应该把它设成2。意味着只把日志刷新到操作系统的cache，而不刷新到磁盘。此时，日志仍然会每秒一次刷新到磁盘上，因此通常不会丢失超过1到2秒的更新。设成0会更快一些，但安全性差一些，在MySQL服务崩溃的时候，会丢失事务。设成2只会在操作系统崩溃的时候丢失数据。</p><p></p><p><strong>table_cache</strong>：打开表是昂贵的（耗资源）。例如，MyISAM表在MYI文件头做标记以标明哪些表正在使用。您不会希望这样的操作频繁发生，通常最好调整cache 大小，使其能够满足大多数打开的表的需要。它使用了一些操作系统的资源和内存，但是对于现代的硬件水平来说通常不是问题。对于一个使用几百个表的应用， 1024是一个合适的值（注意每个连接需要各自的缓存）。如果有非常多的连接或者非常多的表，则需要增大它的值。我曾经看到过使用超过100000的值。</p><p></p><p><strong>thread_cache</strong>：线程创建/销毁是昂贵的，它在每次连接和断开连接时发生。我通常把这个值至少设成16。如果应用有时会有大量的并发连接，并且可以看到 threads_created变量迅速增长，我就把它的值调高。目标是在通常的操作中不要有线程的创建。</p><p><strong>query_cache</strong>：如果应用是以读为主的，并且没有应用级的缓存，那么它会有很大帮助。不要把它设得过大，因为它的维护可能会导致性能下降。通常会设置在32M到 512M之间。设置好后，经过一段时间要进行检查，看看是否合适。对于某些工作负载，缓存命中率低于会就启用它。</p><p>注意：就像看到的，上面所说的都是全局变量。这些变量依赖硬件和存储引擎的使用，而会话级的变量（per session variables）则与特定的访问量(workload)相关。如果只是一些简单的查询，就没有必要增加sort_buffer_size，即使有 64G的内存让您去浪费。而且这样做还可能降低性能。我通常把调整会话级的变量放在第二步，在我分析了访问量（或负载）之后。</p><p>此外在MySQL分发版中包含了一些my.cnf文件的例子，可以作为非常好的模板去使用。如果能够恰当地从中选择一个，通常会比缺省值要好。</p>', '', 1),
(1399, 1, 43, 68, '', '<p ></p><ul><li >PTFE膜材&mdash;&mdash;耐久性强，使用寿命在30年以上</li><li >PTFE膜材&mdash;&mdash;是永久性建筑的首选材料</li><li >PTFE膜材&mdash;&mdash;超自洁，防火材料</li><li >PTFE膜材&mdash;&mdash;专业化的加工工艺，严格的施工规程<br /> 膜结构建筑中最常用的膜材料。PTFE膜材料是指在极细的玻璃纤维（3微米）编织成的基布上涂上PTFE（聚四氟乙烯）树脂而形成的复合材料。PVC膜材料是指在聚酯纤维编织的基布上涂上PVC（聚氟乙烯）树脂而形成的复合材料。</li></ul>', '', 0),
(1400, 1, 43, 68, '', '<p ></p><ul><li >PTFE膜材&mdash;&mdash;耐久性强，使用寿命在30年以上</li><li >PTFE膜材&mdash;&mdash;是永久性建筑的首选材料</li><li >PTFE膜材&mdash;&mdash;超自洁，防火材料</li><li >PTFE膜材&mdash;&mdash;专业化的加工工艺，严格的施工规程<br /> 膜结构建筑中最常用的膜材料。PTFE膜材料是指在极细的玻璃纤维（3微米）编织成的基布上涂上PTFE（聚四氟乙烯）树脂而形成的复合材料。PVC膜材料是指在聚酯纤维编织的基布上涂上PVC（聚氟乙烯）树脂而形成的复合材料。</li></ul>', '', 0),
(1401, 1, 43, 68, '', '<p ></p><pid="MyContent"><p>  2020年东京奥运会和残奥会筹备委员会公布了作为东京奥运会主会场的新国立竞技场的概念图。</p><p>　　国际奥委会全会当地时间9月7日在阿根廷首都布宜诺斯艾利斯投票选出2020年夏季奥运会的主办城市。日本东京最终击败西班牙马德里和土耳其伊斯坦布尔，获得2020年夏季奥运会举办权。</p><p></p><p ></p><p align="center"><img id="23416362" align="center" src="res/201509/02/1441090082_0_293.jpg" width="602" height="276" md5="" alt="" /></p><p align="center"></p><p ></p><p align="center"><img id="23416363" align="center" src="res/201509/02/1441090082_1_175.jpg" width="600" height="353" md5="" alt="" /></p><p align="center"></p><p ></p><p align="center"><img id="23416364" align="center" src="res/201509/02/1441090082_2_260.jpg" width="598" height="353" md5="" alt="" /></p><p align="center"></p><p align="center"></p><p >据了解，日本新国家体育场效果图是由东京奥运会审查委员会从全球募集的众多设计图中评选而出，该设计图出自的伊拉克女建筑家扎哈-哈迪德之手，从效果图来看，日本新国家体育场外观采用了全新的流线型设计，审查委员会给予了&ldquo;内部空间感强烈，与东京都城市空间相呼应&rdquo;、&ldquo;可开闭式天窗增加了体育场的实用性&rdquo;等高度评价。</p><p >根据计算，日本新国家体育场的扩建总花费将达到1300亿日元（约人民币78亿元），预计竣工时间为2019年3月，该体育场作为2020年东京奥运会比赛主会场，届时奥运会的开幕式、闭幕式、足球、田径等项目都将在该会场举行。</p><p ></p><p></p><p></p><p></p><p></p></p><p ></p>', '', 0),
(1402, 1, 43, 68, '', '<p ><span >2014年，建筑节能与科技工作按照党中央、国务院关于深化改革的总体要求，围绕贯彻落实党的十八大、十八届三中全会关于生态文明建设的战略部署和住房城乡建设领域中心工作，创新机制、整合资源、提高效率、突出重点、以点带面，积极探索集约、智能、绿色、低碳的新型城镇化发展道路，着力抓好建筑节能和绿色建筑发展，努力发挥科技对提升行业发展水平的支撑和引领作用。</span></p><p >　　大力推进绿色建筑发展 实施&ldquo;建筑能效提升工程&rdquo;</p><p >　　研究制订&ldquo;建筑能效提升工程路线图&rdquo;，明确中长期发展目标、原则、总体思路和策略以及政策取向，为制订&ldquo;十三五&rdquo;建筑节能规划奠定基础。</p><p >　　继续抓好《绿色建筑行动方案》的贯彻落实工作。继续实施绿色生态城区示范，加大绿色建筑和绿色基础设施建设推广力度，强化质量管理。重点做好政府办公建筑、政府投资的学校、医院、保障性住房等公益性建筑强制执行绿色建筑标准工作。</p><p >　　稳步提升新建建筑节能质量和水平。做好新修订发布的民用建筑节能设计标准贯彻实施工作。加大抓好新建建筑在施工阶段执行标准的监管力度。总结国际国内先进经验，开展高标准建筑节能示范区试点。强化民用建筑规划阶段节能审查、节能评估、民用建筑节能信息公示、能效测评标识等制度。</p><p >　　继续开展既有居住建筑节能改造。确保完成北方采暖区既有居住建筑供热计量及节能改造1.7亿平方米以上，督促完成节能改造的既有居住建筑全部实行供热计量收费。力争完成夏热冬冷地区既有居住建筑节能改造1800万平方米以上。</p><p >　　提高公共建筑节能运行管理与改造水平。进一步做好省级公共建筑能耗动态监测平台建设工作。推动学校、医院等公益性行业和大型公共建筑节能运行与管理。指导各地分类制订公共建筑能耗限额标准，研究建立基于能耗限额的公共建筑节能管理制度。加快推行合同能源管理。积极探索能效交易等节能新机制。<img src="res/201509/02/1441090074_0_254.jpg" border="0" alt="" /></p><p >　　推进区域性可再生能源建筑规模化应用。总结光伏建筑一体化示范项目经验，扩大自发自用光伏建筑应用规模。继续抓好可再生能源示范省、市、县(区)工作，推动资源条件具备的省(区、市)针对成熟的可再生能源应用技术尽快制定强制性推广政策。</p><p >　　加强和完善绿色建筑评价管理工作。修订印发《绿色建筑评价标识管理办法》和《绿色建筑评价技术细则》。加大对绿色建筑标识评价的指导监督力度，加强绿色建筑评价标准贯彻实施培训，引导和支持地方出台鼓励绿色建筑发展的政策措施。</p><p ><span >转载钢构之窗</span></p>', '', 0),
(1403, 1, 43, 68, '', '<p ><span >建筑钢结构的发展揭开城市发展新篇章</span></p><p ><br /><br /> 建筑钢结构产业的发展是我国经济实力和科技水平快速发展的具体体现。近年来，在高层重型钢结构、大跨度空间钢结构、轻钢结构、钢-混凝土组合结构、钢结构住宅的共同发展推动下，我国城市经济快速发展。这些钢结构的广泛运用展示和证明了它的建筑魅力，以及无限的发展空间。<br /><br /><strong>　　高层重型钢结构成为城市的重要标志<br /></strong><br />高层钢结构建筑是一个国家经济实力和科技水平的反映，也往往被当作是一个城市的重要标志性建筑。在超高层建筑中往往采用部分钢结构或全钢结构建造，超高层建筑的发展体现了我国建筑科技水平、材料工业水平和综合技术水平的提高。</p><p ><img src="res/201509/02/1441090069_0_873.jpg" alt="" /></p><p >　　建筑钢结构揭开城市发展新篇章</p><p >　　从20世纪80年代至今我国已建成和在建高层钢结构达80多幢，总面积约600万平方米，钢材用量60多万吨。高层、超高层建筑的楼板和屋盖具有很大的平面刚度，是竖向钢柱与剪力墙或筒体的平面抗侧力构件，能使钢柱与各竖向构件起到变形协调作用。北京和上海新建和在建高层钢结构房屋数量超过了10幢。如上海环球金融中心101层，高492米，用钢量6.5万吨，中关村金融中心建筑面积11万平方米，高度为150米，用钢量1.5万吨。今后，全国每年将有200万平方米至300万平方米高层钢结构建筑施工，用钢量约45万吨。<br /><br /><strong>　　大跨度空间钢结构持续发展</strong><br /><br />近年来，以网架和网壳为代表的空间结构继续大量发展，不仅用于民用建筑，而且用于工业厂房、候机楼、体育馆、大剧院、博物馆等。开发空间钢结构的新材料、新结构、新技术、新节点、新工艺，实现大跨度与超大跨度空间钢结构的抗风抗震工程建设。展望未来，应在重点、热点、难点的科技领域开拓和发展各类新型、适用、美观的空间钢结构，并且无论在使用范围、结构型式、安装施工工法等方面均具有中国建筑结构的特色。如杭州、成都、西安、长春、上海、北京、武汉、济南、郑州等地的飞机航站楼、机库、会展中心等建筑，都采用圆钢管、矩型钢管制作为空间桁架、拱架及斜拉网架结构，其新颖和富有现代特色的风格使它们成为所在中心城市的标志性建筑。<br /><br />据中国钢结构协会空间结构分会统计：网架和网壳的生产已趋于平稳状态，每年建造1500座，约250万平方米，用钢约7万吨，悬索和膜结构目前处于发展阶段，用量还不大，专家预计每年将以20%的速度增加。随着我国经济建设的蓬勃发展和人民生活水平的不断提高，根据实际需要将在我国研究、设计、制作和安装150米至200米，甚至将大于200米的大跨度与超跨度的空间钢结构。</p><p ><strong>　揭开轻</strong><strong>钢结构</strong><strong>新的篇章</strong><br /><br />轻钢结构是相对于重钢结构而言的，其类型有门式刚架、拱型波纹钢屋盖结构等，用钢量（不含钢筋用量）一般为每平方米30公斤。门式刚架房屋跨度一般不超过40米，个别达到70多米，单跨或多跨均用，以单层为主，也可用于二层或三层建筑，拱型波纹钢屋盖结构跨度一般为8米，每平方米自重仅为20公斤，每年增长约100万平方米，用钢4万吨。门式刚架和拱型波纹钢屋盖都有相应的设计施工规程、专用软件和通用图集。<br /><br />自进入20世纪90年代以来，我国钢结构建筑的发展十分迅速，特别是一些代表城市标志性高层建筑的建成，为钢结构在我国的发展揭开了新的一页。如世界第三高的金茂大厦已竣工，现已投入运营。据了解，世界第一高度的上海浦东环球金融中心，高460米，建筑面积为31万平方米，现正在加紧建设中。由外商投资的大连总统大厦，正在加紧筹建之中，共95层，建成后其高度将名列世界前茅。</p><p ></p><p ><img src="res/201509/02/1441090069_1_435.jpg" alt="" /></p><p >　　建筑钢结构的发展 揭开城市发展新篇章</p><p ><br /><br />轻钢结构的发展则更是如火如荼，特别在工业厂房的建设中则更为迅猛。从钢结构制造加施工企业数量的大幅增长就可见一斑，如上海市的钢结构制造和施工单位已由原来的几十家发展到现在的400多家，仅上海的宝钢地区就有近百家的钢结构制造厂。<br /><br /><strong>　　钢-混凝土组合结构发展迅速</strong><br /><br />钢-混凝土组合结构是充分发挥钢材和混凝土两种材料各自优点的合理组合，不但具有优良的静、动力工作性能，而且能大量节约钢材、降低工程造价和加快施工进度，同时，对环境污染也较小，符合我国建筑结构发展的方向。<br /><br />钢-混凝土组合结构在我国发展十分迅速，已广泛应用于冶金、造船、电力、交通等部门的建筑中，并以迅猛的势头进入桥梁工程和高层、超高层建筑中。<br /><br />我国已采用钢-混凝土组合结构建成了许多大型的公路拱桥，如广州丫鬓沙大桥，桥长360米，重庆万州长江大桥，跨度420米，前者为钢管混凝土拱桥，后者为劲性钢管混凝土骨架拱桥。全国建成的组合结构拱桥已超过300座。在高层建筑方面，建成了全部采用组合结构的超高层建筑--深圳赛格广场大厦，高291.6米，属世界最高的钢-混凝土组合结构。全国已建成的采用组合结构的高层建筑也已超过40幢。<br /><br />钢-混凝土组合中的薄壁型钢主要有百叶薄壁型钢和装配式薄壁型钢等形式。其中，许多类型均能与混凝土有效地结合，共同承受外界弯矩和剪力，有的类型为装配式截面，布置较为灵活，可适用于不同截面尺寸的轻钢组合梁，并可作为标准型材批量生产，但在浇混凝土之前必须用框架固定其形状，有的为箱形薄壁型钢截面，与混凝土的粘结性能较差，一般只起到模板的作用。此外，还可根据实际需要，在薄壁型钢混凝土梁中配置一定数量的纵向钢筋，以进一步提高其抗弯刚度和极限承载力。<br /><br /><strong>　　钢结构住宅的发展走向</strong><br /><br />钢结构住宅具有强度高、自重轻、抗震性能好、施工速度快、结构构件尺寸小、工业化程度高的特点，同时钢结构又是可重复利用的绿色环保材料，因此钢结构住宅符合国家产业政策的推广项目。随着国家禁用实心粘土砖和限制使用空心粘土砖政策的推出，加快住宅产业化进程、积极推广钢结构住宅体系已迫在眉睫。但我国的钢结构住宅尚处于探索起步阶段，这种体系在钢结构防火、梁柱节点做法、楼板形式、配套墙体材料、经济性及市场可接受程度上尚有许多不完善之处。<br /><br />因此，发挥钢结构住宅的自身优势，可提高住宅的综合效益：一是用钢结构建造的住宅重量是钢筋混凝土住宅重量的1/2左右，可满足住宅大开间的需要，使用率也比钢筋混凝土住宅提高4%左右。二是抗震性能好，其延性优于钢筋混凝土。从国内外震后调查结果看，钢结构住宅建筑倒塌数量是最少的。三是钢结构构件、墙板及有关部品都在工厂制作，其质量可靠，尺寸精确，安装方便，易与相关部品配合，因此，不仅减少了现场工作量，而且也缩短了施工工期。钢结构住宅工地实质上是工厂产品的组装和集成场所，再补充少量无法在工厂进行的工序项目，符合产业化的要求。四是钢结构住宅是环保型的建筑，可以回收循环利用，污染很少，符合推进住宅产业化和发展节能省地型住宅的国家政策。</p><p ></p>', '', 0),
(1404, 1, 43, 68, '', '<p ><p id="zoom2"><p><font3 face="Verdana"></font3>2013中国上海国际膜结构应用与工程技术展览</p><p><font3 face="Verdana"></font3>同期举办：第二十四届中国国际绿色建筑建材博览会<br /> 第十五届中国上海国际园林、景观及别墅配套设施展览会<br /> 时间：2013年8月15日-17日 地点：上海新国际博览中心（龙阳路2345号）<br /><span class="Apple-converted-space"></span><br /> 组织单位： 协办单位：<br /> 中国膜结构建筑行业专委会 上海市城乡建设和交通委员会<br /> 中国钢结构协会空间结构分会 中国房地产企业管理协会<br /> 中国风景园林绿化协会 上海市房地产协 <br /> 上海市园林景观学会 媒体推广：<br /> 香港博亚国际展览集团 中国膜结构网<br /> 承办单位： 《别墅》杂志<span class="Apple-converted-space"></span><br /> 上海京慕展览策划有限公司《景观设计》杂志<br /><span class="Apple-converted-space"></span><br /> 目前，在全球范围内索膜结构无论在工程界还是在科研领域均处于热潮中。近年来，我国建筑市场对索膜建筑技术的需求明显有大幅度增长的趋势，国外各大著名索膜技术专业公司纷纷登陆我国，刺激了我国索膜建筑事业的发展。现代建筑环境是现代城市，现代文化与社会，现代人的生活和观念的综合表象。展现人的个性化，自娱性和多元性环境空间方面，膜结构以其独具魅力的建筑形式，必将会在环境建设中得到越来越广泛的应用。由于新材料、新形式的不断出现，膜结构具有强大的生命力，必将是21世纪建筑结构发展的主流。它的应用范围不仅限于体育或展览建筑，已向房屋建筑的各个方面扩展，因而具有广阔的发展前景。在中国，膜结构的开发与研究还刚刚起步，因此当务之急是学习并引进国外先进技术，开发生产我国自己的膜材，解决设计中存在的问题，膜结构在中国也将会得到越来越多的应用。故此，特举办&ldquo;2013中国上海国际膜结构应用与工程技术展览会&rdquo;，为行业搭建一次合作、交流的平台。</p></p></p>', '', 0),
(1405, 1, 43, 68, '', '<p ><imgborder="0" alt="" width="913" height="4495" src="res/201509/02/1441090048_0_167.png" /></p>', '', 0),
(1406, 1, 43, 68, '', '<p >住建部发布了《城镇污水再生利用技术指南(试行)》(以下简称《技术指南》)用以指导城镇污水处理再生利用的规划、设施建设运行和管理。《技术指南》涵盖城镇污水再生利用技术路线、城镇污水再生处理技术、城镇污水再生处理工艺方案、城镇污水再生利用工程建设与设施运行维护、城镇污水再生利用风险管理等内容。</p><p ><strong >　　污水再生处理技术：常规处理、深度处理和消毒</strong></p><p >　　《技术指南》详细介绍了城镇污水再生处理技术，主要包括常规处理、深度处理和消毒。常规处理包括一级处理、二级处理和二级强化处理。主要功能为去除SS、溶解性有机物和营养盐(氮、磷)。深度处理包括混凝沉淀、介质过滤(含生物过滤)、膜处理、氧化等单元处理技术及其组合技术，主要功能为进一步去除二级(强化)处理未能完全去除的水中有机污染物、SS、色度、嗅味和矿化物等。消毒是再生水生产环节的必备单元，可采用液氯、氯气、次氯酸盐、二氧化氯、紫外线、臭氧等技术或其组合技术。</p><p >　　《技术指南》强调，城市污水再生处理系统应优先发挥常规处理在氮磷去除方面的功能，一般情况下应避免在深度处理中专门脱氮。</p><p ><strong >　　单元处理技术有机组合 保证不同用途水质要求</strong></p><p >　　《技术指南》指出，再生水的主要用途包括工业、景观环境、绿地灌溉、农田灌溉、城市杂用和地下水回灌等。污水再生处理工艺方案应根据不同用途的水质要求，选择不同的单元技术进行组合，并考虑工艺的可行性、整体流程的合理性、工程投资与运行成本以及运行管理方便程度等多方面因素，同时宜具有一定的前瞻性。《技术指南》针对各种不同用途给出了具体的工艺方案建议。对于向服务区域内多用户供水的城镇污水再生处理设施，供水水质应符合用水量最大的用户的水质要求;个别水质要求更高的用户，可自行增加处理措施，直至达到其水质要求。</p><p ><strong >　　风险管理核心：保证城镇污水再生利用的水质安全</strong></p><p >　　《技术指南》在城镇污水再生利用风险管理中强调，城镇污水再生利用必须保证再生水水源水质水量的可靠、稳定与安全，水源宜优先选用生活污水或不包含重污染工业废水在内的城市污水。要加强对污水接入城镇排水管网的许可管理，禁止含重金属、有毒有害有机物和病原微生物超标的工业或医疗等污水进入排水管网。</p><p >　　城镇污水再生利用的核心问题是水质安全。污水再生处理、存储及输配设施运营单位应具备相应的水质检测能力。另外，应制定针对重大事故和突发事件的应急预案，建立相应的应急管理体系，并按规定定期开展培训和演练。</p><p ><strong >　　城镇污水再生利用工程建设与设施运行维护</strong></p><p >　　在工程建设方面，《技术指南》指出，工程建设包括再生处理设施、再生水储存设施及再生水输配管网的建设，《技术指出》对选址、设计、设备选择、施工、验收等环节均提出指导建议。</p><p >　　在设施运行维护管理方面，《技术指南》指出，污水再生处理设施运营单位应加强对来水水质的日常监测，应依据污水排放&mdash;污水处理&mdash;再生水利用三者之间的水质关系，以及再生水用途和水质要求，建立水源水质控制目标。同时，应定期对储存设施进行检查，防止再生水泄漏或污染物入渗;定期对存储的再生水水质、水量进行监测，防止水质恶化;再生水作为城市河道或其他景观水系用水时，在汛期时，应服从统一调度，确保排水排涝畅通。</p><p ><strong >　　城镇污水再生利用 要合理布局统筹规划</strong></p><p >　　城镇污水再生利用规划是城镇排水与污水处理规划的重要内容。《技术指南》指出，污水处理厂的建设应考虑再生利用的需求，统一规划、统筹建设，对于暂时没有再生水需求的地方可以在污水处理厂规划过程中预留深度处理设施位置和接口。污水再生处理、储存和输配设施的布局应综合考虑水源和再生水用户的分布，统筹规划。再生水可通过压力管网、河道或供水车等方式输送至用户，管网的布置形式可选择环状或枝状管网，枝状管网末端需设置泄水设施;应考虑输配过程的加压、消毒及维护抢修站点用地等。再生水的储存和输配可充分利用城市景观水系。</p><p ><span >来源：中国污水处理工程网</span></p>', '', 0),
(1407, 1, 43, 68, '', '<p ><span >摘　要: 本文主要介绍了选择中小规模城市污水处理厂工艺流程的依据、原则和方法, 并根据不同的条件推荐了适用的工艺流程。</span></p><p >关键词: 城市污水处理; 工艺流程; 原则; 方法</p><p ><br />1　前言</p><p >根据我国发展规划, 2010 年全国设市城市和建制镇的污水平均处理率不低于50% , 设市城市的污水处理率不低于60% , 重点城市的污水处理率不低于70%。为了引导城市污水处理及污染防治技术的发展, 加快城市污水处理设施的建设, 2000 年5 月国家建设部、环境保护局和科技部联合印发了《城市污水处理及污染防治技术政策》。本文将结合该政策的内容, 主要研究日处理能力为10 万m 3 以下, 特别是1～ 5 万m 3.d 规模的城市污水处理厂适用的各种处理工艺流程的比较和选择, 从而确定不同条件下适用的较优工艺流程。</p><p >1　中小规模城市污水处理厂工艺流程概述</p><p >二级生物处理指利用水中的微生物来去除污水中的碳源有机物, 二级强化生物处理是指除利用微生物来去除污水中的碳源有机物外, 还需去除污水中的<span class="keyword">氮</span>和磷。城市污水二级及二级强化处理一般以好氧生物处理为主, 好氧处理可分为活性污泥法和生物膜法两大类。<br />活性污泥法是利用河川自净原理, 人工创建的生化净化污水处理方法。中小规模城市污水厂适用的方法主要有AB 法、SBR 法、氧化沟法、AO 法、 A 2O 法、水解好氧法等。</p><p >生物膜法是利用土壤自净原理发展起来的, 通过附着在各种载体上的生物膜来处理污水的好氧生物处理法, 主要包括生物转盘、生物滤池和生物接触氧化法等工艺。</p><p >2　污水处理工艺流程选择的依据和原则</p><p >2. 1　污水处理级别的确定</p><p >选择污水处理工艺流程时首先应按受纳水体的性质确定出水水质要求, 并依此确定处理级别, 排水应达到国家排放标准(GB8978- 1996)。<br />设市城市和重点流域及水资源保护区的建制镇必须建设二级污水处理设施; 受纳水体为封闭或半封闭水体时, 为防治富营养化, 城市污水应进行二级强化处理, 增强除磷脱<span class="keyword">氮</span>的效果; 非重点流域和非水源保护区的建制镇, 根据当地的经济条件和水污染控制要求, 可先行一级强化处理, 分期实现二级处理。</p><p >2. 2　工艺流程选择应考虑的技术因素</p><p >处理规模; 进水水质特性, 重点考虑有机物负荷、<span class="keyword">氮</span>磷含量; 出水水质要求, 重点考虑对<span class="keyword">氮</span>磷的要求以及回用要求; 各种污染物的去除率; 气候等自然条件, 北方地区应考虑低温条件下稳定运行; 污泥的特性和用途。 2. 3　工艺流程选择应考虑的技术经济因素〔3〕批准的占地面积, 征地价格; 基建投资; 运行成本; 自动化水平, 操作难易程度, 当地运行<span class="keyword">管</span>理能力。</p><p >2. 4　工艺流程选择的原则</p><p >保证出水水质达到要求; 处理效果稳定, 技术成熟可靠、先进适用; 降低基建投资和运行费用, 节省电耗; 减小占地面积; 运行<span class="keyword">管</span>理方便, 运转灵活; 污泥需达到稳定; 适应当地的具体情况; 可积极稳妥地选用污水处理新技术。</p><p >3　污水处理工艺流程的比较和选择方法〔2、3、4、5〕</p><p >在选定污水处理工艺流程时可以采用下面介绍的一种或几种比较方法。</p><p >3. 1　技术比较</p><p >在方案初选时可以采用定性的技术比较, 城市污水处理工艺应根据处理规模、水质特性、排放方式和水质要求、受纳水体的环境功能以及当地的用地、气候、经济等实际情况和要求, 经全面的技术比较和初步经济比较后优选确定。</p><p >方案选择比较时需要考虑的主要技术经济指标包括: 处理单位水量投资、削减单位污染物投资、处理单位水量电耗和成本、削减单位污染物电耗和成本、占地面积、运行性能可靠性、<span class="keyword">管</span>理维护难易程度、总体环境效益等。</p><p >定性比较时可以采用有定论的结论和经验值等, 而不必进行详细计算。几种常用生物处理方法的比较见表1。</p><img alt="" src="res/201509/02/1441090034_0_765.jpg"/><p ><br />3. 2　经济比较</p><p >在选定最终采用的工艺流程时, 应选择2～ 3 种工艺流程进行全面的定量化的经济比较。可以采用年成本法或净现值法进行比较。</p><p >3. 2. 1　年成本法。将各方案的基建投资和年经营费用按标准投资收益率, 考虑复利因素后, 换算成使用年限内每年年末等额偿付的成本- 年成本, 比较年成本最低者为经济可取的方案。</p><p >3. 2. 2　净现值法。将工程使用整个年限内的收益和成本(包括投资和经营费) 按照适当的贴现率折算为基准年的现值, 收益与成本现行总值的差额即净现值, 净现值大的方案较优。</p><p >3. 2. 3　多目标决策法。多目标决策是根据模糊决策的概念, 采用定性和定量相结合的系统评价法。按工程特点确定评价指标, 一般可以采用5 分制评分, 效益最好的为5 分, 最差的为1 分。同时, 按评价指标的重要性进行级差量化处理(加权) , 分为极重要、很重要、重要、应考虑、意义不大五级。取意义不大权重为1 级, 依次按2n- 1 进级, 再按加权数算出评价总分, 总分最高的为多目标系统的最佳方案。评价指标项目及权重应根据项目具体情况合理确定。</p><p >例如确定某城市污水处理厂工艺流程时采用了表2 所示的评价指标及权重:</p><img alt="" src="res/201509/02/1441090034_1_947.jpg"/><p >进行工艺流程选择时, 可以先根据污水处理厂的建设规模, 进水水质特点和排放所要求的处理程度, 排除不适用的处理工艺, 初选2～ 3 种流程, 然后再针对初选的处理工艺进行全面的技术经济对比后确定最终的工艺流程。</p><p >4　中小规模城市污水厂处理工艺流程选择的探讨〔6、7、8〕</p><p >4. 1　根据进水有机物负荷选择处理工艺</p><p >进水BOD5 负荷较高(如&gt; 250m g.L ) 或生化性能较差时, 可以采用AB 法或水解- 生物接触氧化法、水解- SBR 法等; 进水BOD5 负荷较低时可以采用SBR 法或常规活性污泥法等。</p><p >4. 2　根据处理级别选择处理工艺</p><p >二级处理工艺可选用氧化沟法、SBR 法、水解好氧法、AB 法和生物滤池法等成熟工艺技术, 也可选用常规活性污泥法; 二级强化处理要求除磷脱<span class="keyword">氮</span>, 工艺流程除可以选用AO 法、A 2O 法外, 也可选用具有除磷脱<span class="keyword">氮</span>效果的氧化沟法、CA SS 法和水解- 接触氧化法等; 在投资有限的非重点流域县城, 可以先建设一级强化处理厂, 采用水解工艺、生物絮凝吸附(即AB 法的A 段) 和混凝沉淀等物化强化一级处理, 待资金等条件成熟后再续建后续生物处理工艺, 形成水解好氧法、AB 法等完整工艺。</p><p >4. 3　根据回用要求选择处理工艺</p><p >严重缺水地区要求污水回用率较高, 应选择 BOD5 和SS 去除率高的污水处理工艺, 例如采用氧化沟或SBR 工艺, 使BOD5 和SS 均达到20m g.L 以下甚至更低, 则回用处理只需要直接过滤就可以达到生活杂用水标准, 整个污水处理及回用厂流程非常简捷、经济。</p><p >如果出水将在相当长的时期内用于农灌, 解决缺水问题, 则处理目标可以以去除有机物为主, 适当保留肥效。</p><p >4. 4　根据气候条件选择处理工艺</p><p >冰冻期长的寒冷地区应选用水下曝气装置, 而不宜采用表面曝气; 生物处理设施需建在室内时, 应采用占地面积小的工艺, 如UN ITAN K 等; 水解池对水温变化有较好的适应性, 在低水温条件下运行稳定, 北方寒冷地区可选择水解池作为预处理; 较温暖的地区可选择各种氧化沟和SBR 法。</p><p >4. 5　根据占地面积选择处理工艺</p><p >地价贵、用地紧张的地区可采用SBR 工艺(尤其是UN TAN K) ; 在有条件的地区可利用荒地、闲地等可利用的条件, 采用各种类型的土地处理和稳定塘等自然净化技术, 但在北方寒冷地区不宜采用。用水解池作为稳定塘的预处理, 可以改善污水的生化性能, 减小稳定塘的面积。</p><p >4. 6　根据基建投资选择处理工艺</p><p >为了节省投资, 应尽量采用国内成熟的, 设备国产化率较高的工艺。</p><p >基建投资较小的处理工艺有水解- SBR 法、 SBR 法及其变型、水解- 活性污泥法等。用水解池作预处理可以提高对有机物的去除率, 并改善后续二级处理构筑物污水的生化性能, 可使总的停留时间比常规法少30%。采用水解- 好氧处理工艺高效节能, 其出水水质优于常规活性污泥法。<br />氧化沟法在用于以去除碳源污染物为目的二级处理时, 与各种活性污泥法相比, 优势不明显, 但用于还须去除<span class="keyword">氮</span>磷的二级强化处理时, 则投资和运行费用明显降低。</p><p >4. 7　根据运行费用选择处理工艺</p><p >节省运行费用的途径有降低电耗、减少污泥量、减少操作<span class="keyword">管</span>理人员等。电耗较低的流程有自然净化、氧化沟、生物滤池、水解好氧法等, 污泥量较少的有氧化沟和SBR 等, 自动化程度高、<span class="keyword">管</span>理简单的流程有SBR 等。综合比较, 在基建费相当的条件下, 运行费用较低的处理方法有氧化沟、SBR、水解好氧法等。</p><p >4. 8　污泥处理</p><p >中小规模城市污水处理厂产生的污泥可进行堆肥处理和综合利用, 采用延时曝气的氧化沟法、SBR 法等技术的污水处理设施, 污泥需达到稳定化。</p><p >4. 9　可以推广应用的新工艺</p><p >在尽量采用成熟可靠工艺流程的同时, 也要研究开发适用于北方地区中小污水厂的新工艺, 或审慎采用国内外新开发的高效经济的先进工艺技术。城市污水处理新工艺应向简单、高效、经济的方向发展, 各类构筑物从工艺和结构上都应向合建一体化发展。</p><p >目前可以重点考虑应用和推广使用的流程有一体化氧化沟技术、CA SS 、UN ITAN K 和膜法等。</p><p >5　结束语</p><p >城市污水处理工艺应根据污水水质特性、排放水质要求, 以及当地的用地、气候、经济等实际情况, 经全面的技术经济比较后优选确定。处理水量在10 万m 3 以下的城市污水处理厂可以优先考虑的处理工艺有水解- SBR 法、SBR 法、氧化沟法、AB 法、水解- 接触氧化法、AO 法等, 如果条件适宜也可采用稳定塘等自然净化工艺。来源：谷腾水网</p><pid="leftDiv" ><pid="left2" class="itemFloat" ><br /></p></p><pid="rightDiv" ><pid="right2" class="itemFloat" ><br /></p></p><p></p>', '', 0);
INSERT INTO `qinggan_list_22` (`id`, `site_id`, `project_id`, `cate_id`, `thumb`, `content`, `note`, `plugin_vote`) VALUES
(1408, 1, 43, 68, '', '<p ><p ><pclass="MsoNormal" align="left"><span >钢结构因其自身优点，在桥梁、工业厂房、高层建筑等现代建筑中得到广泛应用。在大量的工程建设过程中，钢结构工程也暴露出不少质量通病。本文主要针对辽宁近年来在钢结构主体验收及竣工验收中的常见问题及整改措施谈一些看法。</span></p><pclass="MsoNormal" align="center"><b ><span >一、钢结构工程施工过程中的部分问题及解决方法</span><span lang="EN-US"><o:p></o:p></span></b></p><pclass="MsoNormal" align="left"><b ><span lang="EN-US">1</span></b><b ><span >、构件的生产制作问题</span><span lang="EN-US"><o:p></o:p></span></b></p><pclass="MsoNormal" align="left"><span >门式钢架所用的板件很薄，最薄可用到</span><st1:chmetcnv w:st="on" tcsc="0" numbertype="1" negative="False" hasspace="False" sourcevalue="4" unitname="毫米"><span lang="EN-US">4</span><span >毫米</span></st1:chmetcnv><span >。多薄板的下料应首选剪切方式而避免用火焰切割。因为用火焰切割会使板边产生很大的波浪变形。目前</span><span lang="EN-US">H</span><span >型钢的焊接大多数厂家均采用埋弧自动焊或半自动焊。如果控制不好宜发生焊接变形，使构件弯曲或扭曲。</span></p><pclass="MsoNormal" align="left"><b ><span lang="EN-US">2</span></b><b ><span >、柱脚安装问题</span><span lang="EN-US"><o:p></o:p></span></b></p><pclass="MsoNormal" align="left"><span lang="EN-US">(1)</span><span >预埋件</span><span lang="EN-US">(</span><span >锚栓</span><span lang="EN-US">)</span><span >问题现象：整体或布局偏移；标高有误；丝扣未采取保护措施。直接造成钢柱底板螺栓孔不对位，造成丝扣长度不够。</span></p><pclass="MsoNormal" align="left"><span >措施：钢结构施工单位协同土建施工单位一起完成预埋件工作，混凝土浇捣之前。必须复核相关尺寸及固定牢固。</span></p><pclass="MsoNormal" align="left"><span lang="EN-US">(2)</span><span >锚栓不垂直现象：框架柱柱脚底板水平度差，锚栓不垂直，基础施工后预埋锚栓水平误差偏大。柱子安装后不在一条直线上，东倒西歪，使房屋外观很难看，给钢柱安装带来误差，结构受力受到影响，不符合施工验收规范要求。</span></p><pclass="MsoNormal" align="left"><span >措施：锚栓安装应坚持先将底板用下部调整螺栓调平，再用无收缩砂浆二次灌浆填实，国外此法施工。所以锚栓施工时，可采用出钢筋或者角钢等固定锚栓。焊成笼状，完善支撑，或采取其他一些有效措施，避免浇灌基础混凝土时锚栓移一位。</span></p><pclass="MsoNormal" align="left"><span lang="EN-US">(3)</span><span >锚栓连接问题现象：柱脚锚栓未拧紧，垫板未与底板焊接；部分未露</span><span lang="EN-US">2</span><span >～</span><span lang="EN-US">3</span><span >个丝扣的锚栓。</span></p><pclass="MsoNormal" align="left"><span >措施：应采取焊接锚杆与螺帽；在化学锚栓外部，应加厚防火涂料与隔热处理，以防失火时影响锚固性能；应补测基础沉降观测资料。</span></p><pclass="MsoNormal" align="left"><b ><span lang="EN-US">3</span></b><b ><span >、连接问题</span><span lang="EN-US"><o:p></o:p></span></b></p><pclass="MsoNormal" align="left"><span lang="EN-US">(1)</span><span >高强螺栓连接</span></p><pclass="MsoNormal" align="left"><span lang="EN-US">1)</span><span >螺栓装备面不符合要求，造成螺栓不好安装，或者螺栓紧固的程度不符合设计要求。</span></p><pclass="MsoNormal" align="left"><span >原因分析：</span></p><pclass="MsoNormal" align="left"><span >①表面有浮锈、油污等杂质，螺栓孔璧有毛刺、焊瘤等。</span></p><pclass="MsoNormal" align="left"><span >②螺栓安装面虽经处理仍有缺陷。</span></p><pclass="MsoNormal" align="left"><span >解决方法：</span></p><pclass="MsoNormal" align="left"><span >①高强螺栓表面浮锈、油污以及螺栓孔璧毛病，应逐个清理干净。使用前必须经防锈处理，使拼装用的螺栓，不得在正式拼装时使用。螺栓应由专人保管和发放。</span></p><pclass="MsoNormal" align="left"><span >②处理装配面应考虑到施工安装顺序，防止重复进行，并尽量在吊装之前处理。</span></p><pclass="MsoNormal" align="left"><span lang="EN-US">2)</span><span >螺栓丝扣损伤，螺杆不能自由旋入螺母，影响螺栓的装配。</span></p><pclass="MsoNormal" align="left"><span >原因分析：丝扣严重锈蚀。</span></p><pclass="MsoNormal" align="left"><span >解决方法：</span></p><pclass="MsoNormal" align="left"><span >①使用前螺栓应进行挑选，清洗除锈后作预配。</span></p><pclass="MsoNormal" align="left"><span >②丝扣损伤的螺栓不能做临时螺栓使用，严禁强行打进螺孔。</span></p><pclass="MsoNormal" align="left"><span >③预先选配的螺栓组件应按套存放，使用时不得互换。</span></p><pclass="MsoNormal" align="left"><span lang="EN-US">(2)</span><span >现场焊缝现象：质量难以保证；设计要求全焊透的一、二级焊缝未采用超声波探伤；楼面主梁与柱未施焊；未采用引弧板施焊。</span></p><pclass="MsoNormal" align="left"><span >解决方法：钢结构施焊前，对焊条的合格证进行检查，按设计要求选用焊含条，按说明书和操作规程要求使用焊条，焊缝表面不得有裂纹、焊瘤，一、二级焊缝不得有气孔、夹渣、弧坑裂纹，一级焊缝不得有咬边、未满焊等缺陷，一、二级焊缝按要求进行无损检测，在规定的焊缝及部位要检查焊工的钢印。不合格的焊缝不得擅自处理，定出修改工艺后再处理，同一部位的焊缝返修次数不宜超过两次。</span></p><pclass="MsoNormal" align="left"><b ><span lang="EN-US">4</span></b><b ><span >、构件的变形问题</span><span lang="EN-US"><o:p></o:p></span></b></p><pclass="MsoNormal" align="left"><span lang="EN-US">(1)</span><span >构件在运输时发生变形，出现死弯或缓弯，造成构件无法进行安装。</span></p><pclass="MsoNormal" align="left"><span >原因分析：</span></p><pclass="MsoNormal" align="left"><span lang="EN-US">1)</span><span >构件制作时因焊接产生的变形，一般呈现缓弯。</span></p><pclass="MsoNormal" align="left"><span lang="EN-US">2)</span><span >构件待运时，支垫点不合理，如上下垫木不垂直等或堆放场地发生沉陷，使构件产生死弯或缓变形。</span></p><pclass="MsoNormal" align="left"><span lang="EN-US">3)</span><span >构件运输中因碰撞而产生变形，一般呈现死弯。</span></p><pclass="MsoNormal" align="left"><span >预防措施：</span></p><pclass="MsoNormal" align="left"><span lang="EN-US">1)</span><span >构件制作时，采用减小焊接变形的措施。</span></p><pclass="MsoNormal" align="left"><span lang="EN-US">2)</span><span >组装焊接中，采用反方向变形等措施，组装顺序应服从焊接顺序，使用组装胎具，设置足够多的支架，防止变形。</span></p><pclass="MsoNormal" align="left"><span lang="EN-US">3)</span><span >待运及运输中，注意垫点的合理配置。</span></p><pclass="MsoNormal" align="left"><span >解决方法：</span></p><pclass="MsoNormal" align="left"><span lang="EN-US">1)</span><span >构件死弯变形，一般采用机械矫正法治理。即用千斤顶或其他工具矫正或辅以氧乙炔火焰烤后矫正。</span></p><pclass="MsoNormal" align="left"><span lang="EN-US">2)</span><span >结构发生缓弯变形时，采取氧乙炔火焰加热矫正。</span></p><pclass="MsoNormal" align="left"><span lang="EN-US">(2)</span><span >钢梁构件拼装后全长扭曲超过允许值，造成钢梁的安装质量不良。</span></p><pclass="MsoNormal" align="left"><span >原因分析：</span></p><pclass="MsoNormal" align="left"><span lang="EN-US">1)</span><span >拼接工艺不合理。</span></p><pclass="MsoNormal" align="left"><span lang="EN-US">2)</span><span >拼装节点尺寸不符合设计要求。</span></p><pclass="MsoNormal" align="left"><span >解决方法：</span></p><pclass="MsoNormal" align="left"><span lang="EN-US">1)</span><span >拼装构件要设拼装工作台，定为焊时要将构件底面找平，防止翘曲。拼装工作台应各支点水平，组焊中要防止出现焊接变形。尤其是梁段或梯道的最后组装，要在定位焊后调整变形，注意节点尺寸要符合设计，否则易造成构件扭曲。</span></p><pclass="MsoNormal" align="left"><span lang="EN-US">2)</span><span >自身刚性较差的构件，翻身施焊前要进行加固，构件翻身后也应进行找平，否则构件焊后无法矫正。</span></p><pclass="MsoNormal" align="left"><span lang="EN-US">(3)</span><span >构件起拱，数值大干或小于设计数值。构件起拱数值小时，安装后梁下挠；起拱数值大时，易产生挤面标高超标。</span></p><pclass="MsoNormal" align="left"><span >原因分析：</span></p><pclass="MsoNormal" align="left"><span lang="EN-US">1)</span><span >构件尺寸不符合设计要求。</span></p><pclass="MsoNormal" align="left"><span lang="EN-US">2)</span><span >架设过程中，未根据实测值与计算值的出入进行修正。</span></p><pclass="MsoNormal" align="left"><span lang="EN-US">3)</span><span >跨径小的桥梁，起拱度较小，拼装时忽视。</span></p><pclass="MsoNormal" align="left"><span >解决方法：</span></p><pclass="MsoNormal" align="left"><span lang="EN-US">1)</span><span >严格按钢结构构件制作允许偏差进行各步检验。</span></p><pclass="MsoNormal" align="left"><span lang="EN-US">2)</span><span >在架设过程中，杆件且装完毕，以及工地接头施工结束后，都进行上拱度测量，并在施工中对其他进行调整。</span></p><pclass="MsoNormal" align="left"><span lang="EN-US">3)</span><span >在小拼装过程，应严格控制累计偏差，注意采取措施，消除焊接收缩量的影响。</span></p><pclass="MsoNormal" align="left"><b ><span lang="EN-US">5</span></b><b ><span >、钢结构安装问题</span><span lang="EN-US"><o:p></o:p></span></b></p><pclass="MsoNormal" align="left"><span lang="EN-US">(1)</span><span >钢柱底脚有空隙预控措施钢柱吊装前，应严格控制基础标高，测量准确，并按其测量值对基础表面仔细找平；如采用二次灌浆法，在柱脚底板开浇灌孔</span><span lang="EN-US">(</span><span >兼作排气孔</span><span lang="EN-US">)</span><span >，利用钢垫板将钢柱底部不平处垫平，并预先按设计标高安置好柱脚支座钢板，然后采取二次灌浆。</span></p><pclass="MsoNormal" align="left"><span lang="EN-US">(2)</span><span >钢柱位移预控措施浇筑混凝土基础前，应用定型卡盘将预埋螺栓按设计位置卡住，以防浇灌混凝土时发生位移；柱低钢板预留孔应放大样，确定孔位后再作预留孔。</span></p><pclass="MsoNormal" align="left"><span lang="EN-US">(3)</span><span >柱垂直偏差过大预控措施钢柱应按计算的吊挂点吊装就位，且必须采用二点以上的吊装方法，吊装时应进行临时固定，以防吊装变形；柱就位后应及时增设临时支撑；对垂直偏差，应在固定前予以修正。</span></p><pclass="MsoNormal" align="center"><b ><span >二、结论</span><span lang="EN-US"><o:p></o:p></span></b></p><pclass="MsoNormal" align="left"><span >只有在施工管理过程中，加强对技术人员、工人对规范标准和操作规程的培训学习，切实做好开工前的准备，加强施工过程中的质量控制和监督检查，积极发挥施工、监理等各方面的作用，做好各分项工程的工序验收工作，才能保证钢结构工程的整体质量。</span></p><pclass="MsoNormal" align="left"><span lang="EN-US"><o:p></o:p></span></p><pclass="MsoNormal" align="left"><span >信息来源：中国焊接网</span><spanlang="EN-US"><o:p></o:p></span></p></p></p>', '', 0),
(1409, 1, 43, 68, '', '<p ></p><p ></p><p >绿色建筑评价标准<br />　　<br />　　1、在建筑的全寿命周期内，最大限度地节约资源(节能、节地、节水、节材)、保护环境和减少污染，为人们提供健康、适用和高效的使用空间，与自然和谐共生的建筑。<br />　　<br />　　2、节能能源：充分利用太阳能，采用节能的建筑围护结构以及采暖和空调，减少采暖和空调的使用。根据自然通风的原理设置风冷系统，使建筑能够有效地利用夏季的主导风向。建筑采用适应当地气候条件的平面形式及总体布局<br />　　<br />　　3、可再生能源：指从自然界获取的、可以再生的非化石能源，包括风能、太阳能、水能、生物质能、地热能和海洋能等。<br />　　<br />　　4、节约资源：在建筑设计、建造和建筑材料的选择中，均考虑资源的合理使用和处置。要减少资源的使用，力求使资源可再生利用。节约水资源，包括绿化的节约用水。<br />　　<br />　　5、可再利用材料：指在不改变所回收物质形态的前提下进行材料的直接再利用，或经过再组合、再修复后再利用的材料。<br />　　<br />　　6、可再循环利用材料：指已经无法进行再利用的产品通过改变其物质形态，生产成为另一种材料，使其加入物质的多次循环利用过程中的材料。<br />　　<br />　　7、以节约和适用的原则确定绿色建筑标准。<br />　　<br />　　8、绿色建筑建设应选用质量合格并符合使用要求的材料和产品，严禁使用国家或地方管理部门禁止、限制和淘汰的材料和产品。<br />　　<br />　　9、回归自然：绿色建筑外部要强调与周边环境相融合，和谐一致、动静互补，做到保护自然生态环境。<br />　　<br />　　10：建筑场地选址无洪灾、泥石流及含氡土壤的威胁，建筑场地安全范围内无电磁辐射危害和火、爆、有毒物质等危险源。<br />　　<br />　　11、住区建筑布局保证室内外的日照环境、采光和通风的要求，满足《城市居住区规划设计规范》GB50180中有关住宅建筑日照标准的要求。<br />　　<br />　　12、绿化种植适应当地气候和土壤条件的乡土植物，选用少维护、耐候性强、病虫害少，对人体无害的植物。<br />　　<br />　　13、建筑内部不使用对人体有害的建筑材料和装修材料。<br />　　<br />　　14、绿色建筑应尽量采用天然材料。建筑中采用的木材、树皮、竹材、石块、石灰、油漆等，要经过检验处理，确保对人体无害。<br />　　<br />　　良好的居住环境对室内和室外的要求都很高，绿色建筑能给人舒适和健康的生活居住环境，绿色建筑的建造并不等于高价和高成本，也不仅仅限于新建筑，最主要的是要环保、无害。</p><p ></p><p >　来源:0731房产网综合整理</p>', '', 0),
(1410, 1, 43, 68, '', '<p ><strong>美国回收材料打造&ldquo;资源保护屋&rdquo;</strong><p>　　美国政府的《超级基金法》规定&ldquo;任何生产有工业废弃物的企业，必须自行妥善处理，不得擅自随意倾卸&rdquo;。该法规从源头上限制了建筑垃圾的产生量，促使各企业自觉寻求建筑垃圾资源化利用途径。</p><p>　　近一段时间以来，美国住宅营造商协会开始推广一种&ldquo;资源保护屋&rdquo;，其墙壁就是用回收的轮胎和铝合金废料建成的，屋架所用的大部分钢料是从建筑工地上回收来的，所用的板材是锯末和碎木料加上20%的聚乙烯制成，屋面的主要原料是旧的报纸和纸板箱。这种住宅不仅积极利用了废弃的金属、木料、纸板等回收材料，而且比较好地解决了住房紧张和环境保护之间的矛盾。</p><p>　<strong>　法国将废物整体管起来</strong></p><p>　　法国CSTB公司是欧洲首屈一指的&ldquo;废物及建筑业&rdquo;集团，专门统筹在欧洲的&ldquo;废物及建筑业&rdquo;业务。公司提出的废物管理整体方案有两大目标：一是通过对新设计建筑产品的环保特性进行研究，从源头控制工地废物的产量；二是在施工、改善及清拆工程中，对工地废物的生产及收集作出预测评估，以确定相关回收应用程序，从而提升废物管理层次。</p><p>　　该公司以强大的数据库为基础，使用软件工具对建筑垃圾进行从产生到处理的全过程分析控制，以协助相关机构针对建筑物使用寿命期的不同阶段作出决策。例如，可评估建筑产品的整体环保性能；可依据有关执行过程、维修类别，以及不同的建筑物清拆类型，对某种产品所产生的废物量进行评估；可向顾问人员、总承建商，以及承包机构(客户)，就某一产品或产品系列对环保及健康的影响提供相关概览资料；可以对废物管理所需的程序及物料作出预测；可根据废物的最终用途或质量制订运输方案；就任何使用&ldquo;再造&rdquo;原料的新工艺，在技术、经济及环境方面的可行性作出评定，而且可估计产品的性能。</p><p><strong>　　荷兰有效分类建筑垃圾</strong></p><p>　　在荷兰，目前已有70%的建筑废物可以被循环再利用，但是荷兰政府希望将这一比例增加到90%。因此，他们制定了一系列法律，建立限制废物的倾卸处理、强制再循环运行的质量控制制度。荷兰建筑废物循环再利用的重要副产品是筛砂。由于砂很容易被污染，其再利用是有限制的。针对于此，荷兰采用了砂再循环网络，由拣分公司负责有效筛砂，即依照其污染水平进行分类，储存干净的砂，清理被污染的砂。</p><p>　　总体来讲，上述这些国家大多施行的是&ldquo;建筑垃圾源头削减策略&rdquo;，即在建筑垃圾形成之前，就通过科学管理和有效的控制措施将其减量化；对于产生的建筑垃圾则采用科学手段，使其具有再生资源的功能。</p><p>　　而对于已经过预处理的建筑垃圾，还有一些国家则运往&ldquo;再资源化处理中心&rdquo;，采用焚烧法进行集中处理，如德国西门子公司开发的干馏燃烧垃圾处理工艺，可使垃圾中的各种可再生材料十分干净地被分离出来，实现回收再利用，对于处理过程中产生的燃气则用于发电，每吨垃圾经干馏燃烧处理后仅剩下2到3公斤的有害重金属物质，从而有效地解决了垃圾占用大片耕地的问题。</p><p><strong>　　日本立法实现建筑垃圾循环利用</strong></p><p>　　由于国土面积小、资源相对匮乏，日本的构造原料价格比欧洲都要高。因此日本人将建筑垃圾视为&ldquo;建筑副产品&rdquo;，十分重视将其作为可再生资源而重新开发利用。比如港埠设施，以及其他改造工程的基础设施配件，都可以利用再循环的石料，代替相当数量的自然采石场砾石材料。</p><p>　　1977年，日本政府就制定了《再生骨料和再生混凝土使用规范》，并相继在各地建立了以处理混凝土废弃物为主的再生加工厂，生产再生水泥和再生骨料。1991年，日本政府又制定了《资源重新利用促进法》，规定建筑施工过程中产生的渣土、混凝土块、沥青混凝土块、木材、金属等建筑垃圾，必须送往&ldquo;再资源化设施&rdquo;进行处理。日本对于建筑垃圾的主导方针是：尽可能不从施工现场排出建筑垃圾；建筑垃圾要尽可能重新利用；对于重新利用有困难的则应适当予以处理</p></p>', '', 0),
(1411, 1, 43, 68, '', '<p >深圳宝安国际机场 T3 航站楼概念方案为美国兰德隆布朗公司和杨莫岚设计公司联合体设计，在此方案的基础上，通过国际招标，选定意大利 mFUKSASarch 建筑事务所的建筑方案，北京市建筑设计研究院中标为国内配合单位。在 2006~2008年期间，扩建工程指挥部进行了填海工程，以配合 T3航站楼的建设。T3航站楼南北长 1128m、东西宽 640m，建筑面积达55 万平方米左右，为目前国内最大单体面<br />积的航站楼之一。 T3 航站楼主体结构采用钢筋混凝土框架结构，整个航站楼的混凝土结构共分为 10 块。屋顶为不规则曲面，采用网壳结构。屋顶结构共分七块，包括主指廊D、次指廊G和H、交叉指廊C、过渡区B以及大厅A。典型屋顶结构的特点如下：<br />（1） 主指廊D块和次指廊G、 H块屋顶 这三部分屋顶网壳均采用斜交斜放的双层筒壳， 网壳曲面延伸到二层楼面 （标<br />高4.4m），与下部混凝土支承结构对应，屋顶结构每隔18m设一支座铰接于混凝土异形柱，并且在与支座对应的屋顶部位，<br />设置两片加强桁架作为主要受力体系。沿结构横向剖面，支座间距均为44.8m，主指廊最宽处为61.1m左右，次指廊最宽处<br />为 54.9m 左右。网壳主网格尺寸为 5.4m，为配合屋顶幕墙的需要，还布置有加密的檩条，檩条与主网格之间铰接。因屋顶<br />曲面造型的需要， 沿筒壳纵向和横向均变厚度，主指廊 （D块） 网壳最厚处为8.8m， 次指廊（G和H块） 网壳最厚处为4.2m。<br />因筒壳面内刚度较大且筒壳较长，为减小屋顶的温度内力，沿筒壳的纵向布置了弹簧支座。同时弹簧支座也减小了由于屋顶<br />分块和混凝土分块不对应、下部混凝土和上部筒壳变形不一致造成的上、下部相互影响。 <br />（2）交叉指廊C块屋顶 交叉指廊部分的屋顶由主指廊和次指廊屋顶交叉形成， 也是采用带加强桁架的斜交斜放网壳<br />结构。其中主指廊方向屋顶长度为162m，包括4榀落在2层楼面上（标高＋4.4m）的加强桁架；次指廊方向长度为199m，包括 10 榀落在 2 层楼面上的加强桁架。另外沿主指廊方向存在 108m 跨度的室内大厅，为此在室内大厅布置了 4 个落在三层楼面（标高+8.8m）的摇摆柱，在摇摆柱上方沿主指廊方向设置了两榀加强桁架。为提高结构刚度、减小关键加强桁架的内力（红色虚线圈出<br />的为加强桁架），设置16根水平拉杆将加强桁架与3层楼面的混凝土结<br />构拉接。 <br />（3）大厅屋顶A块 大厅屋顶跨越E、A和F共三块混凝土结构，东西方向长约640m，南北方向宽约320m，投影面积约为12.3万m2。屋顶支承结构的柱网为36m&times;36m和36m&times;27m两种，由钢筒体、框架柱、<br />摇摆柱以及一榀加强拱架组成屋顶支承体系，承担屋顶的竖向荷载、水平荷载以及幕墙的各种荷载。这里的框架柱均下端与混凝土结构铰接、上端与屋顶网架刚接，这种柱子的受力特点也与柱子下端横截面小、上端横截面大的截面形式一致。屋顶结构采用斜交斜放曲面网架，网格尺寸5.4m，网架高度3.6m。另外与屋顶支承体系的柱网配合，还设有正交正放加强桁架，加强桁架的网格尺寸为4.5m。 目前该工程正在设计中，还有很多问题需要研究，例如满足建筑外观要求、具有一定减震、减小温度内力作用的弹簧铰<br />支座。在长 640m、宽 320m的大厅区采用钢筒体+上端刚接、下端铰接的框架柱+摇摆柱的结构体系，有很多问题都是未遇<br />见的、其设计标准也需要进行性能化研究。</p><p ></p><p ></p><p ><em>转载</em></p>', '', 0),
(1412, 1, 43, 68, '', '<p ><img src="res/201509/02/1441090016_0_396.jpg" border="0" alt="" /></p>', '', 0),
(1413, 1, 43, 68, '', '<p >在新中国成立60周年之际，建设科技正处于大发展的阶段。在科学发展观指导下，可持续发展的理念日益深入人心，建设行业的各领域无不突出着节能的宗旨，建筑节能成为当今建设科技发展的重要主题，并不断进步，与建筑节能有关的科学技术取得了丰硕成果。高度重视建筑节能，正是今天建设科技和建设行业的一大特点。<p>　<strong>　21世纪建设科技的主旋律</strong></p><p>　　我国的建筑节能，起步于上世纪80年代。改革开放后，建筑业在墙体改革及新型墙体材料方面有了发展。与此同时，一批高能耗的高档旅馆、公寓和商场出现了。如何在发展中降低建筑能耗，使之与当时能源供应较紧缺的现状相协调，成为相关部门关注的重点。为此，建筑节能工作首先从减少采暖能耗开始，1986年建设部颁布了《民用建筑节能设计标准》，要求新建居住建筑，在1980年当地通用设计能耗水平基础上节能30%%，《民用建筑节能设计标准》是我国第一部建筑节能设计标准，它的颁布，开启了我国建筑节能新阶段。以它提出的指标为目标，建筑节能的设计、节能技术纷纷发展起来，一系列的标准和法规先后制定。</p><p>　　20世纪90年代，建筑节能的地位进一步提高，节能工作有效开展。1990年，建设部提出&ldquo;节能、节水、节材、节地&rdquo;的战略目标。1994年在《中国21世纪议程》中，建筑节能作为项目之一被郑重提出;从1994年起，国家对北方节能建筑实施免征固定资产投资方向调节税，一批节能小区相继建成。1995年《民用建筑节能设计标准》修订并于次年执行，修订后的《民用建筑节能设计标准》将第二阶段建筑节能指标提高到50%%。同年，建设部发布《建筑节能&ldquo;九五&rdquo;计划和2010年规划》，这个专门的规划以及1996年9月建设部发布的《建筑节能技术政策》和《市政公用事业节能技术政策》，为其后建筑节能的发展明确了方向，同时也表明建筑节能地位的空前提高。建筑节能的地位最终由1998年1月1日实施的《中华人民共和国节约能源法》确定下来，建筑节能成为这部法律中明确规定的内容。</p><p>　　21世纪的到来，在科学发展观的指引下，建设领域明确了必须走资源节约型、环境友好型的新型工业化道路，建设科技工作将&ldquo;四节一环保&rdquo;作为科技攻关的主要方向，取得了明显效果。目前我国已初步建立起了以节能50%%为目标的建筑节能设计标准体系，部分地区执行更高的65%节能标准。2008年《民用建筑能效测评标识管理暂行办法》、《民用建筑节能条例》等施行，《民用建筑节能条例》的颁布，标志着我国民用建筑节能标准体系已基本形成，基本实现对民用建筑领域的全面覆盖。</p><p>　　在国务院办公厅《2009年节能减排工作安排》中规定，2009年底施工阶段执行节能强制性标准比例提高到90%以上。除新建建筑外，既有建筑的节能改造也有效开展起来，并取得了一批成果和经验。而兼顾土地资源节约、室内环境优化、居住人的健康、节能节水节材等方面的目标绿色建筑，成为新世纪建筑节能发展的亮点。</p><p><strong>　　建筑节能技术飞速发展</strong></p><p>　　在建筑节能逐步成为建设科技主旋律的过程中，相关的节能技术也有了长足进步。</p><p>　　在建设部组织下，&ldquo;九五&rdquo;期间实施了&ldquo;2000年小康型城乡住宅科技产业工程&rdquo;，&ldquo;十五&rdquo;期间组织实施了&ldquo;小城镇科技发展重大专项&rdquo;、&ldquo;居住区与小城镇建设关键技术研究&rdquo;、&ldquo;绿色建筑关键技术研究&rdquo;等，&ldquo;十一五&rdquo;期间实施了&ldquo;建筑节能关键技术研究与示范&rdquo;、&ldquo;现代建筑设计与施工关键技术研究&rdquo;、&ldquo;既有建筑综合改造关键技术研究与示范&rdquo;、&ldquo;可再生能源与建筑集成技术研究与示范&rdquo;等项目，这些科研攻关项目的组织实施，使一系列建筑节能的重大、关键、共性技术得到突破，形成了一大批科技成果。</p><p>　　建筑节能的各项技术都达到很高水平。</p><p>　　降低建筑能耗，首先要从围护结构、外墙、屋面、外门窗来实现。墙体改革的调查研究开始于上世纪70年代，80年代以来，新型墙体材料和高保温材料不断涌现，混凝土空心砌块、聚苯乙烯泡沫板等材料，逐渐替代了传统墙体材料，在建筑节能中发挥了重要作用。同时，我国广泛开展研究建筑外墙保温技术，近年来，各种外墙外保温技术系统日益成熟并在工程中应用，显示出良好前景。</p><p>　　此外还有建筑门窗。门窗传热系数的高低，决定了能耗的高低，要降低能耗，就必须提高门窗的热工性能，增加门窗的隔热保温性能。近20年来，为满足节能需求，外窗玻璃产品及工艺水平迅速发展，由之前采用普通单层玻璃、双层玻璃发展到中空、充气、LOW-E玻璃，塑钢型材、钢化玻璃等也广泛应用，取代了传统的钢窗和铝合金门窗。</p><p>　　建筑能耗的降低，还有赖于暖通技术和设备。为实现采暖系统的节能，上世纪80年代我国研发了平衡供暖技术及其产品、锅炉运行管理技术与产品。在散热器方面，上世纪90年代以来各种新型散热器纷纷得到开发，这些新产品比传统的铸铁散热器，具有金属热强度高、散热性能好、承压能力高、造型美观、工艺性好、安装方便等优点。</p><p>　　进入新世纪后，随着既有建筑节能改造的开展，供热改革成为建筑节能的重要内容。为适应改革的需要，室温可调和采暖计量收费技术及产品有了进一步的发展。采暖系统的单管顺流系统变为双管系统，散热器恒温阀及热表的应用已经十分普及。</p><p>　　技术是保证建筑节能得以实现的关键，多年来我国建筑节能技术的发展，让人们对&ldquo;十一五&rdquo;期间实现建筑节能1.6亿吨标准煤的目标充满信心。</p><p><strong>　　绿色建筑成果丰硕</strong></p><p>　　绿色建筑是生态环境与建筑有机结合，在建筑生命周期内最大限度地节约资源、保护环境，为人们提供高效、舒适空间的建筑。近10年来，绿色节能建筑成为建筑节能中的一大亮点，体现了新世纪建筑节能更高的追求目标。</p><p>　　进入21世纪后，绿色建筑评价体系逐步建立，保证了绿色建筑的健康发展。2001年建设部住宅产业化促进中心编制了《绿色生态住宅小区建设要点与技术导则》，2004年建设部针对北京奥运会，开展了&ldquo;绿色奥运建筑评估体系&rdquo;课题研究，形成了我国第一套绿色建筑项目标准。同年8月建设部颁布实施《全国绿色建筑创新奖管理办法》，次年，首届全国绿色建筑创新奖揭晓，40个项目获得此项殊荣，中国在推进智能与绿色建筑方面迈出了坚实的一步。2005年，历时5年编制完成的《绿色建筑技术导则》颁布施行，自此，绿色建筑的评定有了明确依据。&ldquo;十五&rdquo;期间，重点攻关计划&ldquo;绿色建筑规划设计导则和评估体系研究&rdquo;项目完成。2006年，建设部组织编制了《绿色建筑评价标准》。2007年8月，《绿色建筑评价技术细则》和《绿色建筑评价标识管理办法》出台，2008年6月住房和城乡建设部为进一步规范和细化绿色建筑评价标识工作，根据评价标识工作实际情况，编制了《绿色建筑评价技术细则补充说明(规划设计部分)》，制定了《绿色建筑评价标识使用规定》，进一步完善了绿色建筑设计评价标识的申报评价程序。</p><p>　　一系列工作，建立了适合我国国情的绿色建筑评价体系，有力地推动了绿色建筑技术发展。经过多年的攻关和研究，绿色建筑形成了六大技术体系评价标准：节地与室外环境、节能与能源利用、节水与水资源利用、节材与材料资源利用、室内环境质量及运营管理。通过对建筑的节能、节水、节地、节材和室内环境的具体性能进行实测，给出数据，实现定量化检测标准，达到标准的即为绿色建筑。</p><p>　　2008年8月，住房城乡建设部建筑节能与科技司向首批绿色建筑设计评价标识项目颁发了证书，上海世博会世博中心工程等6个项目获得了行业主管部门认可的第一批绿色建筑设计评价标识，标志着由政府部门主导的绿色建筑评价正式启动，结束了我国依赖国外标准进行绿色建筑评价的历史。</p><p>　　回顾建筑节能的历程，可以看到，这项利国利民的事业，紧跟时代步伐，取得了举世瞩目的成就。而这一切，没有党和政府的重视，是不可想象的。也正因此，人们完全有理由对建筑节能的前景充满信心。</p><p></p></p>', '', 0),
(1414, 1, 43, 68, '', '<p ><p align="center"><img title="8月30日拍摄的世博轴膜结构工程（局部）。 8月30日，上海世博园区世博轴膜结构工程全面完成。世博轴工程采用全新建筑形式，其屋顶设计为长约840米、宽约97米的巨型索膜结构，形如蓝天下的朵朵白云，并在整个索膜覆盖的结构中设置了6个巨型圆锥状钢结构&ldquo;阳光谷&rdquo;，让自然光透过&ldquo;阳光谷&rdquo;倾泻而下，满足部分地下空间的采光，体现环保和节约的理念。据介绍，世博轴索膜结构厚度仅为1毫米，使用寿命可达30年。新华社发 "height="175" src="res/201509/02/1441090001_0_548.jpg" width="402" alt="" /></p><p> 8月30日拍摄的世博轴膜结构工程（局部）。 8月30日，上海世博园区世博轴膜结构工程全面完成。世博轴工程采用全新建筑形式，其屋顶设计为长约840米、宽约97米的巨型索膜结构，形如蓝天下的朵朵白云，并在整个索膜覆盖的结构中设置了6个巨型圆锥状钢结构&ldquo;阳光谷&rdquo;，让自然光透过&ldquo;阳光谷&rdquo;倾泻而下，满足部分地下空间的采光，体现环保和节约的理念。据介绍，世博轴索膜结构厚度仅为1毫米，使用寿命可达30年。新华社发</p><p align="center"><img title=" 8月30日拍摄的世博轴膜结构工程全景（拼图）。 新华社发" src="res/201509/02/1441090001_1_697.jpg" alt="" /></p></p>', '', 0),
(1415, 1, 43, 68, '', '<p ></p><ul><li >PTFE膜材&mdash;&mdash;耐久性强，使用寿命在30年以上</li><li >PTFE膜材&mdash;&mdash;是永久性建筑的首选材料</li><li >PTFE膜材&mdash;&mdash;超自洁，防火材料</li><li >PTFE膜材&mdash;&mdash;专业化的加工工艺，严格的施工规程<br /> 膜结构建筑中最常用的膜材料。PTFE膜材料是指在极细的玻璃纤维（3微米）编织成的基布上涂上PTFE（聚四氟乙烯）树脂而形成的复合材料。PVC膜材料是指在聚酯纤维编织的基布上涂上PVC（聚氟乙烯）树脂而形成的复合材料。</li></ul>', '', 0),
(1416, 1, 43, 68, '', '<p><strong><span >  <span >ETFE建筑</span></span></strong><span ><span >膜</span><span >材是一种乙烯</span><span >-</span><span >四氟乙烯的共聚物</span><span >.ETFE膜材的厚度通常小于0.20mm，是一种透明膜材.</span></span></p><p><span ><span >   用ETFE原料制成的膜材料替代传统的玻璃和其他高分子采光板用于大型建筑物的屋面或墙体材料，显示出无可比拟的优势。</span></span></p><p><span ><span > ETFE膜使用寿命至少为25-35年,</span><span > ETFE</span><span >膜达到</span><span >B1</span><span >、</span><span >DIN4102防火等级标准，燃烧时也不会滴落。且该膜质量很轻，每平方米只有0.15-0.35公斤。这种特点使其即使在由于烟、火引起的膜融化情况下也具有相当的优势。</span></span></p><p><span ><span > 与玻璃不同的是ETFE具有很好的隔热介质，单层膜可以在无色膜材上印刷不同图案，可调节室内光线。</span></span></p><p><p ><img src="res/201509/02/1441090077_0_111.jpg" border="0" alt="" /></p><p ><img src="res/201509/02/1441090077_1_885.jpg" border="0" alt="" /></p></p>', '', 0),
(1417, 1, 43, 68, '', '<p class="MsoNormal" ><b><span lang="EN-US" >2014</span></b><b><span >第三届中国（广州）国际建筑钢结构、空间结构及金属材料设备展览会</span></b><b><span lang="EN-US" ><o:p></o:p></span></b></p><p class="MsoNormal" ><b><span lang="EN-US" >The 3<sup>rd</sup><st1:country-region w:st="on">China</st1:country-region>(<st1:city w:st="on">Guangzhou</st1:city>) International Exhibition for<st1:place w:st="on"><st1:placename w:st="on">Steel</st1:placename><st1:placename w:st="on">Construction &amp; Metal</st1:placename><st1:placetype w:st="on">Building</st1:placetype></st1:place>Materials<o:p></o:p></span></b></p><p class="MsoNormal" ><span >地点：中国进出口商品交易会&middot;琶洲展馆<span lang="EN-US"></span></span><b><span >时间</span></b><span >：<st1:chsdate w:st="on" isrocdate="False" islunardate="False" day="12" month="5" year="2014"><span lang="EN-US">2014</span>年<span lang="EN-US">5</span>月<span lang="EN-US">12</span>日</st1:chsdate><span lang="EN-US">-14</span>日</span></p><p class="MsoNormal" ><b><span lang="EN-US" ><o:p></o:p></span></b></p><pclass="Section1" ><p class="MsoNormal" align="left" ><v:line id="_x0000_s1026" strokeweight="1.5pt" to="549.7pt,3.1pt" from="-7.95pt,3.1pt" ></v:line><b><span >主办单位：<span lang="EN-US"><o:p></o:p></span></span></b></p><p class="MsoNormal" align="left" ><span >亚洲建筑技术联盟协会<span lang="EN-US"></span>中国市政工程协会<span lang="EN-US"></span>中国贸促会建设行业分会集成建筑委员会<span lang="EN-US"><o:p></o:p></span></span></p><p class="MsoNormal" align="left" ><span >广东省空间结构学会<span lang="EN-US"></span>粤港经济合作交流促进会<span lang="EN-US"></span>香港鸿威展览集团<span lang="EN-US"><o:p></o:p></span></span></p><p class="MsoNormal" align="left" ><b><span >协办单位：<span lang="EN-US"><o:p></o:p></span></span></b></p><p class="MsoNormal" align="left" ><span >中国贸促会建设行业分会国际交流中心<span lang="EN-US"></span>东莞市建筑金属结构行业协会<span lang="EN-US"><o:p></o:p></span></span></p><p class="MsoNormal" align="left" ><b><span >国际机构：</span></b><span lang="EN-US" ><o:p></o:p></span></p><p class="MsoNormal" align="left" ><span >美国钢结构协会<span lang="EN-US"></span>澳大利亚钢结构协会<span lang="EN-US"></span>加拿大钢结构协会<span lang="EN-US"></span>韩国钢结构协会<span lang="EN-US"><o:p></o:p></span></span></p><p class="MsoNormal" align="left" ><span >智利钢结构协会<span lang="EN-US"></span>日本钢结构协会<span lang="EN-US"></span>墨西哥钢结构协会<span lang="EN-US"></span>新西兰钢结构协会<span lang="EN-US"><o:p></o:p></span></span></p><p class="MsoNormal" align="left" ><span >新加坡钢结构协会<span lang="EN-US"></span>法国驻广州总领事馆商务处<span lang="EN-US"></span>美国钢铁协会<span lang="EN-US"></span>欧洲钢结构协会<span lang="EN-US"><o:p></o:p></span></span></p><p class="MsoNormal" align="left" ><span >新西兰驻广州总领事馆<span lang="EN-US"></span>新西兰大型工程研究会<span lang="EN-US"></span>西班牙安达卢西亚自治区政府贸促会上海代表处<span lang="EN-US"><o:p></o:p></span></span></p><p class="MsoNormal" align="left" ><span >尼日利亚联邦共和国驻上海总领事馆<span lang="EN-US"></span>日本建筑钢骨协会<span lang="EN-US"></span>丹麦未来产业化可持续建筑和城市发展组织</span><span lang="EN-US" ><o:p></o:p></span></p><p class="MsoNormal" align="left" ><b><span >承办单位：<span lang="EN-US"><o:p></o:p></span></span></b></p><p class="MsoNormal" ><span >广州市鸿威展览服务有限公司<span lang="EN-US"><o:p></o:p></span></span></p><p class="MsoNormal" ><b><span >支持单位：<span lang="EN-US"><o:p></o:p></span></span></b></p><p class="MsoNormal" align="left" ><span >广东省住房和城乡建设厅<span lang="EN-US"></span>浙江省钢结构行业协会<span lang="EN-US"></span>江苏省建筑钢结构混凝土协会钢结构分会<span lang="EN-US"><o:p></o:p></span></span></p><p class="MsoNormal" align="left" ><span >四川省金属结构行业协会<span lang="EN-US"></span>辽宁省建筑金属结构协会<span lang="EN-US"></span>福建建筑业协会金属结构与建材分会<span lang="EN-US"><o:p></o:p></span></span></p><p class="MsoNormal" align="left" ><span >安徽省钢结构协会<span lang="EN-US"></span>河南省钢结构协会<span lang="EN-US"></span>山西省土建学会空间结构专业委员会<span lang="EN-US"><o:p></o:p></span></span></p><p class="MsoNormal" align="left" ><span >香港建筑金属结构协会<span lang="EN-US"></span>澳门金属结构协会<span lang="EN-US"></span>山东省勘察设计协会钢结构分会<span lang="EN-US"><o:p></o:p></span></span></p><p class="MsoNormal" align="left" ><span >上海市金属结构行业协会<span lang="EN-US"></span>天津市钢结构学会<span lang="EN-US"></span>北京市建设工程物资协会钢结构分会<span lang="EN-US"><o:p></o:p></span></span></p><p class="MsoNormal" align="left" ><b><span >支持媒体：<span lang="EN-US"><o:p></o:p></span></span></b></p><p class="MsoNormal" align="left" ><span >广东电视台、南方电视台、中国建设报、中华建筑报、建筑时报、广东建设报、羊城晚报、新浪地产、搜房网、中国钢结构网、中国钢结构资讯网、钢结构在线、中国生态环境与节能建设网、建筑钢结构网、钢结构网、广东建设信息网、钢构之窗、《钢结构》杂志、《中国住宅设施》、《中国钢结构产业》、《钢结构资源》、商务时报品牌钢构周刊、《钢结构与设备》杂志<span lang="EN-US">...</span>各协会（学会）刊物及网站等一百多家海内外媒体<span lang="EN-US"><o:p></o:p></span></span></p><p class="MsoNormal" align="left" ><b><span lang="EN-US" ><o:p></o:p></span></b></p></p><p ><b><span lang="EN-US" ><br clear="all"/></span></b></p><p class="MsoNormal" align="center" ><b><i><span >以钢代木，保护地球生态资源；以钢代砼，促进绿色环保建筑</span></i></b></p><p ><span ><p class="MsoNormal" ><strong>参展范围<o:p></o:p></strong></p><p class="MsoNormal" ><span >1、钢结构及钢铁产品，包括建筑金属结构、钢结构、轻钢结构、重钢结构、海洋结构、预应力结构、钢砼组合结构、空间网架结构、拉膜结构等空间结构；重钢、轻钢、H型钢、无缝钢管、工字型钢、冷弯型钢、特殊钢材等；<o:p></o:p></span></p><p class="MsoNormal" ><span >2、建筑钢结构板材、板件，包括中厚板、压型板、采光板、夹芯板、不锈钢薄板、镜面板、艺术板、镀钛板、彩色涂层板等板材；不锈钢棒、线、管材等；彩钢、钢结构预制品等；<o:p></o:p></span></p><p class="MsoNormal" ><span >3、钢结构连接产品和设备，包括各种固件锚栓及标准和非标准紧固件，螺栓，栓钉，铆钉，锚夹具；<o:p></o:p></span></p><p class="MsoNormal" ><span >4、建筑钢结构安全防护工业体系，包括涂料、防腐、保温、隔热、防水、防火耐火产品及防爆技术；<o:p></o:p></span></p><p class="MsoNormal" ><span >5、新型住宅房屋技术及配套装饰、装修产品类：新型房屋设计、建设单位、新型结构产品、墙体、屋面、门窗、龙骨、幕墙、楼层板、吊顶、遮阳系统、通风设备；<o:p></o:p></span></p><p class="MsoNormal" ><span >6、铝合金、塑钢、非金属装饰性材料及相关技术和设备类：铝合金、塑钢、复合材料等装饰性构件和板材、玻璃制品；<o:p></o:p></span></p><p class="MsoNormal" ><span >7、立体车库设备、钢结构门业；<o:p></o:p></span></p><p class="MsoNormal" ><span >8、金属钢结构加工配套设备及检测设备类，包括各种成型加工设备、焊接设备、焊接材料、切割、铸造、数控技术及五金电动工具、施工安装机具、喷涂设备、涂锈设备、钢材检验、探伤设备等；桥梁、塔桅、容器、管道的制造加工设备；<o:p></o:p></span></p><p class="MsoNormal" ><span >9、计算机设计、分析、计算与CAD绘图软件类：各类钢结构设计、分析、计算软件；项目管理、投标及工程预算软件；加工中心与结构样图CAD工作站等；<o:p></o:p></span></p><p class="MsoNormal" ><span >10、节能节地型建筑（钢结构住宅试点工程、实验基地）；钢结构领域新成果（名人、名企、名项目）；钢结构工程招标；<o:p></o:p></span></p><p class="MsoNormal" ><span >11、设计及施工展示（大型场馆、会议中心、大型公共建筑的设计技术及方案，大型施工公司示范工程）；<o:p></o:p></span></p><p class="MsoNormal" ><span >12、建筑设计及房地产项目规划设计区：建筑设计院所、优秀建筑设计项目、优秀房地产规划项目、技术咨询单位样板工程</span></p></span></p>', '', 0);
INSERT INTO `qinggan_list_22` (`id`, `site_id`, `project_id`, `cate_id`, `thumb`, `content`, `note`, `plugin_vote`) VALUES
(1418, 1, 43, 68, '', '<p ></p><h2>青口镇文体中心外立面膜结构工程（重新招标）</h2><pclass="gg-xl-fbsj">来源：中国国际招标网 发布时间：2014.02.21</p><!--div class="gg-jdb"><img src="res/201509/02/1441090066_0_157.gif" width="292" height="82"/></a></div--><!--有权限--><pclass="gg-conte"><p ><palign="left">招 标 公 告</p><palign="left">1. 招标条件</p><palign="left">本招标项目青口镇文体中心外立面膜结构工程（重新招标）已由闽侯县发展和改革局以侯发改审批[2013]44号批准建设，项目业主为闽侯县青口镇人民政府，建设资金来自财政拨款，招标人为闽侯县青口镇小城镇综合改革建设试点指挥部，委托的招标代理单位为福建省闽建工程造价咨询有限公司。项目已具备招标条件，现对该项目的设计、施工进行国内公开招标。</p><palign="left">2. 项目概况和招标范围</p><palign="left">2.1. 建设地点：青口镇壶山村；</p><palign="left">2.2. 工程建设规模：青口镇文体中心的综合馆气枕包覆面积约5300㎡，游泳馆气枕包覆面积约3300㎡，综合馆和游泳馆中部PTFE雨棚覆盖面积约2000㎡；最高控制价为18845308元 ；</p><palign="left">2.3. 招标范围和内容： 青口镇文体中心外立面膜结构工程施工，内容包括 ETFE 充气膜 结构、PTFE雨棚的二次深化设计、材料供应、膜结构工程制作及安装等全部相关工程施工 ，具体详见工程量清单和施工图纸；</p><palign="left">2.4. 工期要求：总工期：150个日历天；其中各关键节点的工期要求为：无；</p><palign="left">2.5. 工程质量要求：符合设计、国家工程施工质量验收规范合格标准；</p><palign="left">2.6. 本项目（标段）招标有关的单位：</p><palign="left">2.6.1. 咨询单位：福建省闽建工程造价咨询有限公司；</p><palign="left">2.6.2.设计单位：城市建设研究院；</p><palign="left">2.6.3.代建单位：无 ；</p><palign="left">2.6.4.监理单位：待定。</p><palign="left">3. 投标人资格要求及审查办法</p><palign="left">3.1.本招标项目要求投标人具备建设行政主管部门核发有效的三级及以上钢结构工程专业承包施工资质和《施工企业安全生产许可证》；投标人同时具备中国钢结构协会空间结构分会核发有效的膜结构工程设计二级及以上资质和膜结构工程承包二级及以上资质。</p><palign="left">3.2.投标人拟担任本招标项目的项目经理应具备有效的不低于二级建筑工程专业注册建造师执业资格(含临时执业证书)注册建造师执业资格，并持有有效的安全生产考核合格证书（B证）；依据闽建筑[2013]41号和闽建筑[2014]6号文规定：（1）已按规定在2013年12月31日前提出延续注册申请或者已办理完延续注册的二级临时注册建造师；已按规定在2014年2月28日前提出延续注册申请或者已办理完延续注册的一级建造师临时注册建造师；（2）已提出申请但还未办理完成延续注册的二级及以上临时注册建造师，投标人应在投标文件中附有省住房和城乡建设厅行政服务中心出具的延续注册受理单证明并加盖投标人公章，否则按资格审查不合格处理。</p><palign="left">3.3. 本招标项目 接受 联合体投标，自愿组成联合体的应由 具备 三级及以上钢结构工程专业承包施工资质 的企业为主办方，且各方均应具备承担招标项目的相应资质条件，相同专业单位组成的联合体的，按照资质等级较低的单位确定资质等级。</p><palign="left">3.4.投标人&ldquo;类似工程业绩&rdquo;要求：投标人至少有1项业绩；&ldquo;类似工程业绩&rdquo;是指（下同）：自本招标公告发布之日的前5年内（不含发布招标公告当日）完成的并经竣工验收合格的单项合同工程造价不少于500万元的ETFE充气膜结构工程的国内（不含港澳台地区）施工项目。注：根据闽建筑（2011）39号文要求，本招标项目（工程）所称的类似工程业绩应符合以下条件之一：（1）在福建省行政区域内完成的业绩或抢险救灾中由福建省组织在省外完成的业绩；（2）在福建省外完成的业绩，必须是通过互联网且不需任何权限即可在工程所在地的建设行政主管部门政务网站查询得到，而且查询到的数据应能满足本招标项目（工程）的要求。</p><palign="left">3.5. 投标人应在人员、设备、资金等方面具有承担本招标项目（标段）施工的能力，具体要求详见招标文件；</p><palign="left">3.6. 本招标项目招标人对投标人的资格审查采用的方式：资格后审。</p><palign="left">3.7. 投标时，投标人和拟派本工程项目管理班子成员没有因违法违规被有关行政监督部门取消或限制本招标项目的投标。</p><palign="left">3.8.投标人具备已通过年检合格有效的企业法人营业执照，企业注册资本金金额应超过3769062元（即本项目最高控制价&times;20%的金额）。</p><palign="left">4. 招标文件的获取</p><palign="left">4.1. 凡有意参加投标者，请于 2014 年 2 月 24 日至 2014 年 2 月 28日（法定公休日、法定节假日除外），每天上午 9 时 00 分至 12 时 00 分，下午 13 时 00 分至 16 时 30 分（北京时间，下同），到<u>闽侯县建设工程交易中心</u> 福建省闽建工程造价咨询有限公司 <u>代表处（地址：闽侯县科技中心内闽侯县行政服务中心负一楼</u> ） 购买招标文件；</p><palign="left">4.2. 招标文件每份售价 200元，（含工程量清单、工程控制价、电子光盘等），售后不退。投标人若需要购买本项目施工图纸的，可向招标人提出申请，招标人在三个工作日内提供购买的施工图纸，图纸售价不高于《福建省物价局转发国家计委关于印发</p><palign="left">5. 评标办法</p><palign="left">本招标项目采用的评标办法： 经评审的最低投标价中标法 。</p><palign="left">6. 投标保证金的提交</p><palign="left">6.1. 投标保证金提交的时间：投标截止时间之前；</p><palign="left">6.2.投标保证金提交的方式：从投标人企业基本账户以电汇或银行转账的形式汇达投标保证金指定账户；或按榕建招[2013]38号文规定交存年度投标保证金；</p><palign="left">6.3. 投标保证金提交的金额：人民币叁拾陆万元。</p><palign="left">7. 投标文件的递交</p><palign="left">7.1. 投标文件递交的截止时间（投标截止时间）： 2014 年 3 月 18 日 10 时 00 分，提交地点为闽侯县建设工程交易中心本项目开标室 ；<u>在递交纸质投标文件的同时，投标人拟派出的委托代理人出示授权委托书原件和身份证原件，项目经理应当持注册建造师执业证书（或建造师临时执业证书）原件、身份证原件、购买招标文件凭证（一份凭证仅代表一个投标人）原件到场核验登记，否则其投标文件将不予接收。</u></p><palign="left">7.2. 逾期送达的或未送达指定地点或投标文件密封不符合规定要求的投标文件，招标人不予受理。</p><palign="left">8. 发布公告的媒介</p><palign="left">本次招标公告同时在 福建招标与采购网（ http://www.fjbid.gov.cn ） 、福州市建设工程招标投标网（ www.fzztb .org）、闽侯招标网（www.mhztb.com）及闽侯县建设工程交易中心公示栏 上发布。</p><palign="left">9. 联系方式</p><palign="left">招标人：闽侯县青口镇小城镇综合改革建设试点指挥部；</p><palign="left">地址：闽侯县青口镇工业路1号，邮编：350119；</p><palign="left">电 话：0591-22770987</p><palign="left">联系人：林主任。</p><palign="left">招标代理机构：福建省闽建工程造价咨询有限公司</p><palign="left">地址：福州市工业路451号鼓楼科技商务中心大厦六层，邮编：350002；</p><palign="left">电话：0591-87605650-819，传真：0591-87623982；</p><palign="left">联系人：林工。</p><palign="left">投标保证金银行帐号：</p><palign="left">开户银行：民生银行福州闽侯支行；</p><palign="left">帐户名称：闽侯县建设工程交易中心；</p><palign="left">帐 号：1516 0142 1000 0041 。</p><palign="left">（应在汇款凭证上注明&ldquo;闽侯房建招2014011&rdquo;投标保证金，如因投标人汇款凭证未注明项目招标编号造成银行无法识别投标保证金到账情况或识别错误的，其责任由投标人自行承担。）</p><palign="left">交易中心名称： 闽侯县建设工程交易中心 ；</p><palign="left">电 话： 0591-22063699 ；</p><palign="left">地 址： 闽侯县科技中心内闽侯县行政服务中心负一楼 。</p></p></p>', '', 0),
(1419, 1, 43, 68, '', '<p ><br class="Apple-interchange-newline" /><p align="center"></p><center><imgid="597978" title="" border="0" align="center" src="res/201509/02/1441090061_0_691.jpg" sourcename="本地文件" sourcedescription="编辑提供的本地文件" alt="" /></center><p></p><p></p><p >大连体育场，2754个气枕附着在体育新城中心体育场周围的钢结构桁架上，白天或夜晚在阳光或LED灯的照射下，蓝白相间的膜气枕将会形成海浪翻滚的大景观，将把本市这座海滨城市的特点充分展现在世人面前。据了解，中心体育场外膜结构工程将在5月底全部完工。昨天，记者走进中心体育场进行了一番探访。</p><p >蓝白相间的条块将中心体育场从空中&ldquo;包裹&rdquo;起来，远看，犹如大海中的波浪在翻滚。蓝色条块就像蓝色的海面一样，白色条块象征翻滚着的白色浪花。近看，在偌大的圆形体育场四周布满了脚手架，蓝色条块和白色条块由众多气枕组成，将圆形的体育场在纵向也形成圆弧形状，若一幢巨型战鼓悬于半空。</p><p >进入体育场内部，看台上坐椅林立，广场上的塑胶跑道和中间的绿色球场已经显现出来。往上看，圆穹形的膜结构将看台全部覆盖。&ldquo;观看比赛时，自然是风吹不着，雨淋不到。 &rdquo;中心体育场外膜结构工程施工单位，是曾参与北京水立方膜结构工程施工的本市民营企业大连伟霖膜结构工程有限公司，该公司高级工程师刘昌伟说，大连中心体育场还有内膜，将会从内部把眼前的纵横交错的钢结构桁架全部包裹起来。</p><p >目前，仅有西南部接近1万平方米的外膜结构还没有完工。本月底外膜结构将全部完工。</p></p>', '', 0),
(1420, 1, 43, 68, '', '<p ><p><b>膜结构</b><span >主要适用场所：体育场馆,体育场看台,主席台,相关遮阳遮雨膜结构; 高速公路收费站,加油站,停车场,公交站台,机场,地铁站,游乐园,休闲广场,观景台,舞台空,停车场膜结构；小区入口、车库入口、通道走廊、城市标志入口；高速公路收费站空间膜结构、加油站膜结构、博览会展厅膜结构、购物中心、售货亭、商业步行街、批发中心、临时会场张拉膜结构、休闲场所张拉膜结构景观膜结构、泳池遮阳膜，景观膜结构、大门出入张拉膜、小品膜、标志性膜结构建筑等。</span></p><p><span class="Apple-converted-space"></span><br /></p><p><imgborder="0" width="675" height="670" alt="" src="res/201509/02/1441090045_0_444.jpg" /></p><p><p >膜结构主要适用场所：运动场、体育馆、体育看台张拉膜结构; 博物馆张拉膜、音乐广场索膜结构、游乐园、休闲广场张拉膜结构、观景台张拉膜、舞台空间膜结构、停车场膜结构；高速公路收费站空间膜结构、加油站膜结构、博览会展厅膜结构、购物中心、售货亭、商业步行街、批发中心、临时会场张拉膜结构、休闲场所张拉膜结构景观膜结构、泳池遮阳膜，景观膜结构、大门出入张拉膜、小品膜、标志性膜结构建筑等。</p><p ></p><p ></p><p ></p></p></p>', '', 0),
(1421, 1, 43, 68, '', '<p ></p><ul><li >PTFE膜材&mdash;&mdash;耐久性强，使用寿命在30年以上</li><li >PTFE膜材&mdash;&mdash;是永久性建筑的首选材料</li><li >PTFE膜材&mdash;&mdash;超自洁，防火材料</li><li >PTFE膜材&mdash;&mdash;专业化的加工工艺，严格的施工规程<br /> 膜结构建筑中最常用的膜材料。PTFE膜材料是指在极细的玻璃纤维（3微米）编织成的基布上涂上PTFE（聚四氟乙烯）树脂而形成的复合材料。PVC膜材料是指在聚酯纤维编织的基布上涂上PVC（聚氟乙烯）树脂而形成的复合材料。</li></ul>', '', 0),
(1422, 1, 43, 68, '', '<p ></p><pid="MyContent"><p>  2020年东京奥运会和残奥会筹备委员会公布了作为东京奥运会主会场的新国立竞技场的概念图。</p><p>　　国际奥委会全会当地时间9月7日在阿根廷首都布宜诺斯艾利斯投票选出2020年夏季奥运会的主办城市。日本东京最终击败西班牙马德里和土耳其伊斯坦布尔，获得2020年夏季奥运会举办权。</p><p></p><p ></p><p align="center"><img id="23416362" align="center" src="res/201509/02/1441090082_0_293.jpg" width="602" height="276" md5="" alt="" /></p><p align="center"></p><p ></p><p align="center"><img id="23416363" align="center" src="res/201509/02/1441090082_1_175.jpg" width="600" height="353" md5="" alt="" /></p><p align="center"></p><p ></p><p align="center"><img id="23416364" align="center" src="res/201509/02/1441090082_2_260.jpg" width="598" height="353" md5="" alt="" /></p><p align="center"></p><p align="center"></p><p >据了解，日本新国家体育场效果图是由东京奥运会审查委员会从全球募集的众多设计图中评选而出，该设计图出自的伊拉克女建筑家扎哈-哈迪德之手，从效果图来看，日本新国家体育场外观采用了全新的流线型设计，审查委员会给予了&ldquo;内部空间感强烈，与东京都城市空间相呼应&rdquo;、&ldquo;可开闭式天窗增加了体育场的实用性&rdquo;等高度评价。</p><p >根据计算，日本新国家体育场的扩建总花费将达到1300亿日元（约人民币78亿元），预计竣工时间为2019年3月，该体育场作为2020年东京奥运会比赛主会场，届时奥运会的开幕式、闭幕式、足球、田径等项目都将在该会场举行。</p><p ></p><p></p><p></p><p></p><p></p></p><p ></p>', '', 0),
(1423, 1, 43, 68, '1247', '', '', 1);

-- --------------------------------------------------------

--
-- 表的结构 `qinggan_list_23`
--

CREATE TABLE IF NOT EXISTS `qinggan_list_23` (
  `id` int(10) unsigned NOT NULL DEFAULT '0' COMMENT '主题ID',
  `site_id` mediumint(8) unsigned NOT NULL DEFAULT '0' COMMENT '网站ID',
  `project_id` mediumint(8) unsigned NOT NULL DEFAULT '0' COMMENT '项目ID',
  `cate_id` mediumint(8) unsigned NOT NULL DEFAULT '0' COMMENT '主分类ID',
  `link` longtext NOT NULL COMMENT '链接',
  `target` varchar(255) NOT NULL DEFAULT '_self' COMMENT '链接方式',
  PRIMARY KEY (`id`),
  KEY `site_id` (`site_id`,`project_id`,`cate_id`)
) ENGINE=MyISAM DEFAULT CHARSET=utf8 COMMENT='导航';

--
-- 转存表中的数据 `qinggan_list_23`
--

INSERT INTO `qinggan_list_23` (`id`, `site_id`, `project_id`, `cate_id`, `link`, `target`) VALUES
(520, 1, 42, 0, 'a:2:{s:7:"default";s:9:"index.php";s:7:"rewrite";s:10:"index.html";}', '_self'),
(712, 1, 42, 0, 'a:2:{s:7:"default";s:20:"index.php?id=aboutus";s:7:"rewrite";s:12:"aboutus.html";}', '_self'),
(713, 1, 42, 0, 'a:2:{s:7:"default";s:17:"index.php?id=news";s:7:"rewrite";s:9:"news.html";}', '_self'),
(714, 1, 42, 0, 'a:2:{s:7:"default";s:20:"index.php?id=product";s:7:"rewrite";s:12:"product.html";}', '_self'),
(716, 1, 42, 0, 'a:2:{s:7:"default";s:17:"index.php?id=book";s:7:"rewrite";s:9:"book.html";}', '_self'),
(755, 1, 42, 0, 'a:2:{s:7:"default";s:17:"index.php?id=work";s:7:"rewrite";s:9:"work.html";}', '_self'),
(760, 1, 42, 0, 'a:2:{s:7:"default";s:30:"index.php?id=news&cate=company";s:7:"rewrite";s:17:"news/company.html";}', '_self'),
(761, 1, 42, 0, 'a:2:{s:7:"default";s:31:"index.php?id=news&cate=industry";s:7:"rewrite";s:18:"news/industry.html";}', '_self'),
(1254, 1, 42, 0, 'a:2:{s:7:"default";s:31:"index.php?id=development-course";s:7:"rewrite";s:23:"development-course.html";}', '_self'),
(1256, 1, 42, 0, 'a:2:{s:7:"default";s:18:"index.php?id=photo";s:7:"rewrite";s:10:"photo.html";}', '_self'),
(1298, 1, 42, 0, 'a:2:{s:7:"default";s:28:"index.php?id=download-center";s:7:"rewrite";s:20:"download-center.html";}', '_self'),
(1299, 1, 42, 0, 'a:2:{s:7:"default";s:16:"index.php?id=bbs";s:7:"rewrite";s:8:"bbs.html";}', '_self'),
(1300, 1, 147, 0, 'a:2:{s:7:"default";s:21:"index.php?id=about-us";s:7:"rewrite";s:13:"about-us.html";}', '_self'),
(1301, 1, 147, 0, 'a:2:{s:7:"default";s:31:"index.php?id=development-course";s:7:"rewrite";s:23:"development-course.html";}', '_self'),
(1302, 1, 147, 0, 'a:2:{s:7:"default";s:17:"index.php?id=news";s:7:"rewrite";s:9:"news.html";}', '_self'),
(1303, 1, 147, 0, 'a:2:{s:7:"default";s:17:"index.php?id=book";s:7:"rewrite";s:9:"book.html";}', '_self'),
(1304, 1, 147, 0, 'a:2:{s:7:"default";s:23:"index.php?id=contact-us";s:7:"rewrite";s:15:"contact-us.html";}', '_self');

-- --------------------------------------------------------

--
-- 表的结构 `qinggan_list_24`
--

CREATE TABLE IF NOT EXISTS `qinggan_list_24` (
  `id` int(10) unsigned NOT NULL DEFAULT '0' COMMENT '主题ID',
  `site_id` mediumint(8) unsigned NOT NULL DEFAULT '0' COMMENT '网站ID',
  `project_id` mediumint(8) unsigned NOT NULL DEFAULT '0' COMMENT '项目ID',
  `cate_id` mediumint(8) unsigned NOT NULL DEFAULT '0' COMMENT '主分类ID',
  `pictures` varchar(255) NOT NULL DEFAULT '' COMMENT '图片',
  `thumb` varchar(255) NOT NULL DEFAULT '' COMMENT '缩略图',
  `content` longtext NOT NULL COMMENT '内容',
  `m_title` varchar(255) NOT NULL DEFAULT '' COMMENT '手机版标题',
  PRIMARY KEY (`id`),
  KEY `site_id` (`site_id`,`project_id`,`cate_id`)
) ENGINE=MyISAM DEFAULT CHARSET=utf8 COMMENT='产品';

--
-- 转存表中的数据 `qinggan_list_24`
--

INSERT INTO `qinggan_list_24` (`id`, `site_id`, `project_id`, `cate_id`, `pictures`, `thumb`, `content`, `m_title`) VALUES
(1753, 1, 45, 582, '', '1013', '<p><img src="res/201603/22/auto_1011.jpg" alt="auto_1011.jpg"/></p><p><img src="res/201603/22/auto_1010.jpg" alt="auto_1010.jpg"/></p><p><img src="res/201603/22/auto_1012.jpg" alt="auto_1012.jpg"/></p>', '小米5'),
(1760, 1, 45, 583, '1015,1017,1016', '1015', '', '魅族 MX5'),
(1761, 1, 45, 584, '1019,1020,1018', '1018', '<p style="text-indent: 2em;">2014年5月7日，华为在巴黎发布了2014旗舰机型P7。P7配置5英寸1080P全高清屏幕，采用金属+双玻璃结构，机身厚度仅6.5mm，支持CAT4 LTE网络，五月起在中国大陆等30多个国家及地区开售，全球售价449欧元，中国大陆售价为人民币2888元。</p><p style="text-indent: 2em;"><br/></p><p style="text-indent: 2em;">华为P7正面采用5寸1080p屏，有着6.5mm的极致超薄机身，拍照方面有着前置800万+后置1300万摄像头组合，内置1.8GHz海思Kirin910T四核处理器，有着2GBRAM+16GBROM机身存储，后置不可拆卸的2500mAh电池，支持CAT4LTE4G网络。华为Ascend P7分辨率为1920X1080像素的FHD级别，显示效果非常细腻。核心方面内置一颗主频1.8GHz海思Kirin 910T四核芯处理器，以及2GB RAM+16GB ROM的内存组合，流畅运行基于Android 4.4系统的Emotion UI 2.3用户界面。<br/></p><p><br/></p>', '华为 P7'),
(1762, 1, 45, 585, '1021,1022,1023,1024', '1021', '<h4>双曲面屏幕</h4><p>vivo Xplay5采用了双曲面屏幕，屏幕两侧有较大的弧度，曲面的屏幕会使屏幕呈现出无边的视觉效果。</p><p>vivo Xplay5专为曲面侧屏设计了侧屏来电提醒、解锁。</p><p><br/></p><h4>侧面解锁</h4><p>解锁方面，用户在进行图标滑动至曲面屏部分时会发生明显的「变形」，当在锁屏界面滑动解锁时，手机的曲面屏会有相当明显的光晕效果。</p><p>侧屏来电提醒：当手机反扣放在桌面时，如果手机来电时，双侧曲面屏也会散发波浪光影提醒用户来电信息。</p><p><br/></p><h4>智慧引擎</h4><p>智慧引擎优化主要分为内存加速和处理器加速。根据用户的使用情况选择性地智能加载部分常用应用，并调高这些常用应用的优先级，减小被回收的几率。另外，vivo 还优化了系统代码，大幅度降低系统的内存占用，并针对性地做了缓存碎片和内存的闲时动态回收，进而腾出更多的内存空间供用户使用。</p><p><br/></p><h4>分屏多任务</h4><p>vivo Xplay5配备了分屏多任务功能。在用户进行看电影，游戏，看书时，微信QQ聊天时不需进行切换，手机可以自动分屏为功能屏幕，一边聊微信，一边看电影。</p><p>但是现在分屏多任务支持的软件还有限，如果支持更多软件，分屏功能将会更实用。</p><p><br/></p><h4>128GB存储和3600mAh</h4><p>vivo Xplay5和vivo Xplay5旗舰版均配备了128GB的存储空间和3600mAH，提供更大和更长的续航选择。</p>', 'vivo Xplay5'),
(1763, 1, 45, 216, '1026,1027,1025,1028', '1025', '<p>iPhone SE是美国苹果公司推出的一款新的4英寸iPhone智能手机，该手机基本上是2013年发布的iPhone 5s的升级版本。苹果公司将该款产品命名为：iPhone SE，这意味着iPhone升级版本的名称将首次不带数字。</p><p><br/></p><p>iPhone SE由苹果公司于美国时间2016年3月21日13点在美国加州库比蒂诺总部举行发布会正式发布。 iPhone SE有玫瑰金色，有一个嵌入不锈钢标志。正面和背面底部有玻璃镜面。iPhone SE外观与iPhone 5s基本一致。iPhone SE 16G和64G的美国市场售价分别为399和499美元，中国首发售价分别为3288元4088元。</p><p><br/></p>', 'Apple iPhone 5SE');

-- --------------------------------------------------------

--
-- 表的结构 `qinggan_list_40`
--

CREATE TABLE IF NOT EXISTS `qinggan_list_40` (
  `id` int(10) unsigned NOT NULL DEFAULT '0' COMMENT '主题ID',
  `site_id` mediumint(8) unsigned NOT NULL DEFAULT '0' COMMENT '网站ID',
  `project_id` mediumint(8) unsigned NOT NULL DEFAULT '0' COMMENT '项目ID',
  `cate_id` mediumint(8) unsigned NOT NULL DEFAULT '0' COMMENT '主分类ID',
  `content` longtext NOT NULL COMMENT '内容',
  PRIMARY KEY (`id`),
  KEY `site_id` (`site_id`,`project_id`,`cate_id`)
) ENGINE=MyISAM DEFAULT CHARSET=utf8 COMMENT='关于我们';

--
-- 转存表中的数据 `qinggan_list_40`
--

INSERT INTO `qinggan_list_40` (`id`, `site_id`, `project_id`, `cate_id`, `content`) VALUES
(1756, 1, 87, 0, '<p>深圳市锟铻科技有限公司（Shenzhen Kunwu Technology Co., Ltd.）创立于2014年，专注于企业网站技术的研究和开发，是国内最有影响力的企业网站技术提供商。</p><p>“创新，将新技术转化为生产力”是锟铻科技的核心竞争力。凭借对软件和互联网行业的深刻理解，锟铻科技将软件技术与互联网应用相结合，将领先业界的产品理念和丰富的产品开发经验相结合，为用户提供简单、方便、安全、实用的协同应用软件产品和解决方案，帮助客户实现低成本、低风险、快起步、高效率的信息化目标。</p><p>锟铻科技成长的过程，就是服务客户并和客户一起不断成功的过程！我们用心、努力作好每一件事，满怀信心迎接每一次挑战。</p>'),
(1757, 1, 87, 0, '<p>联系我们</p><p>请到后台：关于我们》联系我们那里管理相关内容</p>'),
(1758, 1, 87, 0, '<table><tbody><tr class="firstRow"><td width="117" valign="top" style="word-break: break-all;"><span style="color: rgb(192, 0, 0);">2011年12月</span></td><td width="721" valign="top" style="word-break: break-all;">phpok3.4版发布（后台更换为桌面式）</td></tr><tr><td width="116" valign="top" style="word-break: break-all;"><span style="color: rgb(192, 0, 0);">2011年9月</span></td><td width="721" valign="top" style="word-break: break-all;">phpok3.3完整版发布</td></tr><tr><td valign="top" colspan="1" rowspan="1" style="word-break: break-all;" width="115"><span style="color: rgb(192, 0, 0);">2010年8月</span></td><td valign="top" colspan="1" rowspan="1" style="word-break: break-all;" width="719">phpok3.0完整版发布</td></tr><tr><td valign="top" colspan="1" rowspan="1" style="word-break: break-all;" width="115"><span style="color: rgb(192, 0, 0);">2008年9月</span></td><td valign="top" colspan="1" rowspan="1" style="word-break: break-all;" width="719">phpok3.0精简版发布</td></tr><tr><td valign="top" colspan="1" rowspan="1" style="word-break: break-all;" width="115"><span style="color: rgb(192, 0, 0);">2008年5月</span></td><td valign="top" colspan="1" rowspan="1" style="word-break: break-all;" width="719">phpok2.2稳定版发布</td></tr><tr><td valign="top" colspan="1" rowspan="1" style="word-break: break-all;" width="116"><span style="color: rgb(192, 0, 0);">2008年3月</span></td><td valign="top" colspan="1" rowspan="1" style="word-break: break-all;" width="719">phpok2.0发布</td></tr><tr><td valign="top" colspan="1" rowspan="1" style="word-break: break-all;" width="116"><span style="color: rgb(192, 0, 0);">2007年5月</span></td><td valign="top" colspan="1" rowspan="1" style="word-break: break-all;" width="719">qgweb5.2发布，同时更名为 phpok1.0版本</td></tr><tr><td valign="top" colspan="1" rowspan="1" style="word-break: break-all;" width="115"><span style="color: rgb(192, 0, 0);">2007年1月</span></td><td valign="top" colspan="1" rowspan="1" style="word-break: break-all;" width="719">qgweb5.0发布（第一次实现多语言，多风格的建站系统）</td></tr><tr><td valign="top" colspan="1" rowspan="1" style="word-break: break-all;" width="115"><span style="color: rgb(192, 0, 0);">2006年10月</span></td><td valign="top" colspan="1" rowspan="1" style="word-break: break-all;" width="719">qgweb4.2发布（GBK）</td></tr><tr><td valign="top" colspan="1" rowspan="1" style="word-break: break-all;" width="115"><span style="color: rgb(192, 0, 0);">2006年8月</span></td><td valign="top" colspan="1" rowspan="1" style="word-break: break-all;" width="719">qgweb4.1发布（UTF-8）</td></tr><tr><td valign="top" colspan="1" rowspan="1" style="word-break: break-all;" width="115"><span style="color: rgb(192, 0, 0);">2006年6月</span></td><td valign="top" colspan="1" rowspan="1" style="word-break: break-all;" width="719">qgweb4.0发布</td></tr><tr><td valign="top" colspan="1" rowspan="1" style="word-break: break-all;" width="115"><span style="color: rgb(192, 0, 0);">2005年11月</span></td><td valign="top" colspan="1" rowspan="1" style="word-break: break-all;" width="719">qgWeb3.0发布</td></tr><tr><td valign="top" colspan="1" rowspan="1" style="word-break: break-all;" width="115"><span style="color: rgb(192, 0, 0);">2005年8月</span></td><td valign="top" colspan="1" rowspan="1" style="word-break: break-all;" width="719">工作室论坛开通</td></tr><tr><td valign="top" colspan="1" rowspan="1" style="word-break: break-all;" width="115"><span style="color: rgb(192, 0, 0);">2005年7月</span></td><td valign="top" colspan="1" rowspan="1" style="word-break: break-all;" width="719">qgWeb1.0发布</td></tr><tr><td valign="top" colspan="1" rowspan="1" style="word-break: break-all;" width="115"><span style="color: rgb(192, 0, 0);">2005年4月</span></td><td valign="top" colspan="1" rowspan="1" style="word-break: break-all;" width="719">qgWeb0.54版发布</td></tr></tbody></table><p><br/></p>'),
(1759, 1, 87, 0, '<p>工作环境~</p>');

-- --------------------------------------------------------

--
-- 表的结构 `qinggan_list_46`
--

CREATE TABLE IF NOT EXISTS `qinggan_list_46` (
  `id` int(10) unsigned NOT NULL DEFAULT '0' COMMENT '主题ID',
  `site_id` mediumint(8) unsigned NOT NULL DEFAULT '0' COMMENT '网站ID',
  `project_id` mediumint(8) unsigned NOT NULL DEFAULT '0' COMMENT '项目ID',
  `cate_id` mediumint(8) unsigned NOT NULL DEFAULT '0' COMMENT '主分类ID',
  `fullname` varchar(255) NOT NULL DEFAULT '' COMMENT '姓名',
  `email` varchar(255) NOT NULL DEFAULT '' COMMENT '邮箱',
  `content` longtext NOT NULL COMMENT '内容',
  `adm_reply` longtext NOT NULL COMMENT '管理员回复',
  `pic` varchar(255) NOT NULL DEFAULT '' COMMENT '图片',
  PRIMARY KEY (`id`),
  KEY `site_id` (`site_id`,`project_id`,`cate_id`)
) ENGINE=MyISAM DEFAULT CHARSET=utf8 COMMENT='留言模块';

--
-- 转存表中的数据 `qinggan_list_46`
--

INSERT INTO `qinggan_list_46` (`id`, `site_id`, `project_id`, `cate_id`, `fullname`, `email`, `content`, `adm_reply`, `pic`) VALUES
(1285, 1, 96, 0, '测试留言', '测试留言', '测试留言', '', '');

-- --------------------------------------------------------

--
-- 表的结构 `qinggan_list_61`
--

CREATE TABLE IF NOT EXISTS `qinggan_list_61` (
  `id` int(10) unsigned NOT NULL DEFAULT '0' COMMENT '主题ID',
  `site_id` mediumint(8) unsigned NOT NULL DEFAULT '0' COMMENT '网站ID',
  `project_id` mediumint(8) unsigned NOT NULL DEFAULT '0' COMMENT '项目ID',
  `cate_id` mediumint(8) unsigned NOT NULL DEFAULT '0' COMMENT '主分类ID',
  `link` longtext NOT NULL COMMENT '链接',
  `target` varchar(255) NOT NULL DEFAULT '_self' COMMENT '链接方式',
  `tel` varchar(255) NOT NULL DEFAULT '' COMMENT '联系人电话',
  PRIMARY KEY (`id`),
  KEY `site_id` (`site_id`,`project_id`,`cate_id`)
) ENGINE=MyISAM DEFAULT CHARSET=utf8 COMMENT='友情链接';

--
-- 转存表中的数据 `qinggan_list_61`
--

INSERT INTO `qinggan_list_61` (`id`, `site_id`, `project_id`, `cate_id`, `link`, `target`, `tel`) VALUES
(1252, 1, 142, 0, 'http://www.phpok.com', '_blank', ''),
(1261, 1, 142, 0, 'http://www.sz-qibang.com/', '_blank', ''),
(1262, 1, 142, 0, 'http://www.17tengfei.com/', '_blank', ''),
(1263, 1, 142, 0, 'http://www.7139.com', '_blank', ''),
(1264, 1, 142, 0, 'http://www.chinaz.com/', '_blank', ''),
(1265, 1, 142, 0, 'http://www.admin5.com/', '_blank', ''),
(1266, 1, 142, 0, 'http://www.cnzz.cn/', '_blank', ''),
(1267, 1, 142, 0, 'http://www.im286.com/', '_blank', ''),
(1268, 1, 142, 0, 'http://www.mycodes.net/', '_blank', ''),
(1772, 1, 142, 0, 'http://www.phpok.com', '_self', '15818533971');

-- --------------------------------------------------------

--
-- 表的结构 `qinggan_list_64`
--

CREATE TABLE IF NOT EXISTS `qinggan_list_64` (
  `id` int(10) unsigned NOT NULL DEFAULT '0' COMMENT '主题ID',
  `site_id` mediumint(8) unsigned NOT NULL DEFAULT '0' COMMENT '网站ID',
  `project_id` mediumint(8) unsigned NOT NULL DEFAULT '0' COMMENT '项目ID',
  `cate_id` mediumint(8) unsigned NOT NULL DEFAULT '0' COMMENT '主分类ID',
  `qq` varchar(255) NOT NULL DEFAULT '' COMMENT '客服QQ',
  PRIMARY KEY (`id`),
  KEY `site_id` (`site_id`,`project_id`,`cate_id`)
) ENGINE=MyISAM DEFAULT CHARSET=utf8 COMMENT='客服';

--
-- 转存表中的数据 `qinggan_list_64`
--

INSERT INTO `qinggan_list_64` (`id`, `site_id`, `project_id`, `cate_id`, `qq`) VALUES
(1305, 1, 148, 0, '40782502'),
(1427, 1, 148, 0, '150467466');

-- --------------------------------------------------------

--
-- 表的结构 `qinggan_list_65`
--

CREATE TABLE IF NOT EXISTS `qinggan_list_65` (
  `id` int(10) unsigned NOT NULL DEFAULT '0' COMMENT '主题ID',
  `site_id` mediumint(8) unsigned NOT NULL DEFAULT '0' COMMENT '网站ID',
  `project_id` mediumint(8) unsigned NOT NULL DEFAULT '0' COMMENT '项目ID',
  `cate_id` mediumint(8) unsigned NOT NULL DEFAULT '0' COMMENT '主分类ID',
  `note` longtext NOT NULL COMMENT '摘要',
  `fsize` varchar(255) NOT NULL DEFAULT '' COMMENT '文件大小',
  `content` longtext NOT NULL COMMENT '内容',
  `version` varchar(255) NOT NULL DEFAULT '' COMMENT '版本',
  `website` varchar(255) NOT NULL DEFAULT '' COMMENT '官方网站',
  `platform` varchar(255) NOT NULL DEFAULT '' COMMENT '适用平台',
  `devlang` varchar(255) NOT NULL DEFAULT '' COMMENT '开发语言',
  `author` varchar(255) NOT NULL DEFAULT '' COMMENT '开发商',
  `thumb` varchar(255) NOT NULL DEFAULT '' COMMENT '缩略图',
  `copyright` varchar(255) NOT NULL DEFAULT '' COMMENT '授权协议',
  `dfile` varchar(255) NOT NULL DEFAULT '' COMMENT '附件',
  PRIMARY KEY (`id`),
  KEY `site_id` (`site_id`,`project_id`,`cate_id`)
) ENGINE=MyISAM DEFAULT CHARSET=utf8 COMMENT='资源下载';

--
-- 转存表中的数据 `qinggan_list_65`
--

INSERT INTO `qinggan_list_65` (`id`, `site_id`, `project_id`, `cate_id`, `note`, `fsize`, `content`, `version`, `website`, `platform`, `devlang`, `author`, `thumb`, `copyright`, `dfile`) VALUES
(1310, 1, 151, 198, '​测试下载~', '5KB', '<p>测试下载~<br/></p>', '1.0', 'http://www.phpok.com', 'OS', 'PHP/MySQL', 'PHPOK.com', '624', '免费版', '1029');

-- --------------------------------------------------------

--
-- 表的结构 `qinggan_list_66`
--

CREATE TABLE IF NOT EXISTS `qinggan_list_66` (
  `id` int(10) unsigned NOT NULL DEFAULT '0' COMMENT '主题ID',
  `site_id` mediumint(8) unsigned NOT NULL DEFAULT '0' COMMENT '网站ID',
  `project_id` mediumint(8) unsigned NOT NULL DEFAULT '0' COMMENT '项目ID',
  `cate_id` mediumint(8) unsigned NOT NULL DEFAULT '0' COMMENT '主分类ID',
  `content` longtext NOT NULL COMMENT '内容',
  `toplevel` varchar(255) NOT NULL DEFAULT '0' COMMENT '置顶',
  `thumb` varchar(255) NOT NULL DEFAULT '' COMMENT '缩略图',
  PRIMARY KEY (`id`),
  KEY `site_id` (`site_id`,`project_id`,`cate_id`)
) ENGINE=MyISAM DEFAULT CHARSET=utf8 COMMENT='论坛BBS';

--
-- 转存表中的数据 `qinggan_list_66`
--

INSERT INTO `qinggan_list_66` (`id`, `site_id`, `project_id`, `cate_id`, `content`, `toplevel`, `thumb`) VALUES
(1311, 1, 152, 204, '<p>测试论坛功能</p>', '', ''),
(1334, 1, 152, 204, '<p>测试</p>', '', ''),
(1854, 1, 152, 204, '<p>测试新主题测试新主题测试新主题测试新主题测试新主题</p>', '0', '1040'),
(222081, 1, 152, 204, '<p>塔顶载<br/></p>', '0', '1248'),
(222082, 1, 152, 204, '<p>栽植asf<br/></p>', '0', '');

-- --------------------------------------------------------

--
-- 表的结构 `qinggan_list_68`
--

CREATE TABLE IF NOT EXISTS `qinggan_list_68` (
  `id` int(10) unsigned NOT NULL DEFAULT '0' COMMENT '主题ID',
  `site_id` mediumint(8) unsigned NOT NULL DEFAULT '0' COMMENT '网站ID',
  `project_id` mediumint(8) unsigned NOT NULL DEFAULT '0' COMMENT '项目ID',
  `cate_id` mediumint(8) unsigned NOT NULL DEFAULT '0' COMMENT '主分类ID',
  `thumb` varchar(255) NOT NULL DEFAULT '' COMMENT '缩略图',
  `pictures` varchar(255) NOT NULL DEFAULT '' COMMENT '图片',
  `content` longtext NOT NULL COMMENT '内容',
  PRIMARY KEY (`id`),
  KEY `site_id` (`site_id`,`project_id`,`cate_id`)
) ENGINE=MyISAM DEFAULT CHARSET=utf8 COMMENT='图集相册';

--
-- 转存表中的数据 `qinggan_list_68`
--

INSERT INTO `qinggan_list_68` (`id`, `site_id`, `project_id`, `cate_id`, `thumb`, `pictures`, `content`) VALUES
(1765, 1, 144, 211, '1025', '1025,1028,1027,1026', ''),
(1766, 1, 144, 211, '1024', '1021,1023,1024,1022', '<h4 style="white-space: normal;">双曲面屏幕</h4><p style="white-space: normal;">vivo Xplay5采用了双曲面屏幕，屏幕两侧有较大的弧度，曲面的屏幕会使屏幕呈现出无边的视觉效果。</p><p style="white-space: normal;">vivo Xplay5专为曲面侧屏设计了侧屏来电提醒、解锁。</p><p style="white-space: normal;"><br/></p><h4 style="white-space: normal;">侧面解锁</h4><p style="white-space: normal;">解锁方面，用户在进行图标滑动至曲面屏部分时会发生明显的「变形」，当在锁屏界面滑动解锁时，手机的曲面屏会有相当明显的光晕效果。</p><p style="white-space: normal;">侧屏来电提醒：当手机反扣放在桌面时，如果手机来电时，双侧曲面屏也会散发波浪光影提醒用户来电信息。</p><p style="white-space: normal;"><br/></p><h4 style="white-space: normal;">智慧引擎</h4><p style="white-space: normal;">智慧引擎优化主要分为内存加速和处理器加速。根据用户的使用情况选择性地智能加载部分常用应用，并调高这些常用应用的优先级，减小被回收的几率。另外，vivo 还优化了系统代码，大幅度降低系统的内存占用，并针对性地做了缓存碎片和内存的闲时动态回收，进而腾出更多的内存空间供用户使用。</p><p style="white-space: normal;"><br/></p><h4 style="white-space: normal;">分屏多任务</h4><p style="white-space: normal;">vivo Xplay5配备了分屏多任务功能。在用户进行看电影，游戏，看书时，微信QQ聊天时不需进行切换，手机可以自动分屏为功能屏幕，一边聊微信，一边看电影。</p><p style="white-space: normal;">但是现在分屏多任务支持的软件还有限，如果支持更多软件，分屏功能将会更实用。</p><p style="white-space: normal;"><br/></p><h4 style="white-space: normal;">128GB存储和3600mAh</h4><p style="white-space: normal;">vivo Xplay5和vivo Xplay5旗舰版均配备了128GB的存储空间和3600mAH，提供更大和更长的续航选择。</p>'),
(1767, 1, 144, 211, '1020', '1018,1020,1019', ''),
(1768, 1, 144, 211, '1015', '1015,1017,1016', ''),
(1769, 1, 144, 211, '1013', '1011,1012,1010', '');

-- --------------------------------------------------------

--
-- 表的结构 `qinggan_list_69`
--

CREATE TABLE IF NOT EXISTS `qinggan_list_69` (
  `id` int(10) unsigned NOT NULL DEFAULT '0' COMMENT '主题ID',
  `site_id` mediumint(8) unsigned NOT NULL DEFAULT '0' COMMENT '网站ID',
  `project_id` mediumint(8) unsigned NOT NULL DEFAULT '0' COMMENT '项目ID',
  `cate_id` mediumint(8) unsigned NOT NULL DEFAULT '0' COMMENT '主分类ID',
  `attrs` longtext NOT NULL COMMENT '产品多属性',
  PRIMARY KEY (`id`),
  KEY `site_id` (`site_id`,`project_id`,`cate_id`)
) ENGINE=MyISAM DEFAULT CHARSET=utf8 COMMENT='产品参考数据';

-- --------------------------------------------------------

--
-- 表的结构 `qinggan_list_74`
--

CREATE TABLE IF NOT EXISTS `qinggan_list_74` (
  `id` int(10) unsigned NOT NULL DEFAULT '0' COMMENT '主题ID',
  `site_id` mediumint(8) unsigned NOT NULL DEFAULT '0' COMMENT '网站ID',
  `project_id` mediumint(8) unsigned NOT NULL DEFAULT '0' COMMENT '项目ID',
  `cate_id` mediumint(8) unsigned NOT NULL DEFAULT '0' COMMENT '主分类ID',
  `account` varchar(255) NOT NULL DEFAULT '' COMMENT '会员账号',
  PRIMARY KEY (`id`),
  KEY `site_id` (`site_id`,`project_id`,`cate_id`)
) ENGINE=MyISAM DEFAULT CHARSET=utf8 COMMENT='注册审核模块';

-- --------------------------------------------------------

--
-- 表的结构 `qinggan_list_75`
--

CREATE TABLE IF NOT EXISTS `qinggan_list_75` (
  `id` int(10) unsigned NOT NULL DEFAULT '0' COMMENT '主题ID',
  `site_id` mediumint(8) unsigned NOT NULL DEFAULT '0' COMMENT '网站ID',
  `project_id` mediumint(8) unsigned NOT NULL DEFAULT '0' COMMENT '项目ID',
  `cate_id` mediumint(8) unsigned NOT NULL DEFAULT '0' COMMENT '主分类ID',
  `fullname` varchar(255) NOT NULL DEFAULT '' COMMENT '姓名',
  `mobile` varchar(255) NOT NULL DEFAULT '' COMMENT '手机号',
  `bankprice` varchar(255) NOT NULL DEFAULT '' COMMENT '汇款金额',
  `note` longtext NOT NULL COMMENT '摘要',
  `bankname` varchar(255) NOT NULL DEFAULT '' COMMENT '汇款银行',
  PRIMARY KEY (`id`),
  KEY `site_id` (`site_id`,`project_id`,`cate_id`)
) ENGINE=MyISAM DEFAULT CHARSET=utf8 COMMENT='银行汇款';

--
-- 转存表中的数据 `qinggan_list_75`
--

INSERT INTO `qinggan_list_75` (`id`, `site_id`, `project_id`, `cate_id`, `fullname`, `mobile`, `bankprice`, `note`, `bankname`) VALUES
(1802, 1, 386, 0, 'seika', '15818', 'dfaf', 'adsfasfas', '测试的');

-- --------------------------------------------------------

--
-- 表的结构 `qinggan_list_87`
--

CREATE TABLE IF NOT EXISTS `qinggan_list_87` (
  `id` int(10) unsigned NOT NULL DEFAULT '0' COMMENT '主题ID',
  `site_id` mediumint(8) unsigned NOT NULL DEFAULT '0' COMMENT '网站ID',
  `project_id` mediumint(8) unsigned NOT NULL DEFAULT '0' COMMENT '项目ID',
  `cate_id` mediumint(8) unsigned NOT NULL DEFAULT '0' COMMENT '主分类ID',
  `thumb` varchar(255) NOT NULL DEFAULT '' COMMENT '自定义视频缩略图',
  `note` longtext NOT NULL COMMENT '摘要',
  `longtime` varchar(255) NOT NULL DEFAULT '' COMMENT '播放时长',
  `videoid` varchar(255) NOT NULL DEFAULT '' COMMENT '阿里云视频ID',
  PRIMARY KEY (`id`),
  KEY `site_id` (`site_id`,`project_id`,`cate_id`)
) ENGINE=MyISAM DEFAULT CHARSET=utf8 COMMENT='阿里云视频库';

--
-- 转存表中的数据 `qinggan_list_87`
--

INSERT INTO `qinggan_list_87` (`id`, `site_id`, `project_id`, `cate_id`, `thumb`, `note`, `longtime`, `videoid`) VALUES
(222083, 1, 396, 0, 'http://video.phpok.com/snapshot/11feead7fe37446b97a7a1adc2f6a82800001.jpg', '', '243', '11feead7fe37446b97a7a1adc2f6a828'),
(222084, 1, 396, 0, 'http://video.phpok.com/snapshot/a2025ae2a0fb4bec9238e3ec3828401c00001.jpg', '', '128', 'a2025ae2a0fb4bec9238e3ec3828401c');

-- --------------------------------------------------------

--
-- 表的结构 `qinggan_list_attr`
--

CREATE TABLE IF NOT EXISTS `qinggan_list_attr` (
  `id` int(10) unsigned NOT NULL AUTO_INCREMENT COMMENT '自增ID',
  `tid` int(10) unsigned NOT NULL DEFAULT '0' COMMENT '主题ID',
  `aid` int(10) unsigned NOT NULL DEFAULT '0' COMMENT '属性组ID',
  `vid` int(10) unsigned NOT NULL DEFAULT '0' COMMENT '参数ID',
  `price` decimal(10,4) NOT NULL DEFAULT '0.0000' COMMENT '增减价格值',
  `weight` float NOT NULL DEFAULT '0' COMMENT '重量增减',
  `volume` float NOT NULL DEFAULT '0' COMMENT '体积增减值，带-号为减值',
  `taxis` int(10) unsigned NOT NULL DEFAULT '0' COMMENT '排序',
  PRIMARY KEY (`id`),
  KEY `tid` (`tid`)
) ENGINE=MyISAM  DEFAULT CHARSET=utf8 COMMENT='主题属性' AUTO_INCREMENT=52 ;

--
-- 转存表中的数据 `qinggan_list_attr`
--

INSERT INTO `qinggan_list_attr` (`id`, `tid`, `aid`, `vid`, `price`, `weight`, `volume`, `taxis`) VALUES
(11, 1306, 3, 8, '5.0000', 0, 0, 20),
(10, 1306, 3, 7, '5.0000', 0, 0, 10),
(26, 1306, 1, 4, '2.0000', 1, 0, 30),
(25, 1306, 1, 3, '4.0000', 1, 0, 20),
(24, 1306, 1, 1, '3.0000', 1, 0, 10),
(34, 1753, 8, 32, '1249.0000', 0, 0, 40),
(33, 1753, 8, 31, '1199.0000', 0, 0, 30),
(32, 1753, 8, 30, '549.0000', 0, 0, 20),
(31, 1753, 8, 29, '499.0000', 0, 0, 10),
(35, 1753, 1, 5, '0.0000', 0, 0, 40),
(36, 1753, 1, 6, '0.0000', 0, 0, 50),
(37, 1753, 1, 33, '0.0000', 0, 0, 60),
(38, 1760, 1, 6, '0.0000', 0, 0, 50),
(39, 1760, 1, 36, '0.0000', 0, 0, 70),
(40, 1760, 8, 34, '0.0000', 0, 0, 50),
(41, 1760, 8, 35, '1000.0000', 0, 0, 60),
(42, 1761, 1, 5, '0.0000', 0, 0, 40),
(43, 1761, 1, 6, '0.0000', 0, 0, 50),
(44, 1761, 8, 34, '0.0000', 0, 0, 50),
(45, 1761, 8, 35, '100.0000', 0, 0, 60),
(46, 1762, 1, 33, '0.0000', 0, 0, 60),
(47, 1763, 1, 6, '0.0000', 0, 0, 50),
(48, 1763, 1, 33, '0.0000', 0, 0, 60),
(49, 1763, 1, 5, '0.0000', 0, 0, 40),
(50, 1763, 8, 34, '0.0000', 0, 0, 50),
(51, 1763, 8, 37, '800.0000', 0, 0, 70);

-- --------------------------------------------------------

--
-- 表的结构 `qinggan_list_biz`
--

CREATE TABLE IF NOT EXISTS `qinggan_list_biz` (
  `id` int(10) unsigned NOT NULL DEFAULT '0' COMMENT '产品ID',
  `price` decimal(10,4) NOT NULL DEFAULT '0.0000' COMMENT '价格',
  `currency_id` int(10) unsigned NOT NULL DEFAULT '0' COMMENT '货币ID',
  `weight` float unsigned NOT NULL DEFAULT '0' COMMENT '重量，单位是Kg',
  `volume` float unsigned NOT NULL DEFAULT '0' COMMENT '体积，单位立方米',
  `unit` varchar(50) NOT NULL COMMENT '单位',
  `is_virtual` tinyint(1) NOT NULL DEFAULT '0' COMMENT '0实物1虚拟产品',
  PRIMARY KEY (`id`)
) ENGINE=MyISAM DEFAULT CHARSET=utf8 COMMENT='电子商务';

--
-- 转存表中的数据 `qinggan_list_biz`
--

INSERT INTO `qinggan_list_biz` (`id`, `price`, `currency_id`, `weight`, `volume`, `unit`, `is_virtual`) VALUES
(1306, '170.0000', 1, 0, 0, '条', 0),
(1253, '300.0000', 1, 0, 0, '', 0),
(1680, '8000.0000', 1, 0, 0, '', 0),
(1681, '8000.0000', 1, 0, 0, '', 0),
(1682, '8000.0000', 1, 0, 0, '', 0),
(1683, '8000.0000', 1, 0, 0, '', 0),
(1684, '8000.0000', 1, 0, 0, '', 0),
(1685, '8000.0000', 1, 0, 0, '', 0),
(1686, '8000.0000', 1, 0, 0, '', 0),
(1687, '8000.0000', 1, 0, 0, '', 0),
(1688, '8000.0000', 1, 0, 0, '', 0),
(1689, '8000.0000', 1, 0, 0, '', 0),
(1690, '8000.0000', 1, 0, 0, '', 0),
(1691, '8000.0000', 1, 0, 0, '', 0),
(1692, '8000.0000', 1, 0, 0, '', 0),
(1693, '8000.0000', 1, 0, 0, '', 0),
(1694, '8000.0000', 1, 0, 0, '', 0),
(1748, '8000.0000', 1, 0, 0, '', 0),
(1749, '8000.0000', 1, 0, 0, '', 0),
(1750, '8000.0000', 1, 0, 0, '', 0),
(1753, '2000.0000', 1, 0, 0, '', 0),
(1760, '1499.0000', 1, 0, 0, '', 0),
(1761, '999.0000', 1, 0, 0, '台', 1),
(1762, '3698.0000', 1, 0, 0, '', 0),
(1763, '3288.0000', 1, 0, 0, '台', 1),
(1855, '0.0000', 1, 0, 0, '', 0),
(1856, '0.0000', 1, 0, 0, '', 0),
(1857, '0.0000', 1, 0, 0, '', 0);

-- --------------------------------------------------------

--
-- 表的结构 `qinggan_list_cate`
--

CREATE TABLE IF NOT EXISTS `qinggan_list_cate` (
  `id` int(10) unsigned NOT NULL DEFAULT '0' COMMENT '主题ID',
  `cate_id` int(10) unsigned NOT NULL DEFAULT '0' COMMENT '分类ID',
  PRIMARY KEY (`id`,`cate_id`),
  KEY `id` (`id`),
  KEY `cate_id` (`cate_id`)
) ENGINE=MyISAM DEFAULT CHARSET=utf8 COMMENT='主题绑定的分类';

--
-- 转存表中的数据 `qinggan_list_cate`
--

INSERT INTO `qinggan_list_cate` (`id`, `cate_id`) VALUES
(1310, 198),
(1311, 204),
(1334, 204),
(1368, 8),
(1369, 8),
(1370, 68),
(1371, 68),
(1423, 68),
(1676, 68),
(1677, 68),
(1753, 582),
(1760, 583),
(1761, 584),
(1762, 585),
(1763, 216),
(1765, 211),
(1766, 211),
(1767, 211),
(1768, 211),
(1769, 211),
(222081, 204),
(222082, 204);

-- --------------------------------------------------------

--
-- 表的结构 `qinggan_log`
--

CREATE TABLE IF NOT EXISTS `qinggan_log` (
  `id` int(10) unsigned NOT NULL AUTO_INCREMENT COMMENT '自增ID',
  `note` varchar(255) NOT NULL COMMENT '日志摘要',
  `url` varchar(255) NOT NULL COMMENT '请求网址',
  `dateline` int(10) unsigned NOT NULL DEFAULT '0' COMMENT '执行时间',
  `app_id` varchar(30) NOT NULL DEFAULT 'www' COMMENT '接入APP_ID',
  `ctrl` varchar(255) NOT NULL COMMENT '控制器',
  `func` varchar(255) NOT NULL COMMENT '方法',
  `admin_id` int(10) unsigned NOT NULL DEFAULT '0' COMMENT '操作人',
  `user_id` int(10) unsigned NOT NULL DEFAULT '0' COMMENT '会员ID',
  `ip` varchar(255) NOT NULL COMMENT '登录IP',
  `referer` varchar(255) NOT NULL COMMENT '来源网址',
  `mask` tinyint(1) unsigned NOT NULL DEFAULT '0' COMMENT '0表示系统日志，1表示手动断点日志用于调试',
  `session_id` varchar(255) NOT NULL COMMENT 'SESSION_ID',
  PRIMARY KEY (`id`)
) ENGINE=MyISAM  DEFAULT CHARSET=utf8 COMMENT='日志记录' AUTO_INCREMENT=703 ;

--
-- 转存表中的数据 `qinggan_log`
--

INSERT INTO `qinggan_log` (`id`, `note`, `url`, `dateline`, `app_id`, `ctrl`, `func`, `admin_id`, `user_id`, `ip`, `referer`, `mask`, `session_id`) VALUES
(42, '会员登录成功', 'http://localhost/phpok/index.php?c=login&f=ok&_noCache=0.1495869477', 1495869485, 'www', 'login', 'ok', 0, 23, '::1', 'http://localhost/phpok/index.php?c=login&_noCache=0.1495869475', 0, 'hsu2o78iejmja3cob312a3ce17'),
(56, '上传的文件异常', 'http://192.168.1.18/phpok/index.php?c=upload&f=save&cateid=1&PHPSESSION=b0vh4748em3ip35kemjl9io5c4&id=WU_FILE_0&name=P40427-083714.jpg&type=image%2Fjpeg&lastModifiedDate=Wed+May+10+2017+09%3A53%3A59+GMT%2B0800&size=223981&chunks=3', 1496649585, 'www', 'upload', 'save', 0, 0, '192.168.1.18', 'http://192.168.1.18/phpok/index.php?id=book', 0, 'b0vh4748em3ip35kemjl9io5c4'),
(123, 'the-new-label', 'http://localhost/phpok/api.php?c=plugin&id=identifier&exec=fanyi&q=%E6%96%B0%E6%A0%87%E7%AD%BE&_noCache=0.5959239991176&_=1497335286080', 1497335296, 'api', 'plugin', 'index', 0, 0, '::1', 'http://localhost/phpok/admin.php?c=cate&f=set', 0, 'oik7bqkf00g4r7u6ji0qvcf527'),
(121, 'fwd-xbqy', 'http://localhost/phpok/api.php?c=plugin&f=index&id=identifier&exec=py&title=%E6%9C%8D%E5%8A%A1%E7%AB%AF-%E6%96%B0%E6%A0%87%E7%AD%BE%E9%A1%B5&_noCache=0.2893146238953779&_=1497335250710', 1497335274, 'api', 'plugin', 'index', 0, 0, '::1', 'http://localhost/phpok/admin.php?c=cate&f=set', 0, 'oik7bqkf00g4r7u6ji0qvcf527'),
(122, 'a-new-tab', 'http://localhost/phpok/api.php?c=plugin&id=identifier&exec=fanyi&q=%E6%96%B0%E6%A0%87%E7%AD%BE%E9%A1%B5&_noCache=0.65259692043233&_=1497335250712', 1497335280, 'api', 'plugin', 'index', 0, 0, '::1', 'http://localhost/phpok/admin.php?c=cate&f=set', 0, 'oik7bqkf00g4r7u6ji0qvcf527'),
(120, 'fuwuduan-xinbiaoqianye', 'http://localhost/phpok/api.php?c=plugin&f=index&id=identifier&exec=pingyin&title=%E6%9C%8D%E5%8A%A1%E7%AB%AF-%E6%96%B0%E6%A0%87%E7%AD%BE%E9%A1%B5&_noCache=0.9752174963935893&_=1497335250709', 1497335272, 'api', 'plugin', 'index', 0, 0, '::1', 'http://localhost/phpok/admin.php?c=cate&f=set', 0, 'oik7bqkf00g4r7u6ji0qvcf527'),
(71, 'heaven-and-earth', 'http://localhost/phpok/api.php?c=plugin&id=identifier&exec=fanyi&q=%E5%A4%A9%E5%9C%B0&_noCache=0.5183449148095168&_=1496818405539', 1496818413, 'api', 'plugin', 'index', 0, 0, '127.0.0.1', 'http://localhost/phpok/admin.php?c=cate&f=set', 0, '7j1130sp869rebrl0au8qrheq1'),
(119, 'the-service-side---a-new-tab', 'http://localhost/phpok/api.php?c=plugin&id=identifier&exec=fanyi&q=%E6%9C%8D%E5%8A%A1%E7%AB%AF-%E6%96%B0%E6%A0%87%E7%AD%BE%E9%A1%B5&_noCache=0.7369647218765046&_=1497335250707', 1497335270, 'api', 'plugin', 'index', 0, 0, '::1', 'http://localhost/phpok/admin.php?c=cate&f=set', 0, 'oik7bqkf00g4r7u6ji0qvcf527'),
(209, '<span class="red">数据库比较工具</span> 安装成功', 'http://localhost/phpok/admin.php?c=plugin&f=install_save&_noCache=0.1498038611', 1498038617, 'admin', 'plugin', 'install_save', 1, 0, '::1', 'http://localhost/phpok/admin.php?c=plugin&f=install&id=sqldiff', 0, '9rh7k3t61428dcr3ko9hinqr62'),
(208, '模块删除成功', 'http://localhost/phpok/admin.php?c=module&f=delete&id=84&_=1498036837258', 1498036857, 'admin', 'module', 'delete', 1, 0, '::1', 'http://localhost/phpok/admin.php?c=module&menu_id=8&_noCache=0.9585232946668526', 0, '9rh7k3t61428dcr3ko9hinqr62'),
(207, '插件卸载成功', 'http://localhost/phpok/admin.php?c=plugin&f=uninstall&id=loginext&_=1498036844668', 1498036851, 'admin', 'plugin', 'uninstall', 1, 0, '::1', 'http://localhost/phpok/admin.php?c=plugin&menu_id=16&_noCache=0.06991441992537639', 0, '9rh7k3t61428dcr3ko9hinqr62'),
(206, '模块使用中，请先停用模块信息', 'http://localhost/phpok/admin.php?c=module&f=delete&id=84&_=1498036837255', 1498036840, 'admin', 'module', 'delete', 1, 0, '::1', 'http://localhost/phpok/admin.php?c=module&menu_id=8&_noCache=0.9585232946668526', 0, '9rh7k3t61428dcr3ko9hinqr62'),
(205, '管理员登录成功', 'http://localhost/phpok/admin.php?c=login&f=ok', 1498036664, 'admin', 'login', 'ok', 1, 0, '::1', 'http://localhost/phpok/admin.php?c=login&_noCache=0.1498036658', 0, '9rh7k3t61428dcr3ko9hinqr62'),
(176, 'Cross-site request forgery validation failed. Required param "state" missing from persistent data.', 'http://localhost/phpok/index.php?c=plugin&id=loginext&exec=facebook&_noCache=0.1497583249&code=AQBULGhW4wPZ23RGR_h7M64Pkmna6ug7tC3B_tPCCDwSrXbrHxvgTyvRil-PYX_KJgO-k_QmsurL1t3G8Q5kvKKxQFlB9hyEMpDwI5lfTNIjN1rcp4fwx2iBiGsnnrqeurjJEAVH36YO_pL2uPtlp5ejStrkP4g6', 1497583286, 'www', 'plugin', 'index', 0, 0, '::1', 'https://www.facebook.com/', 0, 'pe7vggsg8a3aq54spe2lmfcvh3'),
(177, 'SDK错误：Cross-site request forgery validation failed. Required param "state" missing from persistent data.', 'http://localhost/phpok/index.php?c=plugin&id=loginext&exec=facebook&_noCache=0.1497583249&code=AQBULGhW4wPZ23RGR_h7M64Pkmna6ug7tC3B_tPCCDwSrXbrHxvgTyvRil-PYX_KJgO-k_QmsurL1t3G8Q5kvKKxQFlB9hyEMpDwI5lfTNIjN1rcp4fwx2iBiGsnnrqeurjJEAVH36YO_pL2uPtlp5ejStrkP4g6', 1497583328, 'www', 'plugin', 'index', 0, 0, '::1', 'https://www.facebook.com/', 0, 'pe7vggsg8a3aq54spe2lmfcvh3'),
(178, 'SDK错误：Cross-site request forgery validation failed. Required param "state" missing from persistent data.', 'http://localhost/phpok/index.php?c=plugin&id=loginext&exec=facebook&_noCache=0.1497583351&code=AQCLeofBJ9DeSv7E1FhK7KR0p4yNDeNOHZQaXlg76sH5qMaM9wS-VsELpQ1uLVMdEvP12A34eRhVljDg8q9Xx0LgnU_mQKyaS1PjUk5gx6De02iTYGeEBIIf2VMHI8hkkC1sMZ043NtgZGkhoEDqU0NRfsh29FVh', 1497583464, 'www', 'plugin', 'index', 0, 0, '::1', 'http://localhost/phpok/index.php?c=login&_noCache=0.1497583040', 0, 'pe7vggsg8a3aq54spe2lmfcvh3'),
(179, '登录失败，取得请求失败', 'http://localhost/phpok/index.php?c=plugin&id=loginext&exec=facebook&_noCache=0.1497589899&error_code=4201&error_message=User+canceled+the+Dialog+flow&state=ca6760bd34f6504ab12ca9921c909f3a', 1497589954, 'www', 'plugin', 'index', 0, 0, '::1', '', 0, 'pe7vggsg8a3aq54spe2lmfcvh3'),
(204, '1', 'http://localhost/phpok/api.php?c=cart&f=total&_noCache=0.538307903257949&_=1498033508653', 1498033524, 'api', 'cart', 'total', 0, 23, '::1', 'http://localhost/phpok/index.php?id=1763', 0, 'b4dj1ttaob02jjcocv2n8mrqu5'),
(181, 'SDK错误：Cross-site request forgery validation failed. Required param "state" missing from persistent data.', 'http://localhost/phpok/index.php?c=plugin&id=loginext&exec=facebook&_noCache=0.1497591202&code=AQAC9-e43PZhFMNmryvNUNoUoDZEmD-RFKMWxmrtiBPXqMIUTK9EN-fD7EFzzlOyD4lchQwjzMKF__RPv2Q9lo1YOekPLLruf52QoranCGkXnC6ut7TSI0IIEpIRFdrIE7zeq9wUKLpzqBrDIoWfF4fXL7CmyLkB', 1497591325, 'www', 'plugin', 'index', 0, 0, '::1', 'https://www.facebook.com/', 0, 'pe7vggsg8a3aq54spe2lmfcvh3'),
(203, '3288.00元', 'http://localhost/phpok/api.php?c=cart&f=price_format&price=3288.0000&_noCache=0.7710967055848521&_=1498033508651', 1498033511, 'api', 'cart', 'price_format', 0, 23, '::1', 'http://localhost/phpok/index.php?id=1763', 0, 'b4dj1ttaob02jjcocv2n8mrqu5'),
(202, 'ok', 'http://localhost/phpok/admin.php?c=inp&type=user&_=1498028216866', 1498028217, 'admin', 'inp', 'index', 1, 0, '::1', 'http://localhost/phpok/admin.php?c=list&f=edit&id=1369&_noCache=0.1498028213', 0, 'b4dj1ttaob02jjcocv2n8mrqu5'),
(184, '上传的文件异常', 'http://192.168.1.18/phpok/index.php?c=upload&f=save&cateid=1&_noCache=0.1497928635&PHPSESSION=vd4dsoddtshl2orfidnbd4ubu7&id=WU_FILE_0&name=20170607-153855.jpg&type=image%2Fjpeg&lastModifiedDate=Wed+Jun+07+2017+15%3A38%3A57+GMT%2B0800&size=311630&chunks=4', 1497928641, 'www', 'upload', 'save', 0, 0, '192.168.1.18', 'http://192.168.1.18/phpok/index.php?id=book', 0, 'vd4dsoddtshl2orfidnbd4ubu7'),
(185, '上传的文件异常', 'http://192.168.1.18/phpok/index.php?c=upload&f=save&cateid=1&_noCache=0.1497928743&PHPSESSION=vd4dsoddtshl2orfidnbd4ubu7&id=WU_FILE_0&name=20170607-153855.jpg&type=image%2Fjpeg&lastModifiedDate=Wed+Jun+07+2017+15%3A38%3A57+GMT%2B0800&size=311630&chunks=4', 1497928750, 'www', 'upload', 'save', 0, 0, '192.168.1.18', 'http://192.168.1.18/phpok/index.php?id=book', 0, 'vd4dsoddtshl2orfidnbd4ubu7'),
(186, '上传的文件异常', 'http://192.168.1.18/phpok/index.php?c=upload&f=save&cateid=1&_noCache=0.1497928856&PHPSESSION=vd4dsoddtshl2orfidnbd4ubu7&id=WU_FILE_0&name=20170607-153855.jpg&type=image%2Fjpeg&lastModifiedDate=Wed+Jun+07+2017+15%3A38%3A57+GMT%2B0800&size=311630&chunks=4', 1497928862, 'www', 'upload', 'save', 0, 0, '192.168.1.18', 'http://192.168.1.18/phpok/index.php?id=book', 0, 'vd4dsoddtshl2orfidnbd4ubu7'),
(187, '上传的文件异常', 'http://192.168.1.18/phpok/index.php?c=upload&f=save&cateid=1&_noCache=0.1497948965&PHPSESSION=8vr8kfiahstp0csaavupcktl87&id=WU_FILE_0&name=auto_7375.jpg&type=image%2Fjpeg&lastModifiedDate=Tue+Jun+20+2017+16%3A57%3A07+GMT%2B0800+%28CST%29&size=213643&chunk', 1497949048, 'www', 'upload', 'save', 0, 0, '192.168.1.100', 'http://192.168.1.18/phpok/index.php?id=book', 0, '8vr8kfiahstp0csaavupcktl87'),
(188, '上传的文件异常', 'http://192.168.1.18/phpok/index.php?c=upload&f=save&cateid=1&_noCache=0.1497949369&PHPSESSION=a19gtk6vh1vuph38jco2h97bl6&id=WU_FILE_0&name=20170607-153855.jpg&type=image%2Fjpeg&lastModifiedDate=Wed+Jun+07+2017+15%3A38%3A57+GMT%2B0800+%28%E4%B8%AD%E5%9B%BD', 1497949374, 'www', 'upload', 'save', 0, 0, '192.168.1.18', 'http://192.168.1.18/phpok/index.php?c=post&id=book&_noCache=0.1497949366', 0, 'a19gtk6vh1vuph38jco2h97bl6'),
(189, '上传的文件异常', 'http://192.168.1.18/phpok/index.php?c=upload&f=save&cateid=1&_noCache=0.1497949382&PHPSESSION=8vr8kfiahstp0csaavupcktl87&id=WU_FILE_0&name=auto_7375.jpg&type=image%2Fjpeg&lastModifiedDate=Tue+Jun+20+2017+16%3A57%3A07+GMT%2B0800+%28CST%29&size=213643&chunk', 1497949448, 'www', 'upload', 'save', 0, 0, '192.168.1.100', 'http://192.168.1.18/phpok/index.php?c=post&id=book&_noCache=0.1497949265', 0, '8vr8kfiahstp0csaavupcktl87'),
(201, '附件信息获取失败，可能已经删除，请检查', 'http://localhost/phpok/admin.php?c=upload&f=thumbshow&id=725&_=1498028216865', 1498028217, 'admin', 'upload', 'thumbshow', 1, 0, '::1', 'http://localhost/phpok/admin.php?c=list&f=edit&id=1369&_noCache=0.1498028213', 0, 'b4dj1ttaob02jjcocv2n8mrqu5'),
(198, '删除日志#197', 'http://localhost/phpok/admin.php?c=log&f=delete&id=197&_=1498023294930', 1498023296, 'admin', 'log', 'delete', 1, 0, '::1', 'http://localhost/phpok/admin.php?c=log&menu_id=87&_noCache=0.48924106712903537', 0, 'b4dj1ttaob02jjcocv2n8mrqu5'),
(199, '会员登录成功', 'http://localhost/phpok/index.php?c=login&f=ok&_noCache=0.1498025598', 1498025606, 'www', 'login', 'ok', 0, 23, '::1', 'http://localhost/phpok/index.php?c=login&_back=http%3A%2F%2Flocalhost%2Fphpok%2Findex.php%3Fid%3Dbbs%26cate%3Dqingganyizhan&_noCache=0.1498025594', 0, 'b4dj1ttaob02jjcocv2n8mrqu5'),
(193, '上传的文件异常', 'http://192.168.1.18/phpok/index.php?c=upload&f=save&cateid=1&_noCache=0.1498015279&PHPSESSION=ogdtvk2l0rkmli5vu8v3ich2s4&id=WU_FILE_0&name=20170607-153855.jpg&type=image%2Fjpeg&lastModifiedDate=Wed+Jun+07+2017+15%3A38%3A57+GMT%2B0800&size=311630&chunks=4', 1498015283, 'www', 'upload', 'save', 0, 0, '192.168.1.18', 'http://192.168.1.18/phpok/index.php?id=book', 0, 'ogdtvk2l0rkmli5vu8v3ich2s4'),
(194, '上传的文件异常', 'http://192.168.1.18/phpok/index.php?c=upload&f=save&cateid=1&_noCache=0.1498015697&PHPSESSION=ogdtvk2l0rkmli5vu8v3ich2s4&id=WU_FILE_0&name=20170607-153855.jpg&type=image%2Fjpeg&lastModifiedDate=Wed+Jun+07+2017+15%3A38%3A57+GMT%2B0800&size=311630&chunks=4', 1498015702, 'www', 'upload', 'save', 0, 0, '192.168.1.18', 'http://192.168.1.18/phpok/index.php?id=book', 0, 'ogdtvk2l0rkmli5vu8v3ich2s4'),
(195, '上传的文件异常', 'http://192.168.1.18/phpok/index.php?c=upload&f=save&cateid=1&_noCache=0.1498017363&PHPSESSION=6o207up8utr8a5ojs7hgvvk867&id=WU_FILE_0&name=IMG_0133.JPG&type=image%2Fjpeg&lastModifiedDate=2017%2F6%2F21+%E4%B8%8A%E5%8D%8811%3A56%3A09&size=291141&chunks=3', 1498017373, 'www', 'upload', 'save', 0, 0, '192.168.1.138', 'http://192.168.1.18/phpok/index.php?c=post&id=book&_noCache=0.1498013295', 0, '6o207up8utr8a5ojs7hgvvk867'),
(200, '上传的文件异常', 'http://localhost/phpok/index.php?c=upload&f=save&cateid=1&_noCache=0.1498025975&PHPSESSION=b4dj1ttaob02jjcocv2n8mrqu5&id=WU_FILE_0&name=20170607-153855.jpg&type=image%2Fjpeg&lastModifiedDate=Wed+Jun+07+2017+15%3A38%3A57+GMT%2B0800&size=158667&chunks=2', 1498025994, 'www', 'upload', 'save', 0, 23, '::1', 'http://localhost/phpok/index.php?c=post&cateid=204&id=bbs&_noCache=0.1498025627', 0, 'b4dj1ttaob02jjcocv2n8mrqu5'),
(210, '管理员登录成功', 'http://localhost/phpok/admin.php?c=login&f=ok', 1498098871, 'admin', 'login', 'ok', 1, 0, '::1', 'http://localhost/phpok/admin.php?c=login&_noCache=0.1498098866', 0, '8p6lo26m25o28hfipqjs8ld9p0'),
(211, '未指定要添加的字段ID', 'http://localhost/phpok/admin.php?c=module&f=field_add&id=40&_=1498098875454', 1498098876, 'admin', 'module', 'field_add', 1, 0, '::1', 'http://localhost/phpok/admin.php?c=module&f=fields&id=40&_noCache=0.1498098873', 0, '8p6lo26m25o28hfipqjs8ld9p0'),
(212, '字段添加成功', 'http://localhost/phpok/admin.php?c=module&f=field_add&id=40&fid=copyright&_=1498099024114', 1498099025, 'admin', 'module', 'field_add', 1, 0, '::1', 'http://localhost/phpok/admin.php?c=module&f=fields&id=40&_noCache=0.1498098873', 0, '8p6lo26m25o28hfipqjs8ld9p0'),
(213, '删除成功', 'http://localhost/phpok/admin.php?c=module&f=field_delete&id=335&_=1498099026187', 1498099029, 'admin', 'module', 'field_delete', 1, 0, '::1', 'http://localhost/phpok/admin.php?c=module&f=fields&id=40&_noCache=0.1498098873', 0, '8p6lo26m25o28hfipqjs8ld9p0'),
(214, '管理员登录成功', 'http://localhost/phpok/admin.php?c=login&f=ok', 1498101101, 'admin', 'login', 'ok', 1, 0, '::1', 'http://localhost/phpok/admin.php?c=login&_noCache=0.1498101096', 0, 'otboq735eic9e0lja6nqe5pc77'),
(215, '<span class="red">采集器</span> 安装成功', 'http://localhost/phpok/admin.php?c=plugin&f=install_save&_noCache=0.1498101110', 1498101201, 'admin', 'plugin', 'install_save', 1, 0, '::1', 'http://localhost/phpok/admin.php?c=plugin&f=install&id=collection', 0, 'otboq735eic9e0lja6nqe5pc77'),
(216, '<span class="red">采集器</span> 设置成功', 'http://localhost/phpok/admin.php?c=plugin&f=save&_noCache=0.1498101375', 1498101379, 'admin', 'plugin', 'save', 1, 0, '::1', 'http://localhost/phpok/admin.php?c=plugin&f=config&id=collection', 0, 'otboq735eic9e0lja6nqe5pc77'),
(217, '插件卸载成功', 'http://localhost/phpok/admin.php?c=plugin&f=uninstall&id=collection&_=1498101588737', 1498101596, 'admin', 'plugin', 'uninstall', 1, 0, '::1', 'http://localhost/phpok/admin.php?c=plugin&menu_id=16&_noCache=0.31750129004588246', 0, 'otboq735eic9e0lja6nqe5pc77'),
(218, '<span class="red">采集器</span> 安装成功', 'http://localhost/phpok/admin.php?c=plugin&f=install_save&_noCache=0.1498101625', 1498101627, 'admin', 'plugin', 'install_save', 1, 0, '::1', 'http://localhost/phpok/admin.php?c=plugin&f=install&id=collection', 0, 'otboq735eic9e0lja6nqe5pc77'),
(219, '插件卸载成功', 'http://localhost/phpok/admin.php?c=plugin&f=uninstall&id=collection&_=1498101654928', 1498101667, 'admin', 'plugin', 'uninstall', 1, 0, '::1', 'http://localhost/phpok/admin.php?c=plugin&menu_id=16&_noCache=0.181260018145861', 0, 'otboq735eic9e0lja6nqe5pc77'),
(220, '管理员登录成功', 'http://localhost/phpok/admin.php?c=login&f=ok', 1498190626, 'admin', 'login', 'ok', 1, 0, '::1', 'http://localhost/phpok/admin.php?c=login&_noCache=0.1498190618', 0, 'v05pj24ssmqre34a2p9d0hg242'),
(221, '您当前是最新版本，不需要再升级', 'http://localhost/phpok/admin.php?c=update&f=check&_=1498190627219', 1498190627, 'admin', 'update', 'check', 1, 0, '::1', 'http://localhost/phpok/admin.php?c=index', 0, 'v05pj24ssmqre34a2p9d0hg242'),
(222, '管理员登录成功', 'http://localhost/phpok/admin.php?c=login&f=ok', 1498557596, 'admin', 'login', 'ok', 1, 0, '::1', 'http://localhost/phpok/admin.php?c=login&_noCache=0.1498557591', 0, '47vu9n16i6ql3cu7lrq2jio3l7'),
(223, '主分类不能为空', 'http://localhost/phpok/admin.php?c=list&f=ok&_noCache=0.1498569119', 1498569124, 'admin', 'list', 'ok', 1, 0, '::1', 'http://localhost/phpok/admin.php?c=list&f=edit&pid=45&_noCache=0.1498559573', 0, '47vu9n16i6ql3cu7lrq2jio3l7'),
(224, '主题删除成功', 'http://localhost/phpok/admin.php?c=list&f=del&id=1855&_=1498569131200', 1498569135, 'admin', 'list', 'del', 1, 0, '::1', 'http://localhost/phpok/admin.php?c=list&f=action&id=45&_noCache=0.1498569119&cateid=582', 0, '47vu9n16i6ql3cu7lrq2jio3l7'),
(225, '管理员登录成功', 'http://localhost/phpok/admin.php?c=login&f=ok', 1498639999, 'admin', 'login', 'ok', 1, 0, '::1', 'http://localhost/phpok/admin.php?c=login&_noCache=0.1498639995', 0, 'oj7kts4hk73octgl1vdht2cqj3'),
(226, '管理员登录成功', 'http://localhost/phpok/admin.php?c=login&f=ok', 1498705932, 'admin', 'login', 'ok', 1, 0, '::1', 'http://localhost/phpok/admin.php?c=login&_noCache=0.1498705927', 0, 'aovvjo197oi3d9h2rtkhphvks5'),
(227, '管理员登录成功', 'http://localhost/phpok/admin.php?c=login&f=ok', 1498793371, 'admin', 'login', 'ok', 1, 0, '::1', 'http://localhost/phpok/admin.php?c=login&_noCache=0.1498793366', 0, 'rjsaa8ep89vvvsn07hhi08ogt1'),
(228, '管理员登录成功', 'http://localhost/phpok/admin.php?c=login&f=ok', 1498802384, 'admin', 'login', 'ok', 1, 0, '::1', 'http://localhost/phpok/admin.php?c=login&_noCache=0.1498802330', 0, 'hhcis0h7botmdus2c6k3h649k4'),
(229, '您当前还可以使用<span style="color:red">231</span>条短信', 'http://localhost/phpok/admin.php?c=gateway&f=extmanage&id=1&manageid=balance&_=1498802502150', 1498802514, 'admin', 'gateway', 'extmanage', 1, 0, '::1', 'http://localhost/phpok/admin.php?c=gateway&menu_id=78&_noCache=0.7060075628218959', 0, 'hhcis0h7botmdus2c6k3h649k4'),
(230, '参数配置不完整', 'http://localhost/phpok/admin.php?c=gateway&f=extmanage&id=3&manageid=send', 1498802543, 'admin', 'gateway', 'extmanage', 1, 0, '::1', 'http://localhost/phpok/admin.php?c=index', 0, 'hhcis0h7botmdus2c6k3h649k4'),
(231, '管理员登录成功', 'http://localhost/phpok/admin.php?c=login&f=ok', 1498810589, 'admin', 'login', 'ok', 1, 0, '::1', 'http://localhost/phpok/admin.php?c=login&_noCache=0.1498810584', 0, 'fqq7vi13iln4jscq8ciaoh8i82'),
(232, '管理员<span class="red">admin</span>成功退出', 'http://localhost/phpok/admin.php?c=logout', 1498810613, 'admin', 'logout', 'index', 0, 0, '::1', 'http://localhost/phpok/admin.php?c=index', 0, 'fqq7vi13iln4jscq8ciaoh8i82'),
(233, '管理员登录成功', 'http://localhost/phpok/admin.php?c=login&f=ok', 1498813233, 'admin', 'login', 'ok', 1, 0, '::1', 'http://localhost/phpok/admin.php?c=login&_noCache=0.29849', 0, 'hhcis0h7botmdus2c6k3h649k4'),
(234, '风格文件信息不存在', 'http://localhost/phpok/admin.php?c=tpl&f=open&id=tpl_index', 1498813240, 'admin', 'tpl', 'open', 1, 0, '::1', 'http://localhost/phpok/admin.php?c=index', 0, 'hhcis0h7botmdus2c6k3h649k4'),
(235, '未配置模板 news_list，请配置相应的模板', 'http://localhost/phpok/index.php?id=news', 1498822283, 'www', 'project', 'index', 0, 0, '::1', '', 0, 'hhcis0h7botmdus2c6k3h649k4'),
(236, '未配置模板 news_list，请配置相应的模板', 'http://localhost/phpok/index.php?id=news', 1498822366, 'www', 'project', 'index', 0, 0, '::1', '', 0, 'hhcis0h7botmdus2c6k3h649k4'),
(237, 'ok', 'http://localhost/phpok/admin.php?c=inp&type=user&_=1498823222130', 1498823222, 'admin', 'inp', 'index', 1, 0, '::1', 'http://localhost/phpok/admin.php?c=list&f=edit&id=1423&_noCache=0.1498823219', 0, 'hhcis0h7botmdus2c6k3h649k4'),
(238, '管理员<span class="red">admin</span>成功退出', 'http://localhost/phpok/admin.php?c=logout', 1498824244, 'admin', 'logout', 'index', 0, 0, '::1', 'http://localhost/phpok/admin.php?c=index', 0, 'hhcis0h7botmdus2c6k3h649k4'),
(239, '管理员登录成功', 'http://localhost/phpok/admin.php?c=login&f=ok', 1498874367, 'admin', 'login', 'ok', 1, 0, '::1', 'http://localhost/phpok/admin.php?c=login&_noCache=0.1498874363', 0, 's7iblci1k0jccn9svvr90unlv1'),
(240, '管理员登录成功', 'http://localhost/phpok/admin.php?c=login&f=ok', 1498961560, 'admin', 'login', 'ok', 1, 0, '::1', 'http://localhost/phpok/admin.php?c=login&_noCache=0.1498961555', 0, '69a8p0rt8kuk90l87au5ht1q31'),
(241, '管理员登录成功', 'http://localhost/phpok/admin.php?c=login&f=ok', 1499075650, 'admin', 'login', 'ok', 1, 0, '::1', 'http://localhost/phpok/admin.php?c=login&_noCache=0.1499075643', 0, 'kbbf1pjipkt75cdt3p5c1iv6c1'),
(242, '您当前是最新版本，不需要再升级', 'http://localhost/phpok/admin.php?c=update&f=check&_=1499075650513', 1499075650, 'admin', 'update', 'check', 1, 0, '::1', 'http://localhost/phpok/admin.php?c=index', 0, 'kbbf1pjipkt75cdt3p5c1iv6c1'),
(243, 'ok', 'http://localhost/phpok/admin.php?c=inp&type=user&_=1499075657517', 1499075657, 'admin', 'inp', 'index', 1, 0, '::1', 'http://localhost/phpok/admin.php?c=list&f=edit&id=1423&_noCache=0.1499075654', 0, 'kbbf1pjipkt75cdt3p5c1iv6c1'),
(244, 'ok', 'http://localhost/phpok/admin.php?c=inp&type=user&_=1499075939405', 1499075939, 'admin', 'inp', 'index', 1, 0, '::1', 'http://localhost/phpok/admin.php?c=list&f=edit&id=1423&_noCache=0.1499075654', 0, 'kbbf1pjipkt75cdt3p5c1iv6c1'),
(245, 'ok', 'http://localhost/phpok/admin.php?c=inp&type=user&_=1499076052241', 1499076052, 'admin', 'inp', 'index', 1, 0, '::1', 'http://localhost/phpok/admin.php?c=list&f=edit&id=1423&_noCache=0.1499075654', 0, 'kbbf1pjipkt75cdt3p5c1iv6c1'),
(246, 'ok', 'http://localhost/phpok/admin.php?c=inp&type=user&_=1499076146208', 1499076146, 'admin', 'inp', 'index', 1, 0, '::1', 'http://localhost/phpok/admin.php?c=list&f=edit&id=1423&_noCache=0.1499075654', 0, 'kbbf1pjipkt75cdt3p5c1iv6c1'),
(247, 'ok', 'http://localhost/phpok/admin.php?c=inp&type=user&_=1499076660886', 1499076661, 'admin', 'inp', 'index', 1, 0, '::1', 'http://localhost/phpok/admin.php?c=list&f=edit&id=1423&_noCache=0.1499075654', 0, 'kbbf1pjipkt75cdt3p5c1iv6c1'),
(248, 'ok', 'http://localhost/phpok/admin.php?c=inp&type=user&_=1499080081705', 1499080081, 'admin', 'inp', 'index', 1, 0, '::1', 'http://localhost/phpok/admin.php?c=list&f=edit&id=1423&_noCache=0.1499080079', 0, 'kbbf1pjipkt75cdt3p5c1iv6c1'),
(249, '管理员登录成功', 'http://localhost/phpok/admin.php?c=login&f=ok', 1499138198, 'admin', 'login', 'ok', 1, 0, '::1', 'http://localhost/phpok/admin.php?c=login&_noCache=0.1499138194', 0, 'f96d8qslj2oa0gdnec50n80bl0'),
(250, '网站信息更新完成', 'http://localhost/phpok/admin.php?c=all&f=save&_noCache=0.1499138199', 1499138207, 'admin', 'all', 'save', 1, 0, '::1', 'http://localhost/phpok/admin.php?c=all&f=setting&_noCache=0.2530821432409128', 0, 'f96d8qslj2oa0gdnec50n80bl0'),
(251, '管理员登录成功', 'http://localhost/phpok/admin.php?c=login&f=ok', 1499246107, 'admin', 'login', 'ok', 1, 0, '::1', 'http://localhost/phpok/admin.php?c=login&_noCache=0.1499246102', 0, 'l6h3bp8rfkcuvb9jsdjq7f1en6'),
(252, '管理员登录成功', 'http://localhost/phpok/admin.php?c=login&f=ok', 1499340829, 'admin', 'login', 'ok', 1, 0, '::1', 'http://localhost/phpok/admin.php?c=login&_noCache=0.1499340824', 0, 'ggt8e5onhsesvgfnta43bfep62'),
(253, '<span class="red">微信</span> 安装成功', 'http://localhost/phpok/admin.php?c=plugin&f=install_save&_noCache=0.1499341030', 1499341723, 'admin', 'plugin', 'install_save', 1, 0, '::1', 'http://localhost/phpok/admin.php?c=plugin&f=install&id=weixin', 0, 'ggt8e5onhsesvgfnta43bfep62'),
(254, '管理员登录成功', 'http://localhost/phpok/admin.php?c=login&f=ok', 1499744149, 'admin', 'login', 'ok', 1, 0, '::1', 'http://localhost/phpok/admin.php?c=login&_noCache=0.1499744144', 0, 'goehalfeufsrcfupiabcdpa9v6'),
(255, '管理员登录成功', 'http://localhost/phpok/admin.php?c=login&f=ok', 1499938099, 'admin', 'login', 'ok', 1, 0, '::1', 'http://localhost/phpok/admin.php?c=login&_noCache=0.1499937806', 0, 'hhe55akv6jjl15vam5mq6ust42'),
(256, '<span class="red">测试插件</span> 安装成功', 'http://localhost/phpok/admin.php?c=plugin&f=install_save&_noCache=0.1499941460', 1499941463, 'admin', 'plugin', 'install_save', 1, 0, '::1', 'http://localhost/phpok/admin.php?c=plugin&f=install&id=demo', 0, 'hhe55akv6jjl15vam5mq6ust42'),
(257, '管理员登录成功', 'http://localhost/phpok/admin.php?c=login&f=ok', 1500016408, 'admin', 'login', 'ok', 1, 0, '::1', 'http://localhost/phpok/admin.php?c=login&_noCache=0.1500016402', 0, 'f2h0rtb02n6vqu5eckalmb1dd7'),
(258, '您当前是最新版本，不需要再升级', 'http://localhost/phpok/admin.php?c=update&f=check&_=1500016409079', 1500016409, 'admin', 'update', 'check', 1, 0, '::1', 'http://localhost/phpok/admin.php?c=index', 0, 'f2h0rtb02n6vqu5eckalmb1dd7'),
(259, '管理员登录成功', 'http://localhost/phpok/admin.php?c=login&f=ok', 1500369033, 'admin', 'login', 'ok', 1, 0, '::1', 'http://localhost/phpok/admin.php?c=login&_noCache=0.1500369027', 0, 'vtvj1fofpqkfje6l9srhebgov3'),
(260, '主分类不能为空', 'http://localhost/phpok/admin.php?c=list&f=ok&_noCache=0.1500369040', 1500369047, 'admin', 'list', 'ok', 1, 0, '::1', 'http://localhost/phpok/admin.php?c=list&f=edit&pid=45&_noCache=0.1500369038', 0, 'vtvj1fofpqkfje6l9srhebgov3'),
(261, '主分类不能为空', 'http://localhost/phpok/admin.php?c=list&f=ok&_noCache=0.1500369279', 1500369297, 'admin', 'list', 'ok', 1, 0, '::1', 'http://localhost/phpok/admin.php?c=list&f=edit&pid=45&_noCache=0.1500369277', 0, 'vtvj1fofpqkfje6l9srhebgov3'),
(262, '主题删除成功', 'http://localhost/phpok/admin.php?c=list&f=del&id=1857&_=1500369308221', 1500369311, 'admin', 'list', 'del', 1, 0, '::1', 'http://localhost/phpok/admin.php?c=list&f=action&id=45&_noCache=0.1500369279&cateid=591', 0, 'vtvj1fofpqkfje6l9srhebgov3'),
(263, '管理员登录成功', 'http://localhost/phpok/admin.php?c=login&f=ok', 1500434801, 'admin', 'login', 'ok', 1, 0, '::1', 'http://localhost/phpok/admin.php?c=login&_noCache=0.1500434796', 0, '3kclnuv0umtc21fr9338gi1663'),
(264, '管理员登录成功', 'http://localhost/phpok/admin.php?c=login&f=ok', 1500463268, 'admin', 'login', 'ok', 1, 0, '::1', 'http://localhost/phpok/admin.php?c=login&_noCache=0.1500463263', 0, 'bn5kuorqven8q94550ismfp546'),
(265, '管理员登录成功', 'http://localhost/phpok/admin.php?c=login&f=ok', 1500519284, 'admin', 'login', 'ok', 1, 0, '::1', 'http://localhost/phpok/admin.php?c=login&_noCache=0.1500519281', 0, '11lpeofi3mue43hp63gkmqti44'),
(266, '添加成功', 'http://localhost/phpok/admin.php?c=payment&f=save&_noCache=0.1500519304', 1500519319, 'admin', 'payment', 'save', 1, 0, '::1', 'http://localhost/phpok/admin.php?c=payment&f=set&gid=14&code=alipay', 0, '11lpeofi3mue43hp63gkmqti44'),
(267, '管理员登录成功', 'http://localhost/phpok/admin.php?c=login&f=ok', 1500621196, 'admin', 'login', 'ok', 1, 0, '::1', 'http://localhost/phpok/admin.php?c=login&_noCache=0.1500621191', 0, 'ql1a7e4fr1dsll71i0k1p21865'),
(268, '验证码填写不正确', 'http://localhost/phpok/api.php?c=login&f=save&_noCache=0.3730883538114469', 1500895210, 'api', 'login', 'save', 0, 0, '::1', 'http://localhost/phpok/index.php?c=login&_noCache=0.1500895204', 0, 'm1np9o0h5lt1hco791k4ftn0s5'),
(269, '3288.00元', 'http://localhost/phpok/api.php?c=cart&f=price_format&price=3288.0000&_noCache=0.4458452919023397&_=1500895240720', 1500895242, 'api', 'cart', 'price_format', 0, 23, '::1', 'http://localhost/phpok/index.php?id=1763', 0, 'm1np9o0h5lt1hco791k4ftn0s5'),
(270, '1', 'http://localhost/phpok/api.php?c=cart&f=total&_noCache=0.6330153031957997&_=1500895240723', 1500895244, 'api', 'cart', 'total', 0, 23, '::1', 'http://localhost/phpok/index.php?id=1763', 0, 'm1np9o0h5lt1hco791k4ftn0s5'),
(271, '您的购物车里没有任何产品', 'http://localhost/phpok/index.php?c=cart&f=freight&_=1500895248584', 1500895248, 'www', 'cart', 'freight', 0, 23, '::1', 'http://localhost/phpok/index.php?c=cart&f=checkout&_noCache=0.1500895246', 0, 'm1np9o0h5lt1hco791k4ftn0s5'),
(272, '管理员登录成功', 'http://localhost/phpok/admin.php?c=login&f=ok', 1500900217, 'admin', 'login', 'ok', 1, 0, '::1', 'http://localhost/phpok/admin.php?c=login&_noCache=0.1500900212', 0, 'k7063mogjlamg15j60tgdbg016'),
(273, '检测异常，请登录官网查询补丁更新', 'http://localhost/phpok/admin.php?c=update&f=check&_=1500900217474', 1500900217, 'admin', 'update', 'check', 1, 0, '::1', 'http://localhost/phpok/admin.php?c=index', 0, 'k7063mogjlamg15j60tgdbg016'),
(274, '管理员登录成功', 'http://localhost/phpok/admin.php?c=login&f=ok', 1500945562, 'admin', 'login', 'ok', 1, 0, '::1', 'http://localhost/phpok/admin.php?c=login&_noCache=0.1500945558', 0, 'l8rjvib0spqt148naibahejok3'),
(275, '未指定插件ID', 'http://localhost/phpok/admin.php?c=plugin&f=setting&_noCache=0.1500946260', 1500946305, 'admin', 'plugin', 'setting', 1, 0, '::1', 'http://localhost/phpok/admin.php?c=plugin&f=setting&id=weixin', 0, 'l8rjvib0spqt148naibahejok3'),
(276, '未指定要显示的位置', 'http://localhost/phpok/admin.php?c=plugin&f=icon_save', 1500966508, 'admin', 'plugin', 'icon_save', 1, 0, '::1', 'http://localhost/phpok/admin.php?c=plugin&f=icon&id=demo', 0, 'l8rjvib0spqt148naibahejok3'),
(277, '数据已存在记录，请重新设置一个', 'http://localhost/phpok/admin.php?c=plugin&f=icon_save', 1500967140, 'admin', 'plugin', 'icon_save', 1, 0, '::1', 'http://localhost/phpok/admin.php?c=plugin&f=icon&id=demo&vid=b7030572255e048164583a55ef4f2717', 0, 'l8rjvib0spqt148naibahejok3'),
(278, '未指定要显示的位置', 'http://localhost/phpok/admin.php?c=plugin&f=icon_save', 1500967909, 'admin', 'plugin', 'icon_save', 1, 0, '::1', 'http://localhost/phpok/admin.php?c=plugin&f=icon&id=demo', 0, 'l8rjvib0spqt148naibahejok3'),
(279, '管理员登录成功', 'http://localhost/phpok/admin.php?c=login&f=ok', 1500976892, 'admin', 'login', 'ok', 1, 0, '::1', 'http://localhost/phpok/admin.php?c=login&_noCache=0.1500976885', 0, '3knsr2447peetjho7jbv8n52g3'),
(280, '<span class="red">购物需要会员登录插件</span> 安装成功', 'http://localhost/phpok/admin.php?c=plugin&f=install_save&_noCache=0.1500976968', 1500976970, 'admin', 'plugin', 'install_save', 1, 0, '::1', 'http://localhost/phpok/admin.php?c=plugin&f=install&id=useraddcart', 0, '3knsr2447peetjho7jbv8n52g3'),
(281, '3288.00元', 'http://localhost/phpok/api.php?c=cart&f=price_format&price=3288.0000&_noCache=0.9156200395737912&_=1500977248215', 1500977257, 'api', 'cart', 'price_format', 0, 0, '::1', 'http://localhost/phpok/index.php?id=1763', 0, '3knsr2447peetjho7jbv8n52g3'),
(282, '请先登录或注册', 'http://localhost/phpok/api.php?c=cart&f=add&id=1763&_noCache=0.9862022412117819&qty=1&ext=48%2C50&_=1500977248216', 1500977260, 'api', 'cart', 'add', 0, 0, '::1', 'http://localhost/phpok/index.php?id=1763', 0, '3knsr2447peetjho7jbv8n52g3'),
(283, '请先登录', 'http://localhost/phpok/index.php?c=cart&_noCache=0.1500977247', 1500977264, 'www', 'cart', 'index', 0, 0, '::1', 'http://localhost/phpok/index.php?id=1763', 0, '3knsr2447peetjho7jbv8n52g3'),
(284, '管理员登录成功', 'http://localhost/phpok/admin.php?c=login&f=ok', 1501221297, 'admin', 'login', 'ok', 1, 0, '::1', 'http://localhost/phpok/admin.php?c=login&_noCache=0.1501221292', 0, 'hojnciva4kl6lrv4l7ue634q54'),
(285, 'code:', 'http://localhost/phpok/admin.php?c=gateway&f=extmanage&update=2&type=ajax&id=12&manageid=send&tplcode=37&_=1501222070660', 1501222079, 'admin', 'gateway', 'extmanage', 1, 0, '::1', 'http://localhost/phpok/admin.php?c=gateway&f=extmanage&id=12&manageid=send', 0, 'hojnciva4kl6lrv4l7ue634q54'),
(286, '短信发送成功', 'http://localhost/phpok/admin.php?c=gateway&f=extmanage&update=1&type=ajax&id=12&manageid=send', 1501222083, 'admin', 'gateway', 'extmanage', 1, 0, '::1', 'http://localhost/phpok/admin.php?c=gateway&f=extmanage&id=12&manageid=send', 0, 'hojnciva4kl6lrv4l7ue634q54'),
(287, '请传递正确的附件ID', 'http://localhost/phpok/admin.php?c=upload&f=thumbshow&id=Array&_=1501230427996', 1501230428, 'admin', 'upload', 'thumbshow', 1, 0, '::1', 'http://localhost/phpok/admin.php?c=list&f=edit&pid=43&_noCache=0.1501230410', 0, 'hojnciva4kl6lrv4l7ue634q54'),
(288, '内容的主题不能为空', 'http://localhost/phpok/admin.php?c=list&f=ok&_noCache=0.1501230427', 1501230433, 'admin', 'list', 'ok', 1, 0, '::1', 'http://localhost/phpok/admin.php?c=list&f=edit&pid=43&_noCache=0.1501230410', 0, 'hojnciva4kl6lrv4l7ue634q54'),
(289, '主分类不能为空', 'http://localhost/phpok/admin.php?c=list&f=ok&_noCache=0.1501230427', 1501230438, 'admin', 'list', 'ok', 1, 0, '::1', 'http://localhost/phpok/admin.php?c=list&f=edit&pid=43&_noCache=0.1501230410', 0, 'hojnciva4kl6lrv4l7ue634q54'),
(290, 'ok', 'http://localhost/phpok/admin.php?c=inp&type=user&_=1501230446715', 1501230446, 'admin', 'inp', 'index', 1, 0, '::1', 'http://localhost/phpok/admin.php?c=list&f=edit&id=1858&_noCache=0.1501230443', 0, 'hojnciva4kl6lrv4l7ue634q54'),
(291, 'ok', 'http://localhost/phpok/admin.php?c=inp&type=user&_=1501230517029', 1501230517, 'admin', 'inp', 'index', 1, 0, '::1', 'http://localhost/phpok/admin.php?c=list&f=edit&id=1858&_noCache=0.1501230443', 0, 'hojnciva4kl6lrv4l7ue634q54'),
(292, 'ok', 'http://localhost/phpok/admin.php?c=inp&type=user&_=1501230582958', 1501230583, 'admin', 'inp', 'index', 1, 0, '::1', 'http://localhost/phpok/admin.php?c=list&f=edit&id=1858&_noCache=0.1501230443', 0, 'hojnciva4kl6lrv4l7ue634q54'),
(293, 'ok', 'http://localhost/phpok/admin.php?c=inp&type=user&_=1501230655293', 1501230655, 'admin', 'inp', 'index', 1, 0, '::1', 'http://localhost/phpok/admin.php?c=list&f=edit&id=1858&_noCache=0.1501230443', 0, 'hojnciva4kl6lrv4l7ue634q54'),
(294, '管理员登录成功', 'http://localhost/phpok/admin.php?c=login&f=ok', 1501290294, 'admin', 'login', 'ok', 1, 0, '::1', 'http://localhost/phpok/admin.php?c=login&_noCache=0.1501290289', 0, 'qhhdeqinrf46bqhjgc9kdpr206'),
(295, '会员登录成功', 'http://localhost/phpok/index.php?c=login&f=ok&_noCache=0.1501317826', 1501317831, 'www', 'login', 'ok', 0, 23, '::1', 'http://localhost/phpok/index.php?c=login&_noCache=0.1501317817', 0, 'qhhdeqinrf46bqhjgc9kdpr206'),
(296, '4088.00元', 'http://localhost/phpok/api.php?c=cart&f=price_format&price=4088&_noCache=0.012757182705927295&_=1501317836827', 1501317842, 'api', 'cart', 'price_format', 0, 23, '::1', 'http://localhost/phpok/index.php?id=1763', 0, 'qhhdeqinrf46bqhjgc9kdpr206'),
(297, '产品信息不存在或未启用', 'http://localhost/phpok/api.php?c=cart&f=add&id=1763&_noCache=0.6667317016410909&qty=1&ext=49%2C51&_=1501317836828', 1501317844, 'api', 'cart', 'add', 0, 23, '::1', 'http://localhost/phpok/index.php?id=1763', 0, 'qhhdeqinrf46bqhjgc9kdpr206'),
(298, '1', 'http://localhost/phpok/api.php?c=cart&f=total&_noCache=0.6111170029566674&_=1501317887799', 1501317888, 'api', 'cart', 'total', 0, 23, '::1', 'http://localhost/phpok/index.php?id=1763', 0, 'qhhdeqinrf46bqhjgc9kdpr206'),
(299, '扩展全局内容设置成功', 'http://localhost/phpok/admin.php?c=all&f=ext_save&_noCache=0.1501317907', 1501317918, 'admin', 'all', 'ext_save', 1, 0, '::1', 'http://localhost/phpok/admin.php?c=all&f=set&id=37&_noCache=0.8289161349216162', 0, 'qhhdeqinrf46bqhjgc9kdpr206'),
(300, '4088.00元', 'http://localhost/phpok/api.php?c=cart&f=price_format&price=4088&_noCache=0.6818479589377511&_=1501317930210', 1501318188, 'api', 'cart', 'price_format', 0, 23, '::1', 'http://localhost/phpok/index.php?id=1763', 0, 'qhhdeqinrf46bqhjgc9kdpr206'),
(301, '3288.00元', 'http://localhost/phpok/api.php?c=cart&f=price_format&price=3288.0000&_noCache=0.8217348473301977&_=1501317930211', 1501318190, 'api', 'cart', 'price_format', 0, 23, '::1', 'http://localhost/phpok/index.php?id=1763', 0, 'qhhdeqinrf46bqhjgc9kdpr206'),
(302, '3288.00元', 'http://localhost/phpok/api.php?c=cart&f=price_format&price=3288.0000&_noCache=0.06366248868185365&_=1501317930217', 1501318358, 'api', 'cart', 'price_format', 0, 23, '::1', 'http://localhost/phpok/index.php?id=1763', 0, 'qhhdeqinrf46bqhjgc9kdpr206'),
(303, '1', 'http://localhost/phpok/api.php?c=cart&f=total&_noCache=0.15835789200714845&_=1501318371516', 1501318371, 'api', 'cart', 'total', 0, 23, '::1', 'http://localhost/phpok/index.php?id=1763', 0, 'qhhdeqinrf46bqhjgc9kdpr206'),
(304, '4088.00元', 'http://localhost/phpok/api.php?c=cart&f=price_format&price=4088&_noCache=0.13625621466125393&_=1501318387868', 1501318391, 'api', 'cart', 'price_format', 0, 23, '::1', 'http://localhost/phpok/index.php?id=1763', 0, 'qhhdeqinrf46bqhjgc9kdpr206'),
(305, '1', 'http://localhost/phpok/api.php?c=cart&f=total&_noCache=0.33697380692452505&_=1501318460140', 1501318460, 'api', 'cart', 'total', 0, 23, '::1', 'http://localhost/phpok/index.php?id=1763', 0, 'qhhdeqinrf46bqhjgc9kdpr206'),
(306, '3288.00元', 'http://localhost/phpok/api.php?c=cart&f=price_format&price=3288.0000&_noCache=0.14735249811426676&_=1501318460141', 1501318466, 'api', 'cart', 'price_format', 0, 23, '::1', 'http://localhost/phpok/index.php?id=1763', 0, 'qhhdeqinrf46bqhjgc9kdpr206'),
(307, '4888.00元', 'http://localhost/phpok/api.php?c=cart&f=price_format&price=4888&_noCache=0.6820478294669843&_=1501318460142', 1501318468, 'api', 'cart', 'price_format', 0, 23, '::1', 'http://localhost/phpok/index.php?id=1763', 0, 'qhhdeqinrf46bqhjgc9kdpr206'),
(308, '1', 'http://localhost/phpok/api.php?c=cart&f=total&_noCache=0.1647440853772424&_=1501318528364', 1501318528, 'api', 'cart', 'total', 0, 23, '::1', 'http://localhost/phpok/index.php?id=1763', 0, 'qhhdeqinrf46bqhjgc9kdpr206'),
(309, '3288.00元', 'http://localhost/phpok/api.php?c=cart&f=price_format&price=3288.0000&_noCache=0.6187325900268738&_=1501318528365', 1501318533, 'api', 'cart', 'price_format', 0, 23, '::1', 'http://localhost/phpok/index.php?id=1763', 0, 'qhhdeqinrf46bqhjgc9kdpr206'),
(310, 'SELECT a.title,v.title content,v.val FROM qinggan_list_attr l LEFT JOIN qinggan_attr a ON(l.aid=a.id AND a.site_id=1) LEFT JOIN qinggan_attr_values v ON(l.vid=v.id AND l.aid=v.aid) WHERE l.tid=''1763'' AND l.id IN(Array)', 'http://localhost/phpok/api.php?c=cart&f=add&id=1763&_noCache=0.3418444259046508&qty=1&ext=48%2C50&_=1501318528368', 1501318618, 'api', 'cart', 'add', 0, 23, '::1', 'http://localhost/phpok/index.php?id=1763', 0, 'qhhdeqinrf46bqhjgc9kdpr206'),
(311, 'Array', 'http://localhost/phpok/api.php?c=cart&f=add&id=1763&_noCache=0.7648681801584887&qty=1&ext=48%2C50&_=1501318528369', 1501318658, 'api', 'cart', 'add', 0, 23, '::1', 'http://localhost/phpok/index.php?id=1763', 0, 'qhhdeqinrf46bqhjgc9kdpr206'),
(312, 'SELECT a.title,v.title content,v.val FROM qinggan_list_attr l LEFT JOIN qinggan_attr a ON(l.aid=a.id AND a.site_id=1) LEFT JOIN qinggan_attr_values v ON(l.vid=v.id AND l.aid=v.aid) WHERE l.tid=''1763'' AND l.id IN(Array)', 'http://localhost/phpok/api.php?c=cart&f=add&id=1763&_noCache=0.5514904557693355&qty=1&ext=48%2C50&_=1501318528370', 1501318689, 'api', 'cart', 'add', 0, 23, '::1', 'http://localhost/phpok/index.php?id=1763', 0, 'qhhdeqinrf46bqhjgc9kdpr206'),
(313, 'Array', 'http://localhost/phpok/api.php?c=cart&f=add&id=1763&_noCache=0.8096669884842937&qty=1&ext=48%2C50&_=1501318528372', 1501318741, 'api', 'cart', 'add', 0, 23, '::1', 'http://localhost/phpok/index.php?id=1763', 0, 'qhhdeqinrf46bqhjgc9kdpr206'),
(314, 'SELECT a.title,v.title content,v.val FROM qinggan_list_attr l LEFT JOIN qinggan_attr a ON(l.aid=a.id AND a.site_id=1) LEFT JOIN qinggan_attr_values v ON(l.vid=v.id AND l.aid=v.aid) WHERE l.tid=''1763'' AND l.id IN(Array)', 'http://localhost/phpok/api.php?c=cart&f=add&id=1763&_noCache=0.4918756292634423&qty=1&ext=48%2C50&_=1501318528373', 1501318772, 'api', 'cart', 'add', 0, 23, '::1', 'http://localhost/phpok/index.php?id=1763', 0, 'qhhdeqinrf46bqhjgc9kdpr206'),
(315, 'SELECT a.title,v.title content,v.val FROM qinggan_list_attr l LEFT JOIN qinggan_attr a ON(l.aid=a.id AND a.site_id=1) LEFT JOIN qinggan_attr_values v ON(l.vid=v.id AND l.aid=v.aid) WHERE l.tid=''1763'' AND l.id IN(Array)', 'http://localhost/phpok/api.php?c=cart&f=add&id=1763&_noCache=0.7144607622730599&qty=1&ext=48%2C50&_=1501318528374', 1501318866, 'api', 'cart', 'add', 0, 23, '::1', 'http://localhost/phpok/index.php?id=1763', 0, 'qhhdeqinrf46bqhjgc9kdpr206'),
(316, 'SELECT a.title,v.title content,v.val FROM qinggan_list_attr l LEFT JOIN qinggan_attr a ON(l.aid=a.id AND a.site_id=1) LEFT JOIN qinggan_attr_values v ON(l.vid=v.id AND l.aid=v.aid) WHERE l.tid=''1763'' AND l.id IN(Array)', 'http://localhost/phpok/api.php?c=cart&f=add&id=1763&_noCache=0.9098049348590589&qty=1&ext=48%2C50&_=1501318528376', 1501318952, 'api', 'cart', 'add', 0, 23, '::1', 'http://localhost/phpok/index.php?id=1763', 0, 'qhhdeqinrf46bqhjgc9kdpr206'),
(317, '3288.00元', 'http://localhost/phpok/api.php?c=cart&f=price_format&price=3288.0000&_noCache=0.6027692328477317&_=1501319146311', 1501319149, 'api', 'cart', 'price_format', 0, 23, '::1', 'http://localhost/phpok/index.php?id=1763', 0, 'qhhdeqinrf46bqhjgc9kdpr206'),
(318, '2', 'http://localhost/phpok/api.php?c=cart&f=total&_noCache=0.3441517845206853&_=1501319146315', 1501319184, 'api', 'cart', 'total', 0, 23, '::1', 'http://localhost/phpok/index.php?id=1763', 0, 'qhhdeqinrf46bqhjgc9kdpr206'),
(319, '2', 'http://localhost/phpok/api.php?c=cart&f=total&_noCache=0.668982606626511&_=1501320773411', 1501320773, 'api', 'cart', 'total', 0, 23, '::1', 'http://localhost/phpok/index.php?c=cart&_noCache=0.1501319145', 0, 'qhhdeqinrf46bqhjgc9kdpr206'),
(320, '1', 'http://localhost/phpok/api.php?c=cart&f=total&_noCache=0.45109252202473826&_=1501320776260', 1501320776, 'api', 'cart', 'total', 0, 23, '::1', 'http://localhost/phpok/index.php?c=cart&_noCache=0.1501319145', 0, 'qhhdeqinrf46bqhjgc9kdpr206'),
(321, '1', 'http://localhost/phpok/api.php?c=cart&f=total&_noCache=0.04846194942251203&_=1501320886186', 1501320886, 'api', 'cart', 'total', 0, 23, '::1', 'http://localhost/phpok/index.php?c=cart&_noCache=0.1501319145', 0, 'qhhdeqinrf46bqhjgc9kdpr206'),
(322, '1', 'http://localhost/phpok/api.php?c=cart&f=total&_noCache=0.15217983838372828&_=1501320979658', 1501320979, 'api', 'cart', 'total', 0, 23, '::1', 'http://localhost/phpok/index.php?c=cart&_noCache=0.1501319145', 0, 'qhhdeqinrf46bqhjgc9kdpr206'),
(323, '3288.00元', 'http://localhost/phpok/api.php?c=cart&f=price_format&price=3288.0000&_noCache=0.4087241192326161&_=1501320999683', 1501321006, 'api', 'cart', 'price_format', 0, 23, '::1', 'http://localhost/phpok/index.php?id=1763', 0, 'qhhdeqinrf46bqhjgc9kdpr206'),
(324, '3288.00元', 'http://localhost/phpok/api.php?c=cart&f=price_format&price=3288.0000&_noCache=0.5376001187883486&_=1501321474431', 1501321476, 'api', 'cart', 'price_format', 0, 23, '::1', 'http://localhost/phpok/index.php?id=1763', 0, 'qhhdeqinrf46bqhjgc9kdpr206'),
(325, '1', 'http://localhost/phpok/api.php?c=cart&f=total&_noCache=0.8578001294121586&_=1501321474434', 1501321477, 'api', 'cart', 'total', 0, 23, '::1', 'http://localhost/phpok/index.php?id=1763', 0, 'qhhdeqinrf46bqhjgc9kdpr206'),
(326, '2', 'http://localhost/phpok/api.php?c=cart&f=total&_noCache=0.47291521566923467&_=1501321474436', 1501321491, 'api', 'cart', 'total', 0, 23, '::1', 'http://localhost/phpok/index.php?id=1763', 0, 'qhhdeqinrf46bqhjgc9kdpr206'),
(327, '2', 'http://localhost/phpok/api.php?c=cart&f=total&_noCache=0.6109891927980777&_=1501322170312', 1501322170, 'api', 'cart', 'total', 0, 23, '::1', 'http://localhost/phpok/index.php?id=1763', 0, 'qhhdeqinrf46bqhjgc9kdpr206'),
(328, '3288.00元', 'http://localhost/phpok/api.php?c=cart&f=price_format&price=3288.0000&_noCache=0.4027539907552672&_=1501322170313', 1501322226, 'api', 'cart', 'price_format', 0, 23, '::1', 'http://localhost/phpok/index.php?id=1763', 0, 'qhhdeqinrf46bqhjgc9kdpr206'),
(329, 'thumb///', 'http://localhost/phpok/api.php?c=cart&f=add&id=1763&_noCache=0.6491400732328886&qty=1&ext=49%2C50&_=1501322170315', 1501322257, 'api', 'cart', 'add', 0, 23, '::1', 'http://localhost/phpok/index.php?id=1763', 0, 'qhhdeqinrf46bqhjgc9kdpr206'),
(330, '<pre>Array\n(\n    [id] => 1025\n    [cate_id] => 1\n    [folder] => res/201603/23/\n    [name] => 5b8b8f3f6cfd32b9.jpg\n    [ext] => jpg\n    [filename] => res/201603/23/5b8b8f3f6cfd32b9.jpg\n    [ico] => res/201603/23/_1025.jpg\n    [addtime] => 1458669513\n    [', 'http://localhost/phpok/api.php?c=cart&f=add&id=1763&_noCache=0.6491400732328886&qty=1&ext=49%2C50&_=1501322170315', 1501322257, 'api', 'cart', 'add', 0, 23, '::1', 'http://localhost/phpok/index.php?id=1763', 1, 'qhhdeqinrf46bqhjgc9kdpr206'),
(331, '1', 'http://localhost/phpok/api.php?c=cart&f=total&_noCache=0.9985520645584611&_=1501322170316', 1501322258, 'api', 'cart', 'total', 0, 23, '::1', 'http://localhost/phpok/index.php?id=1763', 0, 'qhhdeqinrf46bqhjgc9kdpr206'),
(332, '4888.00元', 'http://localhost/phpok/api.php?c=cart&f=price_format&price=4888&_noCache=0.7336953772325637&_=1501322170317', 1501322289, 'api', 'cart', 'price_format', 0, 23, '::1', 'http://localhost/phpok/index.php?id=1763', 0, 'qhhdeqinrf46bqhjgc9kdpr206'),
(333, '<pre>Array\n(\n    [id] => 1025\n    [cate_id] => 1\n    [folder] => res/201603/23/\n    [name] => 5b8b8f3f6cfd32b9.jpg\n    [ext] => jpg\n    [filename] => res/201603/23/5b8b8f3f6cfd32b9.jpg\n    [ico] => res/201603/23/_1025.jpg\n    [addtime] => 1458669513\n    [', 'http://localhost/phpok/api.php?c=cart&f=add&id=1763&_noCache=0.4328351252038489&qty=1&ext=49%2C51&_=1501322170318', 1501322291, 'api', 'cart', 'add', 0, 23, '::1', 'http://localhost/phpok/index.php?id=1763', 1, 'qhhdeqinrf46bqhjgc9kdpr206'),
(334, '2', 'http://localhost/phpok/api.php?c=cart&f=total&_noCache=0.7935332235544391&_=1501322170319', 1501322291, 'api', 'cart', 'total', 0, 23, '::1', 'http://localhost/phpok/index.php?id=1763', 0, 'qhhdeqinrf46bqhjgc9kdpr206'),
(335, '1', 'http://localhost/phpok/api.php?c=cart&f=total&_noCache=0.3617830037501715&_=1501322360165', 1501322360, 'api', 'cart', 'total', 0, 23, '::1', 'http://localhost/phpok/index.php?c=cart&_noCache=0.1501322170', 0, 'qhhdeqinrf46bqhjgc9kdpr206'),
(336, '2', 'http://localhost/phpok/api.php?c=cart&f=total&_noCache=0.8338907894851544&_=1501322170322', 1501322363, 'api', 'cart', 'total', 0, 23, '::1', 'http://localhost/phpok/index.php?id=1763', 0, 'qhhdeqinrf46bqhjgc9kdpr206'),
(337, '4888.00元', 'http://localhost/phpok/api.php?c=cart&f=price_format&price=4888&_noCache=0.5108825307247056&_=1501322371556', 1501322373, 'api', 'cart', 'price_format', 0, 23, '::1', 'http://localhost/phpok/index.php?id=1763', 0, 'qhhdeqinrf46bqhjgc9kdpr206'),
(338, '3288.00元', 'http://localhost/phpok/api.php?c=cart&f=price_format&price=3288.0000&_noCache=0.017257126500816233&_=1501322371557', 1501322375, 'api', 'cart', 'price_format', 0, 23, '::1', 'http://localhost/phpok/index.php?id=1763', 0, 'qhhdeqinrf46bqhjgc9kdpr206'),
(339, '2', 'http://localhost/phpok/api.php?c=cart&f=total&_noCache=0.5134263267473285&_=1501322429922', 1501322430, 'api', 'cart', 'total', 0, 23, '::1', 'http://localhost/phpok/index.php?id=1763', 0, 'qhhdeqinrf46bqhjgc9kdpr206'),
(340, '4088.00元', 'http://localhost/phpok/api.php?c=cart&f=price_format&price=4088&_noCache=0.5594768525330349&_=1501322429924', 1501322432, 'api', 'cart', 'price_format', 0, 23, '::1', 'http://localhost/phpok/index.php?id=1763', 0, 'qhhdeqinrf46bqhjgc9kdpr206'),
(341, '3288.00元', 'http://localhost/phpok/api.php?c=cart&f=price_format&price=3288.0000&_noCache=0.27330369032896906&_=1501322449140', 1501322522, 'api', 'cart', 'price_format', 0, 23, '::1', 'http://localhost/phpok/index.php?id=1763', 0, 'qhhdeqinrf46bqhjgc9kdpr206'),
(342, '3', 'http://localhost/phpok/api.php?c=cart&f=total&_noCache=0.21817290471148976&_=1501322449143', 1501322524, 'api', 'cart', 'total', 0, 23, '::1', 'http://localhost/phpok/index.php?id=1763', 0, 'qhhdeqinrf46bqhjgc9kdpr206'),
(343, '4', 'http://localhost/phpok/api.php?c=cart&f=total&_noCache=0.2254425145385257&_=1501322449146', 1501322533, 'api', 'cart', 'total', 0, 23, '::1', 'http://localhost/phpok/index.php?id=1763', 0, 'qhhdeqinrf46bqhjgc9kdpr206'),
(344, '4', 'http://localhost/phpok/api.php?c=cart&f=total&_noCache=0.26758848253127365&_=1501322742639', 1501322742, 'api', 'cart', 'total', 0, 23, '::1', 'http://localhost/phpok/index.php?c=cart&f=checkout&_noCache=0.1501322534', 0, 'qhhdeqinrf46bqhjgc9kdpr206'),
(345, '4', 'http://localhost/phpok/api.php?c=cart&f=total&_noCache=0.07115898182602565&_=1501322876119', 1501322876, 'api', 'cart', 'total', 0, 23, '::1', 'http://localhost/phpok/index.php?c=payment&id=2&_noCache=0.1501322742', 0, 'qhhdeqinrf46bqhjgc9kdpr206'),
(346, '成功创建支付链，请稍候，即将为您跳转支付页面…', 'http://localhost/phpok/index.php?c=payment&f=create&type=recharge&_noCache=0.1501322875', 1501322884, 'www', 'payment', 'create', 0, 23, '::1', 'http://localhost/phpok/index.php?c=payment&id=2&_noCache=0.1501322742', 0, 'qhhdeqinrf46bqhjgc9kdpr206'),
(347, '4', 'http://localhost/phpok/api.php?c=cart&f=total&_noCache=0.2709009804445268&_=1501573683178', 1501573683, 'api', 'cart', 'total', 0, 23, '::1', 'http://localhost/phpok/', 0, 'jajc3a8cv45rji1acb9defb622'),
(348, '管理员登录成功', 'http://localhost/phpok/admin.php?c=login&f=ok', 1501641896, 'admin', 'login', 'ok', 1, 0, '::1', 'http://localhost/phpok/admin.php?c=login&_noCache=0.1501641890', 0, '75428itaoprgqqpgsen8kn8hm3'),
(349, '管理员登录成功', 'http://localhost/phpok/admin.php?c=login&f=ok', 1501753204, 'admin', 'login', 'ok', 1, 0, '::1', 'http://localhost/phpok/admin.php?c=login&_noCache=0.1501753199', 0, 's5u8h24bl0m4q9oof1spavpfc1'),
(350, '类文件zip.php不存在', 'http://localhost/phpok/admin.php?c=opt&f=export&id=14&pid=true', 1501767879, 'admin', 'opt', 'export', 1, 0, '::1', 'http://localhost/phpok/admin.php?c=opt&_noCache=0.1501767181', 0, 's5u8h24bl0m4q9oof1spavpfc1'),
(351, '内容不能为空', 'http://localhost/phpok/admin.php?c=opt&f=import', 1501769729, 'admin', 'opt', 'import', 1, 0, '::1', 'http://localhost/phpok/admin.php?c=index', 0, 's5u8h24bl0m4q9oof1spavpfc1');
INSERT INTO `qinggan_log` (`id`, `note`, `url`, `dateline`, `app_id`, `ctrl`, `func`, `admin_id`, `user_id`, `ip`, `referer`, `mask`, `session_id`) VALUES
(352, 'data/cache/843e2f85ab932f40.zip', 'http://localhost/phpok/admin.php?c=upload&f=zip&_noCache=0.1501769784&PHPSESSION=s5u8h24bl0m4q9oof1spavpfc1&id=WU_FILE_0&name=%E5%BE%AE%E4%BF%A1%E8%8F%9C%E5%8D%95%E7%B1%BB%E5%9E%8B.zip&type=application%2Fx-zip-compressed&lastModifiedDate=Thu+Aug+03+2017+2', 1501769791, 'admin', 'upload', 'zip', 1, 0, '::1', 'http://localhost/phpok/admin.php?c=opt&f=import', 0, 's5u8h24bl0m4q9oof1spavpfc1'),
(353, 'D:/phpstudy/WWW/phpok/data/cache/1_1501769791/opt_1_14.xml', 'http://localhost/phpok/admin.php?c=opt&f=import_data&zipfile=data%2Fcache%2F843e2f85ab932f40.zip&_=1501769784918', 1501769791, 'admin', 'opt', 'import_data', 1, 0, '::1', 'http://localhost/phpok/admin.php?c=opt&f=import', 0, 's5u8h24bl0m4q9oof1spavpfc1'),
(354, 'data/cache/928f9d8e30110208.zip', 'http://localhost/phpok/admin.php?c=upload&f=zip&_noCache=0.1501771278&PHPSESSION=s5u8h24bl0m4q9oof1spavpfc1&id=WU_FILE_0&name=%E7%9C%81%E5%B8%82%E5%8E%BF%E5%A4%9A%E7%BA%A7%E8%81%94%E5%8A%A8%281%29.zip&type=application%2Fx-zip-compressed&lastModifiedDate=T', 1501771285, 'admin', 'upload', 'zip', 1, 0, '::1', 'http://localhost/phpok/admin.php?c=opt&f=import', 0, 's5u8h24bl0m4q9oof1spavpfc1'),
(355, '管理员登录成功', 'http://localhost/phpok/admin.php?c=login&f=ok', 1501814378, 'admin', 'login', 'ok', 1, 0, '::1', 'http://localhost/phpok/admin.php?c=login&_noCache=0.1501814374', 0, 'b86bv28no9idcdemb4ifbo1us2'),
(356, '您当前是最新版本，不需要再升级', 'http://localhost/phpok/admin.php?c=update&f=check&_=1501814379293', 1501814379, 'admin', 'update', 'check', 1, 0, '::1', 'http://localhost/phpok/admin.php?c=index', 0, 'b86bv28no9idcdemb4ifbo1us2'),
(357, '没有选项内容数据', 'http://localhost/phpok/admin.php?c=opt&f=export&id=12&pid=62&sub=1', 1501814481, 'admin', 'opt', 'export', 1, 0, '::1', 'http://localhost/phpok/admin.php?c=opt&f=list&group_id=12', 0, 'b86bv28no9idcdemb4ifbo1us2'),
(358, 'data/cache/a0bb49a271d9ee92.zip', 'http://localhost/phpok/admin.php?c=upload&f=zip&_noCache=0.1501816115&PHPSESSION=b86bv28no9idcdemb4ifbo1us2&id=WU_FILE_0&name=province.zip&type=application%2Fx-zip-compressed&lastModifiedDate=Fri+Aug+04+2017+11%3A08%3A52+GMT%2B0800&size=525', 1501816143, 'admin', 'upload', 'zip', 1, 0, '::1', 'http://localhost/phpok/admin.php?c=opt&f=import&id=2', 0, 'b86bv28no9idcdemb4ifbo1us2'),
(359, 'data/cache/f8f087958b22c04b.zip', 'http://localhost/phpok/admin.php?c=upload&f=zip&_noCache=0.1501816329&PHPSESSION=b86bv28no9idcdemb4ifbo1us2&id=WU_FILE_0&name=province.zip&type=application%2Fx-zip-compressed&lastModifiedDate=Fri+Aug+04+2017+11%3A08%3A52+GMT%2B0800&size=525', 1501816334, 'admin', 'upload', 'zip', 1, 0, '::1', 'http://localhost/phpok/admin.php?c=opt&f=import&id=2', 0, 'b86bv28no9idcdemb4ifbo1us2'),
(360, 'data/cache/640b380bf4b34ee1.zip', 'http://localhost/phpok/admin.php?c=upload&f=zip&_noCache=0.1501816545&PHPSESSION=b86bv28no9idcdemb4ifbo1us2&id=WU_FILE_0&name=1.zip&type=application%2Fx-zip-compressed&lastModifiedDate=Fri+Aug+04+2017+11%3A15%3A37+GMT%2B0800&size=360', 1501816550, 'admin', 'upload', 'zip', 1, 0, '::1', 'http://localhost/phpok/admin.php?c=opt&f=import&id=2&pid=115', 0, 'b86bv28no9idcdemb4ifbo1us2'),
(361, 'data/cache/0ec83208f2153a52.zip', 'http://localhost/phpok/admin.php?c=upload&f=zip&_noCache=0.1501816570&PHPSESSION=b86bv28no9idcdemb4ifbo1us2&id=WU_FILE_0&name=1.zip&type=application%2Fx-zip-compressed&lastModifiedDate=Fri+Aug+04+2017+11%3A15%3A37+GMT%2B0800&size=360', 1501816577, 'admin', 'upload', 'zip', 1, 0, '::1', 'http://localhost/phpok/admin.php?c=opt&f=import&id=2&pid=115', 0, 'b86bv28no9idcdemb4ifbo1us2'),
(362, 'data/cache/c5ac3cf8e6924f11.zip', 'http://localhost/phpok/admin.php?c=upload&f=zip&_noCache=0.1501816634&PHPSESSION=b86bv28no9idcdemb4ifbo1us2&id=WU_FILE_0&name=1.zip&type=application%2Fx-zip-compressed&lastModifiedDate=Fri+Aug+04+2017+11%3A17%3A04+GMT%2B0800&size=387', 1501816641, 'admin', 'upload', 'zip', 1, 0, '::1', 'http://localhost/phpok/admin.php?c=opt&f=import&id=2&pid=115', 0, 'b86bv28no9idcdemb4ifbo1us2'),
(363, 'data/cache/37d0081624dc5bb1.zip', 'http://localhost/phpok/admin.php?c=upload&f=zip&_noCache=0.1501816758&PHPSESSION=b86bv28no9idcdemb4ifbo1us2&id=WU_FILE_0&name=2.zip&type=application%2Fx-zip-compressed&lastModifiedDate=Fri+Aug+04+2017+11%3A19%3A03+GMT%2B0800&size=371', 1501816763, 'admin', 'upload', 'zip', 1, 0, '::1', 'http://localhost/phpok/admin.php?c=opt&f=import&id=2&pid=116', 0, 'b86bv28no9idcdemb4ifbo1us2'),
(364, 'data/cache/71a1db0d799ded69.zip', 'http://localhost/phpok/admin.php?c=upload&f=zip&_noCache=0.1501822828&PHPSESSION=b86bv28no9idcdemb4ifbo1us2&id=WU_FILE_0&name=pca-new.zip&type=application%2Fx-zip-compressed&lastModifiedDate=Fri+Aug+04+2017+12%3A59%3A00+GMT%2B0800&size=28772', 1501822834, 'admin', 'upload', 'zip', 1, 0, '::1', 'http://localhost/phpok/admin.php?c=opt&f=import', 0, 'b86bv28no9idcdemb4ifbo1us2'),
(365, '导入失败', 'http://localhost/phpok/admin.php?c=opt&f=import_data&zipfile=data%2Fcache%2F71a1db0d799ded69.zip&_=1501822829132', 1501822834, 'admin', 'opt', 'import_data', 1, 0, '::1', 'http://localhost/phpok/admin.php?c=opt&f=import', 0, 'b86bv28no9idcdemb4ifbo1us2'),
(366, 'data/cache/ec26b7cb25def60d.zip', 'http://localhost/phpok/admin.php?c=upload&f=zip&_noCache=0.1501822901&PHPSESSION=b86bv28no9idcdemb4ifbo1us2&id=WU_FILE_0&name=pca-new.zip&type=application%2Fx-zip-compressed&lastModifiedDate=Fri+Aug+04+2017+12%3A59%3A00+GMT%2B0800&size=28772', 1501822907, 'admin', 'upload', 'zip', 1, 0, '::1', 'http://localhost/phpok/admin.php?c=opt&f=import', 0, 'b86bv28no9idcdemb4ifbo1us2'),
(367, '导入失败', 'http://localhost/phpok/admin.php?c=opt&f=import_data&zipfile=data%2Fcache%2Fec26b7cb25def60d.zip&_=1501822901735', 1501822907, 'admin', 'opt', 'import_data', 1, 0, '::1', 'http://localhost/phpok/admin.php?c=opt&f=import', 0, 'b86bv28no9idcdemb4ifbo1us2'),
(368, 'data/cache/c66dcfdd39b50af1.zip', 'http://localhost/phpok/admin.php?c=upload&f=zip&_noCache=0.1501822938&PHPSESSION=b86bv28no9idcdemb4ifbo1us2&id=WU_FILE_0&name=pca-new.zip&type=application%2Fx-zip-compressed&lastModifiedDate=Fri+Aug+04+2017+12%3A59%3A00+GMT%2B0800&size=28772', 1501822944, 'admin', 'upload', 'zip', 1, 0, '::1', 'http://localhost/phpok/admin.php?c=opt&f=import&id=17', 0, 'b86bv28no9idcdemb4ifbo1us2'),
(369, 'data/cache/64dc5646e19eebce.zip', 'http://localhost/phpok/admin.php?c=upload&f=zip&_noCache=0.1501823053&PHPSESSION=b86bv28no9idcdemb4ifbo1us2&id=WU_FILE_0&name=%E7%9C%81%E5%B8%82%E5%8E%BF.zip&type=application%2Fx-zip-compressed&lastModifiedDate=Fri+Aug+04+2017+13%3A03%3A29+GMT%2B0800&size', 1501823058, 'admin', 'upload', 'zip', 1, 0, '::1', 'http://localhost/phpok/admin.php?c=opt&f=import', 0, 'b86bv28no9idcdemb4ifbo1us2'),
(370, 'data/cache/68bbaa840137415b.zip', 'http://localhost/phpok/admin.php?c=upload&f=zip&_noCache=0.1501823103&PHPSESSION=b86bv28no9idcdemb4ifbo1us2&id=WU_FILE_0&name=pca-new.zip&type=application%2Fx-zip-compressed&lastModifiedDate=Fri+Aug+04+2017+13%3A04%3A57+GMT%2B0800&size=28738', 1501823107, 'admin', 'upload', 'zip', 1, 0, '::1', 'http://localhost/phpok/admin.php?c=opt&f=import', 0, 'b86bv28no9idcdemb4ifbo1us2'),
(371, '管理员登录成功', 'http://localhost/phpok/admin.php?c=login&f=ok', 1502092046, 'admin', 'login', 'ok', 1, 0, '::1', 'http://localhost/phpok/admin.php?c=login&_noCache=0.1502092040', 0, 'rr9465rc4thk2evci5635duat4'),
(372, '&lt;span class=&quot;red&quot;&gt;批处理插件&lt;/span&gt; 安装成功', 'http://localhost/phpok/admin.php?c=plugin&f=install_save&_noCache=0.1502092113', 1502092116, 'admin', 'plugin', 'install_save', 1, 0, '::1', 'http://localhost/phpok/admin.php?c=plugin&f=install&id=plaction', 0, 'rr9465rc4thk2evci5635duat4'),
(373, '没有可配置的扩展参数', 'http://localhost/phpok/admin.php?c=plugin&f=extconfig&id=plaction', 1502092161, 'admin', 'plugin', 'extconfig', 1, 0, '::1', 'http://localhost/phpok/admin.php?c=index', 0, 'rr9465rc4thk2evci5635duat4'),
(374, '插件卸载成功', 'http://localhost/phpok/admin.php?c=plugin&f=uninstall&id=plaction&_=1502092183006', 1502092203, 'admin', 'plugin', 'uninstall', 1, 0, '::1', 'http://localhost/phpok/admin.php?c=plugin&_noCache=0.1502092125', 0, 'rr9465rc4thk2evci5635duat4'),
(375, '&lt;span class=&quot;red&quot;&gt;批处理插件&lt;/span&gt; 安装成功', 'http://localhost/phpok/admin.php?c=plugin&f=install_save&_noCache=0.1502092207', 1502092208, 'admin', 'plugin', 'install_save', 1, 0, '::1', 'http://localhost/phpok/admin.php?c=plugin&f=install&id=plaction', 0, 'rr9465rc4thk2evci5635duat4'),
(376, '方法&lt;span class=red&gt;plact&lt;/span&gt; 不存在', 'http://localhost/phpok/admin.php?c=plugin&f=exec&id=plaction&exec=plact&pid=87&_noCache=0.4691514423977329', 1502092629, 'admin', 'plugin', 'exec', 1, 0, '::1', 'http://localhost/phpok/admin.php?c=index', 0, 'rr9465rc4thk2evci5635duat4'),
(377, '方法&lt;span class=red&gt;plact&lt;/span&gt; 不存在', 'http://localhost/phpok/admin.php?c=plugin&f=exec&id=plaction&exec=plact&pid=87&_noCache=0.6348885253791647', 1502092700, 'admin', 'plugin', 'exec', 1, 0, '::1', 'http://localhost/phpok/admin.php?c=index', 0, 'rr9465rc4thk2evci5635duat4'),
(378, '方法 &lt;span class=red&gt;plact&lt;/span&gt; 不存在', 'http://localhost/phpok/admin.php?c=plugin&f=exec&id=plaction&exec=plact&pid=87&_noCache=0.8529640718545235', 1502092730, 'admin', 'plugin', 'exec', 1, 0, '::1', 'http://localhost/phpok/admin.php?c=index', 0, 'rr9465rc4thk2evci5635duat4'),
(379, '管理员登录成功', 'http://localhost/phpok/admin.php?c=login&f=ok', 1502161185, 'admin', 'login', 'ok', 1, 0, '::1', 'http://localhost/phpok/admin.php?c=login&_noCache=0.1502161180', 0, '4fsaki6a33reqq1a86gidnjla6'),
(380, 'SELECT count(r.id) FROM qinggan_reply r LEFT JOIN qinggan_list l ON(r.vtype=''title'' AND r.tid=l.id) LEFT JOIN qinggan_project p ON(r.vtype=''project'' AND r.tid=p.id) LEFT JOIN qinggan_cate c ON(r.vtype=''cate'' AND r.tid=c.id) LEFT JOIN qinggan_order o ON(r.', 'http://localhost/phpok/admin.php?c=reply&menu_id=32&_noCache=0.6523791272245211', 1502172126, 'admin', 'reply', 'index', 1, 0, '::1', 'http://localhost/phpok/admin.php?c=index', 0, '4fsaki6a33reqq1a86gidnjla6'),
(381, 'OK', 'http://localhost/phpok/admin.php?c=reply&f=status&id=40&_=1502173168379', 1502173173, 'admin', 'reply', 'status', 1, 0, '::1', 'http://localhost/phpok/admin.php?c=reply&menu_id=32&_noCache=0.6523791272245211', 0, '4fsaki6a33reqq1a86gidnjla6'),
(382, 'data/cache/14ec641e453589bd.zip', 'http://localhost/phpok/admin.php?c=upload&f=zip&_noCache=0.1502180960&PHPSESSION=4fsaki6a33reqq1a86gidnjla6&id=WU_FILE_0&name=%E4%B8%AD%E5%9B%BD%E7%9C%81%E5%B8%82%E5%8E%BF%E4%BF%A1%E6%81%AF.zip&type=application%2Fx-zip-compressed&lastModifiedDate=Tue+Aug+', 1502180968, 'admin', 'upload', 'zip', 1, 0, '::1', 'http://localhost/phpok/admin.php?c=opt&f=import', 0, '4fsaki6a33reqq1a86gidnjla6'),
(383, '导入失败', 'http://localhost/phpok/admin.php?c=opt&f=import_data&zipfile=data%2Fcache%2F14ec641e453589bd.zip&_=1502180960233', 1502180968, 'admin', 'opt', 'import_data', 1, 0, '::1', 'http://localhost/phpok/admin.php?c=opt&f=import', 0, '4fsaki6a33reqq1a86gidnjla6'),
(384, '网站信息更新完成', 'http://localhost/phpok/admin.php?c=all&f=save&_noCache=0.1502185643', 1502185655, 'admin', 'all', 'save', 1, 0, '::1', 'http://localhost/phpok/admin.php?c=all&f=setting&_noCache=0.8309055793302552', 0, '4fsaki6a33reqq1a86gidnjla6'),
(385, '管理员&lt;span class=&quot;red&quot;&gt;admin&lt;/span&gt;成功退出', 'http://localhost/phpok/admin.php?c=logout', 1502185663, 'admin', 'logout', 'index', 0, 0, '::1', 'http://localhost/phpok/admin.php', 0, '4fsaki6a33reqq1a86gidnjla6'),
(386, '管理员登录成功', 'http://localhost/phpok/admin.php?c=login&f=ok', 1502185729, 'admin', 'login', 'ok', 1, 0, '::1', 'http://localhost/phpok/admin.php?c=login&_noCache=0.99609', 0, '4fsaki6a33reqq1a86gidnjla6'),
(387, '网站信息更新完成', 'http://localhost/phpok/admin.php?c=all&f=save&_noCache=0.1502185731', 1502185735, 'admin', 'all', 'save', 1, 0, '::1', 'http://localhost/phpok/admin.php?c=all&f=setting&_noCache=0.8763010083743749', 0, '4fsaki6a33reqq1a86gidnjla6'),
(388, '管理员登录成功', 'http://localhost/phpok/admin.php?c=login&f=ok', 1502251280, 'admin', 'login', 'ok', 1, 0, '::1', 'http://localhost/phpok/admin.php?c=login&_noCache=0.1502251275', 0, 'a8lcbh59ook7r8mv8a07mno6m5'),
(389, '管理员登录成功', 'http://localhost/phpok/admin.php?c=login&f=ok', 1502362796, 'admin', 'login', 'ok', 1, 0, '::1', 'http://localhost/phpok/admin.php?c=login&_noCache=0.1502362791', 0, 'khhkfc6bh52msnaaub3na0a1n6'),
(390, '管理员登录成功', 'http://localhost/phpok/admin.php?c=login&f=ok', 1502436579, 'admin', 'login', 'ok', 1, 0, '::1', 'http://localhost/phpok/admin.php?c=login&_noCache=0.1502436180', 0, 'hrmap3sh0tbtdahktd5ccct7e1'),
(391, '&lt;span class=&quot;red&quot;&gt;赞插件&lt;/span&gt; 安装成功', 'http://localhost/phpok/admin.php?c=plugin&f=install_save&_noCache=0.1502436914', 1502436958, 'admin', 'plugin', 'install_save', 1, 0, '::1', 'http://localhost/phpok/admin.php?c=plugin&f=install&id=zhan', 0, 'hrmap3sh0tbtdahktd5ccct7e1'),
(392, '插件卸载成功', 'http://localhost/phpok/admin.php?c=plugin&f=uninstall&id=zhan&_=1502437317441', 1502437319, 'admin', 'plugin', 'uninstall', 1, 0, '::1', 'http://localhost/phpok/admin.php?c=plugin&_noCache=0.1502436958', 0, 'hrmap3sh0tbtdahktd5ccct7e1'),
(393, '&lt;span class=&quot;red&quot;&gt;投票插件&lt;/span&gt; 安装成功', 'http://localhost/phpok/admin.php?c=plugin&f=install_save&_noCache=0.1502437797', 1502437800, 'admin', 'plugin', 'install_save', 1, 0, '::1', 'http://localhost/phpok/admin.php?c=plugin&f=install&id=vote', 0, 'hrmap3sh0tbtdahktd5ccct7e1'),
(394, '插件卸载成功', 'http://localhost/phpok/admin.php?c=plugin&f=uninstall&id=vote&_=1502437810687', 1502437833, 'admin', 'plugin', 'uninstall', 1, 0, '::1', 'http://localhost/phpok/admin.php?c=plugin&_noCache=0.1502437809', 0, 'hrmap3sh0tbtdahktd5ccct7e1'),
(395, '1', 'http://localhost/phpok/api.php?c=plugin&f=index&id=vote&exec=plus&tid=1371&_noCache=0.619215970529749&_=1502442485730', 1502442498, 'api', 'plugin', 'index', 0, 0, '::1', 'http://localhost/phpok/index.php?id=1371', 0, 'hrmap3sh0tbtdahktd5ccct7e1'),
(396, '您已经投票过', 'http://localhost/phpok/api.php?c=plugin&f=index&id=vote&exec=plus&tid=1371&_noCache=0.852539014871045&_=1502442485731', 1502442502, 'api', 'plugin', 'index', 0, 0, '::1', 'http://localhost/phpok/index.php?id=1371', 0, 'hrmap3sh0tbtdahktd5ccct7e1'),
(397, '1', 'http://localhost/phpok/api.php?c=plugin&f=index&id=vote&exec=plus&tid=1423&_noCache=0.6699013890773103&_=1502442971384', 1502442974, 'api', 'plugin', 'index', 0, 0, '::1', 'http://localhost/phpok/index.php?id=1423', 0, 'hrmap3sh0tbtdahktd5ccct7e1'),
(398, '您已经投票过', 'http://localhost/phpok/api.php?c=plugin&f=index&id=vote&exec=plus&tid=1371&_noCache=0.005739860661884477&_=1502443026563', 1502443028, 'api', 'plugin', 'index', 0, 0, '::1', 'http://localhost/phpok/index.php?id=1371', 0, 'hrmap3sh0tbtdahktd5ccct7e1'),
(399, '您已经投票过', 'http://localhost/phpok/api.php?c=plugin&f=index&id=vote&exec=plus&tid=1371&_noCache=0.38525705554681355&_=1502443105932', 1502443108, 'api', 'plugin', 'index', 0, 0, '::1', 'http://localhost/phpok/index.php?id=1371', 0, 'i5toohn1tkhjn1v3urretu2510'),
(400, '方法 &lt;span class=red&gt;votelist&lt;/span&gt; 不存在', 'http://localhost/phpok/admin.php?c=plugin&f=exec&id=vote&exec=votelist&tid=1423&_noCache=0.5399146522978152', 1502445088, 'admin', 'plugin', 'exec', 1, 0, '::1', 'http://localhost/phpok/admin.php?c=index', 0, 'hrmap3sh0tbtdahktd5ccct7e1'),
(401, '您已经投票过', 'http://localhost/phpok/api.php?c=plugin&f=index&id=vote&exec=plus&tid=1371&_noCache=0.8634848524816334&_=1502443114949', 1502446114, 'api', 'plugin', 'index', 0, 0, '::1', 'http://localhost/phpok/index.php?id=1371', 0, '175vdr2ndi9p7old8gi5vip1o0'),
(402, '&lt;span class=&quot;red&quot;&gt;PDF订单生成&lt;/span&gt; 安装成功', 'http://localhost/phpok/admin.php?c=plugin&f=install_save&_noCache=0.1502450081', 1502450084, 'admin', 'plugin', 'install_save', 1, 0, '::1', 'http://localhost/phpok/admin.php?c=plugin&f=install&id=ordertopdf', 0, 'hrmap3sh0tbtdahktd5ccct7e1'),
(403, '1', 'http://localhost/phpok/admin.php?c=order&f=express_check&id=28&_=1502450144587', 1502455674, 'admin', 'order', 'express_check', 1, 0, '::1', 'http://localhost/phpok/admin.php?c=order&menu_id=34&_noCache=0.5705550649977486', 0, 'hrmap3sh0tbtdahktd5ccct7e1'),
(404, '该订单未设置收货地址，请先设置', 'http://localhost/phpok/admin.php?c=order&f=express&id=28', 1502455674, 'admin', 'order', 'express', 1, 0, '::1', 'http://localhost/phpok/admin.php?c=index', 0, 'hrmap3sh0tbtdahktd5ccct7e1'),
(405, 'data/cache/1502459365.pdf', 'http://localhost/phpok/admin.php?c=plugin&f=exec&id=ordertopdf&exec=to_pdflist&_noCache=0.23007554047389134', 1502459365, 'admin', 'plugin', 'exec', 1, 0, '::1', 'http://localhost/phpok/admin.php?c=plugin&f=exec&id=ordertopdf&exec=pdflist&_noCache=0.8055587253883433', 0, 'hrmap3sh0tbtdahktd5ccct7e1'),
(406, 'data/cache/1502459379.pdf', 'http://localhost/phpok/admin.php?c=plugin&f=exec&id=ordertopdf&exec=to_pdflist&_noCache=0.360869071541864', 1502459379, 'admin', 'plugin', 'exec', 1, 0, '::1', 'http://localhost/phpok/admin.php?c=plugin&f=exec&id=ordertopdf&exec=pdflist&_noCache=0.8055587253883433', 0, 'hrmap3sh0tbtdahktd5ccct7e1'),
(407, 'data/cache/1502459484.pdf', 'http://localhost/phpok/admin.php?c=plugin&f=exec&id=ordertopdf&exec=to_pdflist&_noCache=0.6462674068599815', 1502459484, 'admin', 'plugin', 'exec', 1, 0, '::1', 'http://localhost/phpok/admin.php?c=plugin&f=exec&id=ordertopdf&exec=pdflist&_noCache=0.8055587253883433', 0, 'hrmap3sh0tbtdahktd5ccct7e1'),
(408, 'data/cache/1502459694.pdf', 'http://localhost/phpok/admin.php?c=plugin&f=exec&id=ordertopdf&exec=to_pdflist&_noCache=0.98733266055197', 1502459694, 'admin', 'plugin', 'exec', 1, 0, '::1', 'http://localhost/phpok/admin.php?c=plugin&f=exec&id=ordertopdf&exec=pdflist&_noCache=0.5801007113293446', 0, 'hrmap3sh0tbtdahktd5ccct7e1'),
(409, 'data/cache/1502459721.pdf', 'http://localhost/phpok/admin.php?c=plugin&f=exec&id=ordertopdf&exec=to_pdflist&_noCache=0.4803712899294663', 1502459721, 'admin', 'plugin', 'exec', 1, 0, '::1', 'http://localhost/phpok/admin.php?c=plugin&f=exec&id=ordertopdf&exec=pdflist&_noCache=0.5801007113293446', 0, 'hrmap3sh0tbtdahktd5ccct7e1'),
(410, 'data/cache/1502459758.pdf', 'http://localhost/phpok/admin.php?c=plugin&f=exec&id=ordertopdf&exec=to_pdflist&_noCache=0.9090282737603802', 1502459758, 'admin', 'plugin', 'exec', 1, 0, '::1', 'http://localhost/phpok/admin.php?c=plugin&f=exec&id=ordertopdf&exec=pdflist&_noCache=0.6233039145712808', 0, 'hrmap3sh0tbtdahktd5ccct7e1'),
(411, 'data/cache/1502459907.pdf', 'http://localhost/phpok/admin.php?c=plugin&f=exec&id=ordertopdf&exec=to_pdflist&_noCache=0.6087368221236374', 1502459907, 'admin', 'plugin', 'exec', 1, 0, '::1', 'http://localhost/phpok/admin.php?c=plugin&f=exec&id=ordertopdf&exec=pdflist&_noCache=0.5691416024806132', 0, 'hrmap3sh0tbtdahktd5ccct7e1'),
(412, 'data/cache/1502461029.pdf', 'http://localhost/phpok/admin.php?c=plugin&f=exec&id=ordertopdf&exec=to_pdflist&_noCache=0.21209471453904405', 1502461029, 'admin', 'plugin', 'exec', 1, 0, '::1', 'http://localhost/phpok/admin.php?c=plugin&f=exec&id=ordertopdf&exec=pdflist&_noCache=0.649943726574655', 0, 'hrmap3sh0tbtdahktd5ccct7e1'),
(413, 'data/cache/1502461078.pdf', 'http://localhost/phpok/admin.php?c=plugin&f=exec&id=ordertopdf&exec=to_pdflist&_noCache=0.14419837204297203', 1502461078, 'admin', 'plugin', 'exec', 1, 0, '::1', 'http://localhost/phpok/admin.php?c=plugin&f=exec&id=ordertopdf&exec=pdflist&_noCache=0.6226889455901732', 0, 'hrmap3sh0tbtdahktd5ccct7e1'),
(414, 'data/cache/1502461102.pdf', 'http://localhost/phpok/admin.php?c=plugin&f=exec&id=ordertopdf&exec=to_pdflist&_noCache=0.5669047055795052', 1502461102, 'admin', 'plugin', 'exec', 1, 0, '::1', 'http://localhost/phpok/admin.php?c=plugin&f=exec&id=ordertopdf&exec=pdflist&_noCache=0.6226889455901732', 0, 'hrmap3sh0tbtdahktd5ccct7e1'),
(415, 'data/cache/1502461314.pdf', 'http://localhost/phpok/admin.php?c=plugin&f=exec&id=ordertopdf&exec=to_pdflist&_noCache=0.025688744545009023', 1502461314, 'admin', 'plugin', 'exec', 1, 0, '::1', 'http://localhost/phpok/admin.php?c=plugin&f=exec&id=ordertopdf&exec=pdflist&_noCache=0.6226889455901732', 0, 'hrmap3sh0tbtdahktd5ccct7e1'),
(416, 'data/cache/1502461363.pdf', 'http://localhost/phpok/admin.php?c=plugin&f=exec&id=ordertopdf&exec=to_pdflist&_noCache=0.09064260215713638', 1502461363, 'admin', 'plugin', 'exec', 1, 0, '::1', 'http://localhost/phpok/admin.php?c=plugin&f=exec&id=ordertopdf&exec=pdflist&_noCache=0.6226889455901732', 0, 'hrmap3sh0tbtdahktd5ccct7e1'),
(417, 'data/cache/1502461704.pdf', 'http://localhost/phpok/admin.php?c=plugin&f=exec&id=ordertopdf&exec=to_pdflist&_noCache=0.33737281354740667', 1502461704, 'admin', 'plugin', 'exec', 1, 0, '::1', 'http://localhost/phpok/admin.php?c=plugin&f=exec&id=ordertopdf&exec=pdflist&_noCache=0.6226889455901732', 0, 'hrmap3sh0tbtdahktd5ccct7e1'),
(418, 'data/cache/1502461776.pdf', 'http://localhost/phpok/admin.php?c=plugin&f=exec&id=ordertopdf&exec=to_pdflist&_noCache=0.72534781289814', 1502461776, 'admin', 'plugin', 'exec', 1, 0, '::1', 'http://localhost/phpok/admin.php?c=plugin&f=exec&id=ordertopdf&exec=pdflist&_noCache=0.6226889455901732', 0, 'hrmap3sh0tbtdahktd5ccct7e1'),
(419, 'data/cache/1502461872.pdf', 'http://localhost/phpok/admin.php?c=plugin&f=exec&id=ordertopdf&exec=to_pdflist&_noCache=0.2031218101445641', 1502461872, 'admin', 'plugin', 'exec', 1, 0, '::1', 'http://localhost/phpok/admin.php?c=plugin&f=exec&id=ordertopdf&exec=pdflist&_noCache=0.6226889455901732', 0, 'hrmap3sh0tbtdahktd5ccct7e1'),
(420, 'data/cache/1502461942.pdf', 'http://localhost/phpok/admin.php?c=plugin&f=exec&id=ordertopdf&exec=to_pdflist&_noCache=0.4898386208106832', 1502461942, 'admin', 'plugin', 'exec', 1, 0, '::1', 'http://localhost/phpok/admin.php?c=plugin&f=exec&id=ordertopdf&exec=pdflist&_noCache=0.6226889455901732', 0, 'hrmap3sh0tbtdahktd5ccct7e1'),
(421, '管理员登录成功', 'http://localhost/phpok/admin.php?c=login&f=ok', 1502501796, 'admin', 'login', 'ok', 1, 0, '::1', 'http://localhost/phpok/admin.php?c=login&_noCache=0.1502501791', 0, 'mt6t2aopgmmqnjalaovd2gv373'),
(422, '网站信息更新完成', 'http://localhost/phpok/admin.php?c=all&f=save&_noCache=0.1502529097', 1502529100, 'admin', 'all', 'save', 1, 0, '::1', 'http://localhost/phpok/admin.php?c=all&f=setting&_noCache=0.5371778546379846', 0, 'mt6t2aopgmmqnjalaovd2gv373'),
(423, '网站信息更新完成', 'http://localhost/phpok/admin.php?c=all&f=save&_noCache=0.1502529101', 1502529453, 'admin', 'all', 'save', 1, 0, '::1', 'http://localhost/phpok/admin.php?c=all&f=setting&_noCache=0.1502529100', 0, 'mt6t2aopgmmqnjalaovd2gv373'),
(424, '管理员登录成功', 'http://localhost/phpok/admin.php?c=login&f=ok', 1502590014, 'admin', 'login', 'ok', 1, 0, '::1', 'http://localhost/phpok/admin.php?c=login&_noCache=0.1502590009', 0, 's81suhvmq7mi1gh0ne6enrh706'),
(425, 'OK', 'http://localhost/phpok/admin.php?c=reply&f=status&id=44&_=1502590021123', 1502590023, 'admin', 'reply', 'status', 1, 0, '::1', 'http://localhost/phpok/admin.php?c=reply&menu_id=32&_noCache=0.6972128829242278', 0, 's81suhvmq7mi1gh0ne6enrh706'),
(426, 'OK', 'http://localhost/phpok/admin.php?c=reply&f=status&id=44&_=1502593103154', 1502593105, 'admin', 'reply', 'status', 1, 0, '::1', 'http://localhost/phpok/admin.php?c=reply&menu_id=32&_noCache=0.3093026448100059', 0, 's81suhvmq7mi1gh0ne6enrh706'),
(427, '管理员登录成功', 'http://localhost/phpok/admin.php?c=login&f=ok', 1502681269, 'admin', 'login', 'ok', 1, 0, '::1', 'http://localhost/phpok/admin.php?c=login&_noCache=0.1502681262', 0, 'laii4lfbe20ktltrotb9ld0ts5'),
(428, '您当前是最新版本，不需要再升级', 'http://localhost/phpok/admin.php?c=update&f=check&_=1502681270223', 1502681270, 'admin', 'update', 'check', 1, 0, '::1', 'http://localhost/phpok/admin.php?c=index', 0, 'laii4lfbe20ktltrotb9ld0ts5'),
(429, '管理员登录成功', 'http://localhost/phpok/admin.php?c=login&f=ok', 1502764765, 'admin', 'login', 'ok', 1, 0, '::1', 'http://localhost/phpok/admin.php?c=login&_noCache=0.1502764761', 0, '7ndmsjqb29n3vm42iog3r6o046'),
(430, '字段添加成功', 'http://localhost/phpok/admin.php?c=module&f=field_add&id=85&fid=address&_=1502765045750', 1502765047, 'admin', 'module', 'field_add', 1, 0, '::1', 'http://localhost/phpok/admin.php?c=module&f=fields&id=85&_noCache=0.1502765042', 0, '7ndmsjqb29n3vm42iog3r6o046'),
(431, '标识串不能为空', 'http://localhost/phpok/admin.php?c=project&f=save&_noCache=0.1502765083', 1502765116, 'admin', 'project', 'save', 1, 0, '::1', 'http://localhost/phpok/admin.php?c=project&f=set&_noCache=0.1502765082', 0, '7ndmsjqb29n3vm42iog3r6o046'),
(432, '无分类', 'http://localhost/phpok/admin.php?c=call&f=cate_list&id=393&_=1502765217137', 1502765236, 'admin', 'call', 'cate_list', 1, 0, '::1', 'http://localhost/phpok/admin.php?c=call&f=set&_noCache=0.1502765214', 0, '7ndmsjqb29n3vm42iog3r6o046'),
(433, '数据调用中心配置成功', 'http://localhost/phpok/admin.php?c=call&f=save&_noCache=0.1502765216', 1502765242, 'admin', 'call', 'save', 1, 0, '::1', 'http://localhost/phpok/admin.php?c=call&f=set&_noCache=0.1502765214', 0, '7ndmsjqb29n3vm42iog3r6o046'),
(434, '删除成功', 'http://localhost/phpok/admin.php?c=module&f=field_delete&id=292&_=1502769278327', 1502769281, 'admin', 'module', 'field_delete', 1, 0, '::1', 'http://localhost/phpok/admin.php?c=module&f=fields&id=24&_noCache=0.1502769251', 0, '7ndmsjqb29n3vm42iog3r6o046'),
(435, '&lt;div style=&quot;margin-bottom:5px;&quot;&gt;\n&lt;table cellpadding=&quot;5&quot; cellspacing=&quot;1&quot; style=&quot;border:1px solid #ccc;&quot;&gt;\n&lt;tr&gt;\n	&lt;th height=&quot;30px&quot; colspan=&quot;6&quot; class=&quot;lft&quot; style=&quot;', 'http://localhost/phpok/admin.php?c=list&f=options_html&pid=45&_=1502769288826', 1502769370, 'admin', 'list', 'options_html', 1, 0, '::1', 'http://localhost/phpok/admin.php?c=list&f=edit&pid=45&_noCache=0.1502768974', 0, '7ndmsjqb29n3vm42iog3r6o046'),
(436, 'data/cache/1502769974.pdf', 'http://localhost/phpok/admin.php?c=plugin&f=exec&id=ordertopdf&exec=to_pdflist&_noCache=0.6526720115149554', 1502769974, 'admin', 'plugin', 'exec', 1, 0, '::1', 'http://localhost/phpok/admin.php?c=plugin&f=exec&id=ordertopdf&exec=pdflist&_noCache=0.7251982406017304', 0, '7ndmsjqb29n3vm42iog3r6o046'),
(437, 'data/cache/1502773764.pdf', 'http://localhost/phpok/admin.php?c=plugin&f=exec&id=ordertopdf&exec=to_pdflist&_noCache=0.0028319426613961918', 1502773764, 'admin', 'plugin', 'exec', 1, 0, '::1', 'http://localhost/phpok/admin.php?c=plugin&f=exec&id=ordertopdf&exec=pdflist&_noCache=0.8736751124582695', 0, '7ndmsjqb29n3vm42iog3r6o046'),
(438, 'data/cache/1502773794.pdf', 'http://localhost/phpok/admin.php?c=plugin&f=exec&id=ordertopdf&exec=to_pdflist&_noCache=0.19951416416380352', 1502773794, 'admin', 'plugin', 'exec', 1, 0, '::1', 'http://localhost/phpok/admin.php?c=plugin&f=exec&id=ordertopdf&exec=pdflist&_noCache=0.8736751124582695', 0, '7ndmsjqb29n3vm42iog3r6o046'),
(439, 'data/cache/1502773830.pdf', 'http://localhost/phpok/admin.php?c=plugin&f=exec&id=ordertopdf&exec=to_pdflist&_noCache=0.375229876538431', 1502773830, 'admin', 'plugin', 'exec', 1, 0, '::1', 'http://localhost/phpok/admin.php?c=plugin&f=exec&id=ordertopdf&exec=pdflist&_noCache=0.8736751124582695', 0, '7ndmsjqb29n3vm42iog3r6o046'),
(440, 'data/cache/1502773872.pdf', 'http://localhost/phpok/admin.php?c=plugin&f=exec&id=ordertopdf&exec=to_pdflist&_noCache=0.9288453224440236', 1502773872, 'admin', 'plugin', 'exec', 1, 0, '::1', 'http://localhost/phpok/admin.php?c=plugin&f=exec&id=ordertopdf&exec=pdflist&_noCache=0.8736751124582695', 0, '7ndmsjqb29n3vm42iog3r6o046'),
(441, 'data/cache/1502773900.pdf', 'http://localhost/phpok/admin.php?c=plugin&f=exec&id=ordertopdf&exec=to_pdflist&_noCache=0.9216839460804217', 1502773900, 'admin', 'plugin', 'exec', 1, 0, '::1', 'http://localhost/phpok/admin.php?c=plugin&f=exec&id=ordertopdf&exec=pdflist&_noCache=0.8736751124582695', 0, '7ndmsjqb29n3vm42iog3r6o046'),
(442, 'data/cache/1502774024.pdf', 'http://localhost/phpok/admin.php?c=plugin&f=exec&id=ordertopdf&exec=to_pdflist&_noCache=0.004712747006786255', 1502774024, 'admin', 'plugin', 'exec', 1, 0, '::1', 'http://localhost/phpok/admin.php?c=plugin&f=exec&id=ordertopdf&exec=pdflist&_noCache=0.3735087248384332', 0, '7ndmsjqb29n3vm42iog3r6o046'),
(443, 'data/cache/1502774106.pdf', 'http://localhost/phpok/admin.php?c=plugin&f=exec&id=ordertopdf&exec=to_pdflist&_noCache=0.44006743854918273', 1502774106, 'admin', 'plugin', 'exec', 1, 0, '::1', 'http://localhost/phpok/admin.php?c=plugin&f=exec&id=ordertopdf&exec=pdflist&_noCache=0.3735087248384332', 0, '7ndmsjqb29n3vm42iog3r6o046'),
(444, 'data/cache/1502777559.pdf', 'http://localhost/phpok/admin.php?c=plugin&f=exec&id=ordertopdf&exec=to_pdflist&_noCache=0.7716579106318658', 1502777559, 'admin', 'plugin', 'exec', 1, 0, '::1', 'http://localhost/phpok/admin.php?c=plugin&f=exec&id=ordertopdf&exec=pdflist&_noCache=0.08319646744626064', 0, '7ndmsjqb29n3vm42iog3r6o046'),
(445, 'data/cache/1502779468.pdf', 'http://localhost/phpok/admin.php?c=plugin&f=exec&id=ordertopdf&exec=to_pdflist&_noCache=0.7031029429925225', 1502779468, 'admin', 'plugin', 'exec', 1, 0, '::1', 'http://localhost/phpok/admin.php?c=plugin&f=exec&id=ordertopdf&exec=pdflist&_noCache=0.35184052160286894', 0, '7ndmsjqb29n3vm42iog3r6o046'),
(446, 'data/cache/1502779704.pdf', 'http://localhost/phpok/admin.php?c=plugin&f=exec&id=ordertopdf&exec=to_pdflist&_noCache=0.45701571837009436', 1502779704, 'admin', 'plugin', 'exec', 1, 0, '::1', 'http://localhost/phpok/admin.php?c=plugin&f=exec&id=ordertopdf&exec=pdflist&_noCache=0.11547311375446956', 0, '7ndmsjqb29n3vm42iog3r6o046'),
(447, 'data/cache/1502780424.pdf', 'http://localhost/phpok/admin.php?c=plugin&f=exec&id=ordertopdf&exec=to_pdflist&_noCache=0.7266505654796521', 1502780424, 'admin', 'plugin', 'exec', 1, 0, '::1', 'http://localhost/phpok/admin.php?c=plugin&f=exec&id=ordertopdf&exec=pdflist&_noCache=0.11547311375446956', 0, '7ndmsjqb29n3vm42iog3r6o046'),
(448, 'data/cache/1502780481.pdf', 'http://localhost/phpok/admin.php?c=plugin&f=exec&id=ordertopdf&exec=to_pdflist&_noCache=0.15270765735224923', 1502780481, 'admin', 'plugin', 'exec', 1, 0, '::1', 'http://localhost/phpok/admin.php?c=plugin&f=exec&id=ordertopdf&exec=pdflist&_noCache=0.6875354620653789', 0, '7ndmsjqb29n3vm42iog3r6o046'),
(449, 'data/cache/1502780622.pdf', 'http://localhost/phpok/admin.php?c=plugin&f=exec&id=ordertopdf&exec=to_pdflist&_noCache=0.9418836114122066', 1502780622, 'admin', 'plugin', 'exec', 1, 0, '::1', 'http://localhost/phpok/admin.php?c=plugin&f=exec&id=ordertopdf&exec=pdflist&_noCache=0.5082977883199133', 0, '7ndmsjqb29n3vm42iog3r6o046'),
(450, 'data/cache/1502782162.pdf', 'http://localhost/phpok/admin.php?c=plugin&f=exec&id=ordertopdf&exec=to_pdflist&_noCache=0.7343132097059594', 1502782162, 'admin', 'plugin', 'exec', 1, 0, '::1', 'http://localhost/phpok/admin.php?c=plugin&f=exec&id=ordertopdf&exec=pdflist&_noCache=0.7872830595658838', 0, '7ndmsjqb29n3vm42iog3r6o046'),
(451, 'data/cache/1502782211.pdf', 'http://localhost/phpok/admin.php?c=plugin&f=exec&id=ordertopdf&exec=to_pdflist&_noCache=0.7062675079517658', 1502782211, 'admin', 'plugin', 'exec', 1, 0, '::1', 'http://localhost/phpok/admin.php?c=plugin&f=exec&id=ordertopdf&exec=pdflist&_noCache=0.7872830595658838', 0, '7ndmsjqb29n3vm42iog3r6o046'),
(452, 'data/cache/1502782726.pdf', 'http://localhost/phpok/admin.php?c=plugin&f=exec&id=ordertopdf&exec=to_pdflist&_noCache=0.07517889098332231', 1502782726, 'admin', 'plugin', 'exec', 1, 0, '::1', 'http://localhost/phpok/admin.php?c=plugin&f=exec&id=ordertopdf&exec=pdflist&_noCache=0.7872830595658838', 0, '7ndmsjqb29n3vm42iog3r6o046'),
(453, 'data/cache/1502782840.pdf', 'http://localhost/phpok/admin.php?c=plugin&f=exec&id=ordertopdf&exec=to_pdflist&_noCache=0.4229496892492961', 1502782840, 'admin', 'plugin', 'exec', 1, 0, '::1', 'http://localhost/phpok/admin.php?c=plugin&f=exec&id=ordertopdf&exec=pdflist&_noCache=0.7872830595658838', 0, '7ndmsjqb29n3vm42iog3r6o046'),
(454, 'data/cache/1502782888.pdf', 'http://localhost/phpok/admin.php?c=plugin&f=exec&id=ordertopdf&exec=to_pdflist&_noCache=0.35091789704472176', 1502782888, 'admin', 'plugin', 'exec', 1, 0, '::1', 'http://localhost/phpok/admin.php?c=plugin&f=exec&id=ordertopdf&exec=pdflist&_noCache=0.7872830595658838', 0, '7ndmsjqb29n3vm42iog3r6o046'),
(455, 'data/cache/1502783248.pdf', 'http://localhost/phpok/admin.php?c=plugin&f=exec&id=ordertopdf&exec=to_pdflist&_noCache=0.3105008111844313', 1502783248, 'admin', 'plugin', 'exec', 1, 0, '::1', 'http://localhost/phpok/admin.php?c=plugin&f=exec&id=ordertopdf&exec=pdflist&_noCache=0.791385638463095', 0, '7ndmsjqb29n3vm42iog3r6o046'),
(456, '&lt;span class=&quot;red&quot;&gt;强制使用SSL&lt;/span&gt; 安装成功', 'http://localhost/phpok/admin.php?c=plugin&f=install_save&_noCache=0.1502792819', 1502792827, 'admin', 'plugin', 'install_save', 1, 0, '::1', 'http://localhost/phpok/admin.php?c=plugin&f=install&id=tossl', 0, '7ndmsjqb29n3vm42iog3r6o046'),
(457, '插件卸载成功', 'http://localhost/phpok/admin.php?c=plugin&f=uninstall&id=tossl&_=1502793108408', 1502793301, 'admin', 'plugin', 'uninstall', 1, 0, '::1', 'http://localhost/phpok/admin.php?c=plugin&_noCache=0.1502792827', 0, '7ndmsjqb29n3vm42iog3r6o046'),
(458, '管理员登录成功', 'http://localhost/phpok/admin.php?c=login&f=ok', 1503160366, 'admin', 'login', 'ok', 1, 0, '::1', 'http://localhost/phpok/admin.php?c=login&_noCache=0.1503160362', 0, 'v6fuo6ns20hrmeijh0f1emv9v6'),
(459, '管理员登录成功', 'http://localhost/phpok/admin.php?c=login&f=ok', 1503378757, 'admin', 'login', 'ok', 1, 0, '::1', 'http://localhost/phpok/admin.php?c=login&_noCache=0.1503378751', 0, 'ad71236ccqde42l2nf6vqofnq2'),
(460, 'data/cache/558d5ddec5d3281a.zip', 'http://localhost/phpok/admin.php?c=upload&f=zip&_noCache=0.1503378764&PHPSESSION=ad71236ccqde42l2nf6vqofnq2&id=WU_FILE_0&name=Products.zip&type=application%2Fx-zip-compressed&lastModifiedDate=Tue+Aug+22+2017+13%3A12%3A22+GMT%2B0800&size=2078', 1503378773, 'admin', 'upload', 'zip', 1, 0, '::1', 'http://localhost/phpok/admin.php?c=project&f=import', 0, 'ad71236ccqde42l2nf6vqofnq2'),
(461, 'j------', 'http://localhost/phpok/api.php?c=plugin&id=identifier&exec=fanyi&q=Demo&_noCache=0.08991991151564382&_=1503379053719', 1503379059, 'api', 'plugin', 'index', 0, 0, '::1', 'http://localhost/phpok/admin.php?c=cate&f=set&_noCache=0.1503379012', 0, 'ad71236ccqde42l2nf6vqofnq2'),
(462, 'demo', 'http://localhost/phpok/api.php?c=plugin&f=index&id=identifier&exec=pingyin&title=Demo&_noCache=0.7618111512797283&_=1503379053720', 1503379061, 'api', 'plugin', 'index', 0, 0, '::1', 'http://localhost/phpok/admin.php?c=cate&f=set&_noCache=0.1503379012', 0, 'ad71236ccqde42l2nf6vqofnq2'),
(463, '标识正常，可以使用', 'http://localhost/phpok/admin.php?c=cate&f=check&sign=demo&_=1503379053721', 1503379062, 'admin', 'cate', 'check', 1, 0, '::1', 'http://localhost/phpok/admin.php?c=cate&f=set&_noCache=0.1503379012', 0, 'ad71236ccqde42l2nf6vqofnq2'),
(464, '分类信息配置成功', 'http://localhost/phpok/admin.php?c=cate&f=save&_noCache=0.1503379053', 1503379062, 'admin', 'cate', 'save', 1, 0, '::1', 'http://localhost/phpok/admin.php?c=cate&f=set&_noCache=0.1503379012', 0, 'ad71236ccqde42l2nf6vqofnq2'),
(465, 'demo1', 'http://localhost/phpok/api.php?c=plugin&f=index&id=identifier&exec=pingyin&title=Demo1&_noCache=0.37671555574776994&_=1503379067145', 1503379073, 'api', 'plugin', 'index', 0, 0, '::1', 'http://localhost/phpok/admin.php?c=cate&f=set&parent_id=592&_noCache=0.1503379064', 0, 'ad71236ccqde42l2nf6vqofnq2'),
(466, 'demo2', 'http://localhost/phpok/api.php?c=plugin&f=index&id=identifier&exec=pingyin&title=Demo2&_noCache=0.3809291113250376&_=1503379077612', 1503379082, 'api', 'plugin', 'index', 0, 0, '::1', 'http://localhost/phpok/admin.php?c=cate&f=set&parent_id=592&_noCache=0.1503379075', 0, 'ad71236ccqde42l2nf6vqofnq2'),
(467, 'demo3', 'http://localhost/phpok/api.php?c=plugin&f=index&id=identifier&exec=pingyin&title=Demo3&_noCache=0.11472026146592573&_=1503379087774', 1503379091, 'api', 'plugin', 'index', 0, 0, '::1', 'http://localhost/phpok/admin.php?c=cate&f=set&parent_id=592&_noCache=0.1503379085', 0, 'ad71236ccqde42l2nf6vqofnq2'),
(468, '模块删除成功', 'http://localhost/phpok/admin.php?c=module&f=delete&id=85&_=1503379123195', 1503379207, 'admin', 'module', 'delete', 1, 0, '::1', 'http://localhost/phpok/admin.php?c=module&_noCache=0.1503379121', 0, 'ad71236ccqde42l2nf6vqofnq2'),
(469, '标识符已被使用', 'http://localhost/phpok/admin.php?c=project&f=save&_noCache=0.1503381500', 1503381503, 'admin', 'project', 'save', 1, 0, '::1', 'http://localhost/phpok/admin.php?c=project&f=set&id=394&_noCache=0.1503381497', 0, 'ad71236ccqde42l2nf6vqofnq2'),
(470, '您没有阅读权限，请联系网站管理员', 'http://localhost/phpok/index.php?id=chem', 1503384917, 'www', 'project', 'index', 0, 0, '::1', '', 0, 'ad71236ccqde42l2nf6vqofnq2'),
(471, '未配置相应的模板', 'http://localhost/phpok/index.php?id=cas_908287-21-8', 1503384937, 'www', 'content', 'index', 0, 0, '::1', '', 0, 'ad71236ccqde42l2nf6vqofnq2'),
(472, '管理员登录成功', 'http://localhost/phpok/admin.php?c=login&f=ok', 1503479305, 'admin', 'login', 'ok', 1, 0, '::1', 'http://localhost/phpok/admin.php?c=login&_noCache=0.1503479300', 0, 'q3h9tof17rgockj9p776q4dr10'),
(473, '会员登录成功', 'http://localhost/phpok/index.php?c=login&f=ok&_noCache=0.1503826078', 1503826090, 'www', 'login', 'ok', 0, 23, '::1', 'http://localhost/phpok/index.php?c=login&_noCache=0.1503826071', 0, 's1hupp2h5fkp6as2bkbg0hk7u1'),
(474, '管理员登录成功', 'http://localhost/phpok/admin.php?c=login&f=ok', 1503902110, 'admin', 'login', 'ok', 1, 0, '::1', 'http://localhost/phpok/admin.php?c=login&_noCache=0.1503902105', 0, 'ojtnpl8akhr27h5d9a8dm79lk7'),
(475, '您当前是最新版本，不需要再升级', 'http://localhost/phpok/admin.php?c=update&f=check&_=1503902110586', 1503902111, 'admin', 'update', 'check', 1, 0, '::1', 'http://localhost/phpok/admin.php?c=index', 0, 'ojtnpl8akhr27h5d9a8dm79lk7'),
(476, '网站信息更新完成', 'http://localhost/phpok/admin.php?c=all&f=save&_noCache=0.1503907395', 1503907407, 'admin', 'all', 'save', 1, 0, '::1', 'http://localhost/phpok/admin.php?c=all&f=setting&_noCache=0.4773802633582136', 0, 'ojtnpl8akhr27h5d9a8dm79lk7'),
(477, '主题删除成功', 'http://localhost/phpok/admin.php?c=list&f=del&id=198287&_=1503908080650', 1503908084, 'admin', 'list', 'del', 1, 0, '::1', 'http://localhost/phpok/admin.php?c=list&f=action&id=394&_noCache=0.1503908076', 0, 'ojtnpl8akhr27h5d9a8dm79lk7'),
(478, '会员登录成功', 'http://localhost/phpok/index.php?c=login&f=ok&_noCache=0.1503908275', 1503908281, 'www', 'login', 'ok', 0, 23, '::1', 'http://localhost/phpok/index.php?c=login&_back=http%3A%2F%2Flocalhost%2Fphpok%2Findex.php%3Fid%3Dbbs%26cate%3Dqingganyizhan&_noCache=0.1503908273', 0, 'ojtnpl8akhr27h5d9a8dm79lk7'),
(479, '上传的文件异常', 'http://localhost/phpok/index.php?c=upload&f=save&cateid=1&_noCache=0.1503908284&PHPSESSION=ojtnpl8akhr27h5d9a8dm79lk7&id=WU_FILE_0&name=%E8%87%AA%E5%B7%B1.jpg&type=image%2Fjpeg&lastModifiedDate=Fri+Jun+23+2017+11%3A22%3A15+GMT%2B0800&size=117302&chunks=2', 1503908299, 'www', 'upload', 'save', 0, 23, '::1', 'http://localhost/phpok/index.php?c=post&cateid=204&id=bbs&_noCache=0.1503908283', 0, 'ojtnpl8akhr27h5d9a8dm79lk7'),
(480, '验证码不能为空', 'http://localhost/phpok/api.php?c=post&f=save&_noCache=0.6997972446083861', 1503908400, 'api', 'post', 'save', 0, 23, '::1', 'http://localhost/phpok/index.php?c=post&cateid=204&id=bbs&_noCache=0.1503908328', 0, 'ojtnpl8akhr27h5d9a8dm79lk7'),
(481, '您没有权限执行此操作', 'http://localhost/phpok/index.php?c=post&cateid=204&id=bbs&_noCache=0.1503908328', 1503908421, 'www', 'post', 'index', 0, 0, '::1', 'http://localhost/phpok/index.php?id=bbs&cate=qingganyizhan', 0, '8p95jm33144atu9qsrjdsi9187'),
(482, '验证码不能为空2', 'http://localhost/phpok/api.php?c=post&f=save&_noCache=0.5937070778578502', 1503908473, 'api', 'post', 'save', 0, 23, '::1', 'http://localhost/phpok/index.php?c=post&cateid=204&id=bbs&_noCache=0.1503908328', 0, 'ojtnpl8akhr27h5d9a8dm79lk7'),
(483, '验证码不能为空2-add', 'http://localhost/phpok/api.php?c=post&f=save&_noCache=0.5632935580715348', 1503908506, 'api', 'post', 'save', 0, 23, '::1', 'http://localhost/phpok/index.php?c=post&cateid=204&id=bbs&_noCache=0.1503908328', 0, 'ojtnpl8akhr27h5d9a8dm79lk7'),
(484, '验证码不能为空2-152', 'http://localhost/phpok/api.php?c=post&f=save&_noCache=0.08465430331571377', 1503908532, 'api', 'post', 'save', 0, 23, '::1', 'http://localhost/phpok/index.php?c=post&cateid=204&id=bbs&_noCache=0.1503908328', 0, 'ojtnpl8akhr27h5d9a8dm79lk7'),
(485, '验证码不能为空2-152', 'http://localhost/phpok/api.php?c=post&f=save&_noCache=0.9683784192896493', 1503908648, 'api', 'post', 'save', 0, 23, '::1', 'http://localhost/phpok/index.php?c=post&cateid=204&id=bbs&_noCache=0.1503908328', 0, 'ojtnpl8akhr27h5d9a8dm79lk7'),
(486, '55555', 'http://localhost/phpok/api.php?c=post&f=save&_noCache=0.3503282145405048', 1503908699, 'api', 'post', 'save', 0, 23, '::1', 'http://localhost/phpok/index.php?c=post&cateid=204&id=bbs&_noCache=0.1503908328', 0, 'ojtnpl8akhr27h5d9a8dm79lk7'),
(487, 'p-152///', 'http://localhost/phpok/api.php?c=post&f=save&_noCache=0.4195879709433994', 1503908721, 'api', 'post', 'save', 0, 23, '::1', 'http://localhost/phpok/index.php?c=post&cateid=204&id=bbs&_noCache=0.1503908328', 0, 'ojtnpl8akhr27h5d9a8dm79lk7'),
(488, 'Array\n(\n    [system] => Array\n        (\n            [title] => 系统设置\n            [list] => Array\n                (\n                    [login] => Array\n                        (\n                            [title] => 登录\n                            [status]', 'http://localhost/phpok/api.php?c=post&f=save&_noCache=0.711545022955168', 1503908769, 'api', 'post', 'save', 0, 23, '::1', 'http://localhost/phpok/index.php?c=post&cateid=204&id=bbs&_noCache=0.1503908328', 0, 'ojtnpl8akhr27h5d9a8dm79lk7'),
(489, '会员&lt;span class=&quot;red&quot;&gt; admin &lt;/span&gt;成功退出', 'http://localhost/phpok/index.php?c=logout', 1503909284, 'www', 'logout', 'index', 0, 0, '::1', 'http://localhost/phpok/index.php?id=bbs&cate=qingganyizhan', 0, 'ojtnpl8akhr27h5d9a8dm79lk7'),
(490, '3288.00元', 'http://localhost/phpok/api.php?c=cart&f=price_format&price=3288.0000&_noCache=0.8993195350268522&_=1503909292052', 1503909295, 'api', 'cart', 'price_format', 0, 0, '::1', 'http://localhost/phpok/index.php?id=1763', 0, 'ojtnpl8akhr27h5d9a8dm79lk7'),
(491, '4088.00元', 'http://localhost/phpok/api.php?c=cart&f=price_format&price=4088&_noCache=0.7252329045069672&_=1503909292053', 1503909295, 'api', 'cart', 'price_format', 0, 0, '::1', 'http://localhost/phpok/index.php?id=1763', 0, 'ojtnpl8akhr27h5d9a8dm79lk7'),
(492, '请先登录或注册', 'http://localhost/phpok/api.php?c=cart&f=add&id=1763&_noCache=0.8712218906819583&qty=1&ext=49%2C51&_=1503909292054', 1503909297, 'api', 'cart', 'add', 0, 0, '::1', 'http://localhost/phpok/index.php?id=1763', 0, 'ojtnpl8akhr27h5d9a8dm79lk7'),
(493, '1', 'http://localhost/phpok/api.php?c=cart&f=total&_noCache=0.7871796722718856&_=1503909312061', 1503909312, 'api', 'cart', 'total', 0, 0, '::1', 'http://localhost/phpok/index.php?c=cart&f=checkout', 0, 'ojtnpl8akhr27h5d9a8dm79lk7'),
(494, '1', 'http://localhost/phpok/api.php?c=cart&f=total&_noCache=0.001377850931833291&_=1503910148036', 1503910148, 'api', 'cart', 'total', 0, 0, '::1', 'http://localhost/phpok/index.php', 0, 'ojtnpl8akhr27h5d9a8dm79lk7'),
(495, '管理员&lt;span class=&quot;red&quot;&gt;admin&lt;/span&gt;成功退出', 'http://localhost/phpok/admin.php?c=logout', 1503910208, 'admin', 'logout', 'index', 0, 0, '::1', 'http://localhost/phpok/admin.php', 0, 'ojtnpl8akhr27h5d9a8dm79lk7'),
(496, '1', 'http://localhost/phpok/api.php?c=cart&f=total&_noCache=0.6955768429182304&_=1503910274678', 1503910274, 'api', 'cart', 'total', 0, 0, '::1', 'http://localhost/phpok/index.php', 0, 'ojtnpl8akhr27h5d9a8dm79lk7'),
(497, '管理员登录成功', 'http://localhost/phpok/admin.php?c=login&f=ok', 1503910504, 'admin', 'login', 'ok', 1, 0, '::1', 'http://localhost/phpok/admin.php?c=login&_langid=cn', 0, 'ojtnpl8akhr27h5d9a8dm79lk7'),
(498, '会员登录成功', 'http://localhost/phpok/index.php?c=login&f=ok&_noCache=0.1504416174', 1504416178, 'www', 'login', 'ok', 0, 23, '::1', 'http://localhost/phpok/index.php?c=login&_noCache=0.1504416171', 0, 'g8ao8vcsd7pbtglnjp41b2ggv6'),
(499, '管理员登录成功', 'http://localhost/phpok/admin.php?c=login&f=ok', 1504420885, 'admin', 'login', 'ok', 1, 0, '::1', 'http://localhost/phpok/admin.php?c=login&_noCache=0.1504420876', 0, 'g8ao8vcsd7pbtglnjp41b2ggv6'),
(500, '999.00元', 'http://192.168.1.18/phpok/api.php?c=cart&f=price_format&price=999.0000&_noCache=0.14292584778741002&_=1504438929894', 1504438958, 'api', 'cart', 'price_format', 0, 23, '192.168.1.112', 'http://192.168.1.18/phpok/index.php?id=1761', 0, '82d5c1fkqkuius5ipauj42t8v1'),
(501, '1', 'http://192.168.1.18/phpok/api.php?c=cart&f=total&_noCache=0.08160198712721467&_=1504438929897', 1504438965, 'api', 'cart', 'total', 0, 23, '192.168.1.112', 'http://192.168.1.18/phpok/index.php?id=1761', 0, '82d5c1fkqkuius5ipauj42t8v1'),
(502, '您的购物车里没有任何产品', 'http://192.168.1.18/phpok/index.php?c=cart&f=freight&_=1504438950227', 1504438976, 'www', 'cart', 'freight', 0, 23, '192.168.1.112', 'http://192.168.1.18/phpok/index.php?c=cart&f=checkout&_noCache=0.1504438972', 0, '82d5c1fkqkuius5ipauj42t8v1'),
(503, '管理员登录成功', 'http://localhost/phpok/admin.php?c=login&f=ok', 1504597774, 'admin', 'login', 'ok', 1, 0, '::1', 'http://localhost/phpok/admin.php?c=login&_noCache=0.1504597770', 0, 'd34lmdrclmm2magfj7os92e0h0'),
(504, '标识串不能为空', 'http://localhost/phpok/admin.php?c=project&f=save&_noCache=0.1504597886', 1504597906, 'admin', 'project', 'save', 1, 0, '::1', 'http://localhost/phpok/admin.php?c=project&f=set&pid=87&_noCache=0.1504597883', 0, 'd34lmdrclmm2magfj7os92e0h0'),
(505, 'the-tower-fa', 'http://localhost/phpok/api.php?c=plugin&id=identifier&exec=fanyi&q=%E5%A1%94%E9%A1%B6fa&_noCache=0.5241244284960238&_=1504597887426', 1504597910, 'api', 'plugin', 'index', 0, 0, '::1', 'http://localhost/phpok/admin.php?c=project&f=set&pid=87&_noCache=0.1504597883', 0, 'd34lmdrclmm2magfj7os92e0h0'),
(506, '字段添加成功', 'http://localhost/phpok/admin.php?c=module&f=field_add&id=40&fid=thumb&_=1504598097364', 1504598103, 'admin', 'module', 'field_add', 1, 0, '::1', 'http://localhost/phpok/admin.php?c=module&f=fields&id=40&_noCache=0.1504597961', 0, 'd34lmdrclmm2magfj7os92e0h0'),
(507, '删除成功', 'http://localhost/phpok/admin.php?c=module&f=field_delete&id=367&_=1504598104056', 1504599129, 'admin', 'module', 'field_delete', 1, 0, '::1', 'http://localhost/phpok/admin.php?c=module&f=fields&id=40&_noCache=0.1504597961', 0, 'd34lmdrclmm2magfj7os92e0h0'),
(508, '会员登录成功', 'http://localhost/phpok/index.php?c=login&f=ok&_noCache=0.1504690595', 1504690602, 'www', 'login', 'ok', 0, 23, '::1', 'http://localhost/phpok/index.php?c=login&_noCache=0.1504690592', 0, 'uvkj3s78d0p473h2hjt2ujbhf1'),
(509, '1', 'http://localhost/phpok/api.php?c=cart&f=total&_noCache=0.015051026230407216&_=1504690604337', 1504690604, 'api', 'cart', 'total', 0, 23, '::1', 'http://localhost/phpok/', 0, 'uvkj3s78d0p473h2hjt2ujbhf1'),
(510, '1', 'http://localhost/phpok/api.php?c=cart&f=total&_noCache=0.8422921466847423&_=1504691003210', 1504691003, 'api', 'cart', 'total', 0, 23, '::1', 'http://localhost/phpok/index.php', 0, 'uvkj3s78d0p473h2hjt2ujbhf1'),
(511, '上传的文件异常', 'http://localhost/phpok/index.php?c=upload&f=save&cateid=1&_noCache=0.1504755536&PHPSESSION=jddhla7jirumkghkhco1994go2&id=WU_FILE_2&name=%E5%BE%AE%E4%BF%A1%E5%9B%BE%E7%89%87_20170630154710.png&type=image%2Fpng&lastModifiedDate=Fri+Jun+30+2017+15%3A47%3A14+', 1504755727, 'www', 'upload', 'save', 0, 0, '::1', 'http://localhost/phpok/index.php?id=book', 0, 'jddhla7jirumkghkhco1994go2'),
(512, '附件类型不符合要求', 'http://localhost/phpok/index.php?c=upload&f=save&cateid=1&_noCache=0.1504755845&PHPSESSION=jddhla7jirumkghkhco1994go2&id=WU_FILE_0&name=%E4%BA%A7%E5%93%81%E5%8A%9F%E8%83%BD%E4%B8%8E%E7%BB%93%E6%9E%84.pdf&type=application%2Fpdf&lastModifiedDate=Tue+May+23+', 1504755850, 'www', 'upload', 'save', 0, 0, '::1', 'http://localhost/phpok/index.php?id=book', 0, 'jddhla7jirumkghkhco1994go2'),
(513, '会员登录成功', 'http://localhost/phpok/index.php?c=login&f=ok&_noCache=0.1504757890', 1504757899, 'www', 'login', 'ok', 0, 23, '::1', 'http://localhost/phpok/index.php?c=login&_noCache=0.1504755845', 0, 'jddhla7jirumkghkhco1994go2'),
(514, '1', 'http://localhost/phpok/api.php?c=cart&f=total&_noCache=0.9830502977561831&_=1504757901979', 1504757902, 'api', 'cart', 'total', 0, 23, '::1', 'http://localhost/phpok/', 0, 'jddhla7jirumkghkhco1994go2'),
(515, '1', 'http://localhost/phpok/api.php?c=cart&f=total&_noCache=0.9745182210011725&_=1504757979753', 1504757979, 'api', 'cart', 'total', 0, 23, '::1', 'http://localhost/phpok/index.php?c=usercp&f=introducer&_noCache=0.1504757903', 0, 'jddhla7jirumkghkhco1994go2'),
(516, '1', 'http://localhost/phpok/api.php?c=cart&f=total&_noCache=0.08583763797978616&_=1504758059328', 1504758059, 'api', 'cart', 'total', 0, 23, '::1', 'http://localhost/phpok/index.php?c=usercp&f=introducer&_noCache=0.1504757903', 0, 'jddhla7jirumkghkhco1994go2');
INSERT INTO `qinggan_log` (`id`, `note`, `url`, `dateline`, `app_id`, `ctrl`, `func`, `admin_id`, `user_id`, `ip`, `referer`, `mask`, `session_id`) VALUES
(517, '1', 'http://localhost/phpok/api.php?c=cart&f=total&_noCache=0.8627730121434352&_=1504758204006', 1504758204, 'api', 'cart', 'total', 0, 23, '::1', 'http://localhost/phpok/index.php?c=usercp&f=introducer&_noCache=0.1504757903', 0, 'jddhla7jirumkghkhco1994go2'),
(518, '1', 'http://localhost/phpok/api.php?c=cart&f=total&_noCache=0.1507703921022392&_=1504758423909', 1504758424, 'api', 'cart', 'total', 0, 23, '::1', 'http://localhost/phpok/index.php?c=usercp&f=introducer&_noCache=0.1504757903', 0, 'jddhla7jirumkghkhco1994go2'),
(519, '1', 'http://localhost/phpok/api.php?c=cart&f=total&_noCache=0.12997350929287377&_=1504758491502', 1504758491, 'api', 'cart', 'total', 0, 23, '::1', 'http://localhost/phpok/index.php?c=usercp&f=introducer&_noCache=0.1504757903', 0, 'jddhla7jirumkghkhco1994go2'),
(520, '1', 'http://localhost/phpok/api.php?c=cart&f=total&_noCache=0.5273967991160796&_=1504758591549', 1504758591, 'api', 'cart', 'total', 0, 23, '::1', 'http://localhost/phpok/index.php?c=usercp&f=introducer&_noCache=0.1504757903', 0, 'jddhla7jirumkghkhco1994go2'),
(521, '1', 'http://localhost/phpok/api.php?c=cart&f=total&_noCache=0.8021461634313674&_=1504758663643', 1504758663, 'api', 'cart', 'total', 0, 23, '::1', 'http://localhost/phpok/index.php?c=usercp&f=introducer&_noCache=0.1504757903', 0, 'jddhla7jirumkghkhco1994go2'),
(522, '1', 'http://localhost/phpok/api.php?c=cart&f=total&_noCache=0.8762799082218902&_=1504758808450', 1504758808, 'api', 'cart', 'total', 0, 23, '::1', 'http://localhost/phpok/index.php?c=usercp&f=introducer&_noCache=0.1504757903', 0, 'jddhla7jirumkghkhco1994go2'),
(523, '1', 'http://localhost/phpok/api.php?c=cart&f=total&_noCache=0.7065037680544463&_=1504758871677', 1504758871, 'api', 'cart', 'total', 0, 23, '::1', 'http://localhost/phpok/index.php?c=usercp&f=introducer&month=201709', 0, 'jddhla7jirumkghkhco1994go2'),
(524, '1', 'http://localhost/phpok/api.php?c=cart&f=total&_noCache=0.6393026526497979&_=1504760577560', 1504760577, 'api', 'cart', 'total', 0, 23, '::1', 'http://localhost/phpok/index.php?c=usercp&f=introducer&month=201709', 0, 'jddhla7jirumkghkhco1994go2'),
(525, '1', 'http://localhost/phpok/api.php?c=cart&f=total&_noCache=0.6101388828909121&_=1504761011685', 1504761011, 'api', 'cart', 'total', 0, 23, '::1', 'http://localhost/phpok/index.php?c=usercp&f=wealth&_noCache=0.1504760577', 0, 'jddhla7jirumkghkhco1994go2'),
(526, '1', 'http://localhost/phpok/api.php?c=cart&f=total&_noCache=0.6914629537071716&_=1504763745600', 1504763745, 'api', 'cart', 'total', 0, 23, '::1', 'http://localhost/phpok/index.php?c=usercp&f=introducer&_noCache=0.1504761011', 0, 'jddhla7jirumkghkhco1994go2'),
(527, '会员账号已存用', 'http://localhost/phpok/index.php?c=register&f=save&_noCache=0.1504763953', 1504763973, 'www', 'register', 'save', 0, 0, '::1', 'http://localhost/phpok/index.php?c=register&_noCache=0.1504763953', 0, 'n7k918ctq1ghfetbd5pgfnkp93'),
(528, '1', 'http://localhost/phpok/api.php?c=cart&f=total&_noCache=0.194710153463309&_=1504764177998', 1504764178, 'api', 'cart', 'total', 0, 23, '::1', 'http://localhost/phpok/index.php?c=usercp&f=introducer&_noCache=0.1504761011', 0, 'jddhla7jirumkghkhco1994go2'),
(529, '会员账号已存用', 'http://localhost/phpok/index.php?c=register&f=save', 1504764199, 'www', 'register', 'save', 0, 0, '::1', 'http://localhost/phpok/index.php?c=register&_noCache=0.1504763973', 0, 'n7k918ctq1ghfetbd5pgfnkp93'),
(530, '验证码填写不正确', 'http://localhost/phpok/index.php?c=register&f=save', 1504764204, 'www', 'register', 'save', 0, 0, '::1', 'http://localhost/phpok/index.php?c=register&_noCache=0.1504763973', 0, 'n7k918ctq1ghfetbd5pgfnkp93'),
(531, '注册成功，等待管理员验证', 'http://localhost/phpok/index.php?c=register&f=save', 1504764209, 'www', 'register', 'save', 0, 0, '::1', 'http://localhost/phpok/index.php?c=register&_noCache=0.1504763973', 0, 'n7k918ctq1ghfetbd5pgfnkp93'),
(532, '会员审核中，暂时不能登录', 'http://localhost/phpok/index.php?c=login&f=ok&_noCache=0.1504764254', 1504764263, 'www', 'login', 'ok', 0, 0, '::1', 'http://localhost/phpok/index.php?c=login&_noCache=0.1504764211', 0, 'n7k918ctq1ghfetbd5pgfnkp93'),
(533, '管理员登录成功', 'http://localhost/phpok/admin.php?c=login&f=ok', 1504764456, 'admin', 'login', 'ok', 1, 0, '::1', 'http://localhost/phpok/admin.php?c=login&_noCache=0.1504764451', 0, 'jddhla7jirumkghkhco1994go2'),
(534, '会员登录成功', 'http://localhost/phpok/index.php?c=login&f=ok&_noCache=0.1504764265', 1504764469, 'www', 'login', 'ok', 0, 31, '::1', 'http://localhost/phpok/index.php?c=login&_back=http%3A%2F%2Flocalhost%2Fphpok%2F&_noCache=0.1504764263', 0, 'n7k918ctq1ghfetbd5pgfnkp93'),
(535, '1', 'http://localhost/phpok/api.php?c=cart&f=total&_noCache=0.9856207323847886&_=1504764488491', 1504764488, 'api', 'cart', 'total', 0, 23, '::1', 'http://localhost/phpok/index.php?c=usercp&f=introducer&_noCache=0.1504764177', 0, 'jddhla7jirumkghkhco1994go2'),
(536, '1', 'http://localhost/phpok/api.php?c=cart&f=total&_noCache=0.6971178674007975&_=1504764557512', 1504764557, 'api', 'cart', 'total', 0, 23, '::1', 'http://localhost/phpok/index.php?c=usercp&f=introducer&_noCache=0.1504764490', 0, 'jddhla7jirumkghkhco1994go2'),
(537, '1', 'http://localhost/phpok/api.php?c=cart&f=total&_noCache=0.2642258830416643&_=1504764631692', 1504764631, 'api', 'cart', 'total', 0, 23, '::1', 'http://localhost/phpok/index.php?c=usercp&f=introducer&_noCache=0.1504764490', 0, 'jddhla7jirumkghkhco1994go2'),
(538, '1', 'http://localhost/phpok/api.php?c=cart&f=total&_noCache=0.15678641351499467&_=1504764731054', 1504764731, 'api', 'cart', 'total', 0, 23, '::1', 'http://localhost/phpok/index.php?c=usercp&f=wealth&_noCache=0.1504764685', 0, 'jddhla7jirumkghkhco1994go2'),
(539, '1', 'http://localhost/phpok/api.php?c=cart&f=total&_noCache=0.5669595008105767&_=1504764797313', 1504764797, 'api', 'cart', 'total', 0, 23, '::1', 'http://localhost/phpok/index.php?c=usercp&f=introducer&_noCache=0.1504764758', 0, 'jddhla7jirumkghkhco1994go2'),
(540, '1', 'http://localhost/phpok/api.php?c=cart&f=total&_noCache=0.7994447905526895&_=1504764859049', 1504764859, 'api', 'cart', 'total', 0, 23, '::1', 'http://localhost/phpok/index.php?c=usercp&f=introducer&_noCache=0.1504764758', 0, 'jddhla7jirumkghkhco1994go2'),
(541, '1', 'http://localhost/phpok/api.php?c=cart&f=total&_noCache=0.44550817705600154&_=1504764929155', 1504764929, 'api', 'cart', 'total', 0, 23, '::1', 'http://localhost/phpok/index.php?c=usercp&f=introducer&month=201508', 0, 'jddhla7jirumkghkhco1994go2'),
(542, '1', 'http://localhost/phpok/api.php?c=cart&f=total&_noCache=0.16162940227410827&_=1504764997919', 1504764998, 'api', 'cart', 'total', 0, 23, '::1', 'http://localhost/phpok/index.php?c=usercp&f=introducer&month=201709', 0, 'jddhla7jirumkghkhco1994go2'),
(543, '1', 'http://localhost/phpok/api.php?c=cart&f=total&_noCache=0.14513083761115209&_=1504765160015', 1504765160, 'api', 'cart', 'total', 0, 23, '::1', 'http://localhost/phpok/index.php?c=usercp&f=introducer&month=201709', 0, 'jddhla7jirumkghkhco1994go2'),
(544, '1', 'http://localhost/phpok/api.php?c=cart&f=total&_noCache=0.8172481296406248&_=1504765377313', 1504765377, 'api', 'cart', 'total', 0, 23, '::1', 'http://localhost/phpok/index.php?c=usercp&f=introducer&_noCache=0.1504765165', 0, 'jddhla7jirumkghkhco1994go2'),
(545, '1', 'http://localhost/phpok/api.php?c=cart&f=total&_noCache=0.5429969454776057&_=1504765458661', 1504765458, 'api', 'cart', 'total', 0, 23, '::1', 'http://localhost/phpok/index.php?c=usercp&f=introducer&_noCache=0.1504765165', 0, 'jddhla7jirumkghkhco1994go2'),
(546, '验证通过', 'http://localhost/phpok/admin.php?c=user&f=chk&id=31&user=demo123&mobile=147258369&email=de%40dd.com&_=1504765507412', 1504765511, 'admin', 'user', 'chk', 1, 0, '::1', 'http://localhost/phpok/admin.php?c=user&f=set&id=31&_noCache=0.1504764458', 0, 'jddhla7jirumkghkhco1994go2'),
(547, '会员编辑成功', 'http://localhost/phpok/admin.php?c=user&f=setok&_noCache=0.1504765507', 1504765511, 'admin', 'user', 'setok', 1, 0, '::1', 'http://localhost/phpok/admin.php?c=user&f=set&id=31&_noCache=0.1504764458', 0, 'jddhla7jirumkghkhco1994go2'),
(548, '1', 'http://localhost/phpok/api.php?c=cart&f=total&_noCache=0.8955269732973731&_=1504765563263', 1504765563, 'api', 'cart', 'total', 0, 23, '::1', 'http://localhost/phpok/index.php?c=usercp&f=introducer&_noCache=0.1504765487', 0, 'jddhla7jirumkghkhco1994go2'),
(549, '您当前是最新版本，不需要再升级', 'http://localhost/phpok/admin.php?c=update&f=check&_=1504786487676', 1504786488, 'admin', 'update', 'check', 1, 0, '::1', 'http://localhost/phpok/admin.php', 0, 'jddhla7jirumkghkhco1994go2'),
(550, '1', 'http://localhost/phpok/api.php?c=cart&f=total&_noCache=0.9163144032076048&_=1504787583517', 1504787583, 'api', 'cart', 'total', 0, 23, '::1', 'http://localhost/phpok/', 0, 'jddhla7jirumkghkhco1994go2'),
(551, '管理员登录成功', 'http://localhost/phpok/admin.php?c=login&f=ok', 1504855789, 'admin', 'login', 'ok', 1, 0, '::1', 'http://localhost/phpok/admin.php?c=login&_noCache=0.1504855785', 0, '94b373o4eqvvj4ad351dhcdhg4'),
(552, '模块使用中，请先停用模块信息', 'http://localhost/phpok/admin.php?c=module&f=delete&id=86&_=1504856162910', 1504856165, 'admin', 'module', 'delete', 1, 0, '::1', 'http://localhost/phpok/admin.php?c=module&_noCache=0.1504856160', 0, '94b373o4eqvvj4ad351dhcdhg4'),
(553, '模块删除成功', 'http://localhost/phpok/admin.php?c=module&f=delete&id=86&_=1504856162913', 1504856171, 'admin', 'module', 'delete', 1, 0, '::1', 'http://localhost/phpok/admin.php?c=module&_noCache=0.1504856160', 0, '94b373o4eqvvj4ad351dhcdhg4'),
(554, '管理员登录成功', 'http://localhost/hnedu/admin.php?c=login&f=ok', 1505287516, 'admin', 'login', 'ok', 1, 0, '::1', 'http://localhost/hnedu/admin.php?c=login&_noCache=0.1505287511', 0, 'cqreq7b8abcegq2keivvtnl146'),
(555, '检测到升级包', 'http://localhost/hnedu/admin.php?c=update&f=check&_=1505287516359', 1505287516, 'admin', 'update', 'check', 1, 0, '::1', 'http://localhost/hnedu/admin.php?c=index', 0, 'cqreq7b8abcegq2keivvtnl146'),
(556, '管理员登录成功', 'http://localhost/phpok/admin.php?c=login&f=ok', 1505290878, 'admin', 'login', 'ok', 1, 0, '::1', 'http://localhost/phpok/admin.php?c=login&_noCache=0.1505290826', 0, 'cqreq7b8abcegq2keivvtnl146'),
(557, 'video-library', 'http://localhost/phpok/api.php?c=plugin&id=identifier&exec=fanyi&q=%E8%A7%86%E9%A2%91%E5%BA%93&_noCache=0.7301268422923461&_=1505292594035', 1505292603, 'api', 'plugin', 'index', 0, 0, '::1', 'http://localhost/phpok/admin.php?c=project&f=set&_noCache=0.1505292591', 0, 'cqreq7b8abcegq2keivvtnl146'),
(558, '&lt;span class=&quot;red&quot;&gt;阿里云视频库插件&lt;/span&gt; 安装成功', 'http://localhost/phpok/admin.php?c=plugin&f=install_save&_noCache=0.1505292923', 1505293015, 'admin', 'plugin', 'install_save', 1, 0, '::1', 'http://localhost/phpok/admin.php?c=plugin&f=install&id=aliyunvod', 0, 'cqreq7b8abcegq2keivvtnl146'),
(559, '插件卸载成功', 'http://localhost/phpok/admin.php?c=plugin&f=uninstall&id=useraddcart&_=1505293016695', 1505293021, 'admin', 'plugin', 'uninstall', 1, 0, '::1', 'http://localhost/phpok/admin.php?c=plugin&_noCache=0.1505293015', 0, 'cqreq7b8abcegq2keivvtnl146'),
(560, '方法 &lt;span class=red&gt;videolist&lt;/span&gt; 不存在', 'http://localhost/phpok/admin.php?c=plugin&f=exec&id=aliyunvod&exec=videolist&_noCache=0.6500692426326998', 1505300405, 'admin', 'plugin', 'exec', 1, 0, '::1', 'http://localhost/phpok/admin.php?c=index', 0, 'cqreq7b8abcegq2keivvtnl146'),
(561, '管理员登录成功', 'http://localhost/phpok/admin.php?c=login&f=ok', 1505527583, 'admin', 'login', 'ok', 1, 0, '::1', 'http://localhost/phpok/admin.php?c=login&_noCache=0.1505527578', 0, 'cl2gqvhrno0fojg2g2k45bvnj2'),
(562, 'test-the-root-classification-and-extension', 'http://localhost/phpok/api.php?c=plugin&id=identifier&exec=fanyi&q=%E6%B5%8B%E8%AF%95%E6%A0%B9%E5%88%86%E7%B1%BB%E5%8F%8A%E6%89%A9%E5%B1%95&_noCache=0.2111004410448818&_=1505527588857', 1505527608, 'api', 'plugin', 'index', 0, 0, '::1', 'http://localhost/phpok/admin.php?c=cate&f=set&_noCache=0.1505527586', 0, 'cl2gqvhrno0fojg2g2k45bvnj2'),
(563, 'ceshigenfenleijikuozhan', 'http://localhost/phpok/api.php?c=plugin&f=index&id=identifier&exec=pingyin&title=%E6%B5%8B%E8%AF%95%E6%A0%B9%E5%88%86%E7%B1%BB%E5%8F%8A%E6%89%A9%E5%B1%95&_noCache=0.6489152870233841&_=1505527588858', 1505527610, 'api', 'plugin', 'index', 0, 0, '::1', 'http://localhost/phpok/admin.php?c=cate&f=set&_noCache=0.1505527586', 0, 'cl2gqvhrno0fojg2g2k45bvnj2'),
(564, '标识正常，可以使用', 'http://localhost/phpok/admin.php?c=cate&f=check&sign=ceshigenfenleijikuozhan&_=1505527588859', 1505527612, 'admin', 'cate', 'check', 1, 0, '::1', 'http://localhost/phpok/admin.php?c=cate&f=set&_noCache=0.1505527586', 0, 'cl2gqvhrno0fojg2g2k45bvnj2'),
(565, '分类信息配置成功', 'http://localhost/phpok/admin.php?c=cate&f=save&_noCache=0.1505527588', 1505527612, 'admin', 'cate', 'save', 1, 0, '::1', 'http://localhost/phpok/admin.php?c=cate&f=set&_noCache=0.1505527586', 0, 'cl2gqvhrno0fojg2g2k45bvnj2'),
(566, '标识正常，可以使用', 'http://localhost/phpok/admin.php?c=cate&f=check&id=596&sign=ceshigenfenleijikuozhan&_=1505527768499', 1505527778, 'admin', 'cate', 'check', 1, 0, '::1', 'http://localhost/phpok/admin.php?c=cate&f=set&id=596&_noCache=0.1505527630', 0, 'cl2gqvhrno0fojg2g2k45bvnj2'),
(567, '分类信息配置成功', 'http://localhost/phpok/admin.php?c=cate&f=save&_noCache=0.1505527768', 1505527778, 'admin', 'cate', 'save', 1, 0, '::1', 'http://localhost/phpok/admin.php?c=cate&f=set&id=596&_noCache=0.1505527630', 0, 'cl2gqvhrno0fojg2g2k45bvnj2'),
(568, 'a------', 'http://localhost/phpok/api.php?c=plugin&id=identifier&exec=fanyi&q=demo&_noCache=0.1822018339201371&_=1505527867881', 1505527875, 'api', 'plugin', 'index', 0, 0, '::1', 'http://localhost/phpok/admin.php?c=cate&f=set&parent_id=596&_noCache=0.1505527862', 0, 'cl2gqvhrno0fojg2g2k45bvnj2'),
(569, 'v------', 'http://localhost/phpok/api.php?c=plugin&id=identifier&exec=fanyi&q=demo&_noCache=0.0836074817773883&_=1505527867882', 1505527877, 'api', 'plugin', 'index', 0, 0, '::1', 'http://localhost/phpok/admin.php?c=cate&f=set&parent_id=596&_noCache=0.1505527862', 0, 'cl2gqvhrno0fojg2g2k45bvnj2'),
(570, 'k------', 'http://localhost/phpok/api.php?c=plugin&id=identifier&exec=fanyi&q=demo&_noCache=0.16734334935287898&_=1505527867883', 1505527878, 'api', 'plugin', 'index', 0, 0, '::1', 'http://localhost/phpok/admin.php?c=cate&f=set&parent_id=596&_noCache=0.1505527862', 0, 'cl2gqvhrno0fojg2g2k45bvnj2'),
(571, 'x------', 'http://localhost/phpok/api.php?c=plugin&id=identifier&exec=fanyi&q=demo&_noCache=0.4805171361243116&_=1505527867884', 1505527879, 'api', 'plugin', 'index', 0, 0, '::1', 'http://localhost/phpok/admin.php?c=cate&f=set&parent_id=596&_noCache=0.1505527862', 0, 'cl2gqvhrno0fojg2g2k45bvnj2'),
(572, 'demo', 'http://localhost/phpok/api.php?c=plugin&f=index&id=identifier&exec=pingyin&title=demo&_noCache=0.5591564917351391&_=1505527867885', 1505527879, 'api', 'plugin', 'index', 0, 0, '::1', 'http://localhost/phpok/admin.php?c=cate&f=set&parent_id=596&_noCache=0.1505527862', 0, 'cl2gqvhrno0fojg2g2k45bvnj2'),
(573, '标识已被使用，请检查', 'http://localhost/phpok/admin.php?c=cate&f=check&sign=demo&_=1505527867887', 1505527882, 'admin', 'cate', 'check', 1, 0, '::1', 'http://localhost/phpok/admin.php?c=cate&f=set&parent_id=596&_noCache=0.1505527862', 0, 'cl2gqvhrno0fojg2g2k45bvnj2'),
(574, '标识正常，可以使用', 'http://localhost/phpok/admin.php?c=cate&f=check&sign=demo9999&_=1505527867888', 1505527885, 'admin', 'cate', 'check', 1, 0, '::1', 'http://localhost/phpok/admin.php?c=cate&f=set&parent_id=596&_noCache=0.1505527862', 0, 'cl2gqvhrno0fojg2g2k45bvnj2'),
(575, '分类信息配置成功', 'http://localhost/phpok/admin.php?c=cate&f=save&_noCache=0.1505527867', 1505527885, 'admin', 'cate', 'save', 1, 0, '::1', 'http://localhost/phpok/admin.php?c=cate&f=set&parent_id=596&_noCache=0.1505527862', 0, 'cl2gqvhrno0fojg2g2k45bvnj2'),
(576, '删除成功', 'http://localhost/phpok/admin.php?c=cate&f=delete&id=597&_=1505527940509', 1505527943, 'admin', 'cate', 'delete', 1, 0, '::1', 'http://localhost/phpok/admin.php?c=cate&_noCache=0.1505527936', 0, 'cl2gqvhrno0fojg2g2k45bvnj2'),
(577, 'ddddddd', 'http://localhost/phpok/api.php?c=plugin&f=index&id=identifier&exec=pingyin&title=ddddddd&_noCache=0.8355539805078684&_=1505528164986', 1505528178, 'api', 'plugin', 'index', 0, 0, '::1', 'http://localhost/phpok/admin.php?c=cate&f=set&parent_id=596&_noCache=0.1505528161', 0, 'cl2gqvhrno0fojg2g2k45bvnj2'),
(578, '标识正常，可以使用', 'http://localhost/phpok/admin.php?c=cate&f=check&sign=ddddddd&_=1505528164987', 1505528179, 'admin', 'cate', 'check', 1, 0, '::1', 'http://localhost/phpok/admin.php?c=cate&f=set&parent_id=596&_noCache=0.1505528161', 0, 'cl2gqvhrno0fojg2g2k45bvnj2'),
(579, '分类信息配置成功', 'http://localhost/phpok/admin.php?c=cate&f=save&_noCache=0.1505528164', 1505528179, 'admin', 'cate', 'save', 1, 0, '::1', 'http://localhost/phpok/admin.php?c=cate&f=set&parent_id=596&_noCache=0.1505528161', 0, 'cl2gqvhrno0fojg2g2k45bvnj2'),
(580, '删除成功', 'http://localhost/phpok/admin.php?c=cate&f=delete&id=598&_=1505528180972', 1505528184, 'admin', 'cate', 'delete', 1, 0, '::1', 'http://localhost/phpok/admin.php?c=cate&_noCache=0.435451', 0, 'cl2gqvhrno0fojg2g2k45bvnj2'),
(581, 'fasdfasdfasdf', 'http://localhost/phpok/api.php?c=plugin&f=index&id=identifier&exec=pingyin&title=fasdfasdfasdf&_noCache=0.9116422879521043&_=1505528196103', 1505528200, 'api', 'plugin', 'index', 0, 0, '::1', 'http://localhost/phpok/admin.php?c=cate&f=set&parent_id=7&_noCache=0.1505528184', 0, 'cl2gqvhrno0fojg2g2k45bvnj2'),
(582, '3288.00元', 'http://localhost/phpok/api.php?c=cart&f=price_format&price=3288.0000&_noCache=0.14324483157394952&_=1505529116395', 1505529118, 'api', 'cart', 'price_format', 0, 0, '::1', 'http://localhost/phpok/index.php?id=1763', 0, 'cl2gqvhrno0fojg2g2k45bvnj2'),
(583, '4088.00元', 'http://localhost/phpok/api.php?c=cart&f=price_format&price=4088&_noCache=0.5697659021336565&_=1505529116396', 1505529118, 'api', 'cart', 'price_format', 0, 0, '::1', 'http://localhost/phpok/index.php?id=1763', 0, 'cl2gqvhrno0fojg2g2k45bvnj2'),
(584, '1', 'http://localhost/phpok/api.php?c=cart&f=total&_noCache=0.9557671044460835&_=1505529116398', 1505529121, 'api', 'cart', 'total', 0, 0, '::1', 'http://localhost/phpok/index.php?id=1763', 0, 'cl2gqvhrno0fojg2g2k45bvnj2'),
(585, '1', 'http://localhost/phpok/api.php?c=cart&f=total&_noCache=0.8107297110974409&_=1505529198142', 1505529198, 'api', 'cart', 'total', 0, 0, '::1', 'http://localhost/phpok/index.php?c=cart&_noCache=0.1505529116', 0, 'cl2gqvhrno0fojg2g2k45bvnj2'),
(586, '3698.00元', 'http://localhost/phpok/api.php?c=cart&f=price_format&price=3698.0000&_noCache=0.8725755538390294&_=1505529246941', 1505529248, 'api', 'cart', 'price_format', 0, 0, '::1', 'http://localhost/phpok/index.php?id=1762', 0, 'cl2gqvhrno0fojg2g2k45bvnj2'),
(587, '2', 'http://localhost/phpok/api.php?c=cart&f=total&_noCache=0.9474153197002012&_=1505529246943', 1505529250, 'api', 'cart', 'total', 0, 0, '::1', 'http://localhost/phpok/index.php?id=1762', 0, 'cl2gqvhrno0fojg2g2k45bvnj2'),
(588, '999.00元', 'http://localhost/phpok/api.php?c=cart&f=price_format&price=999.0000&_noCache=0.9773569836109729&_=1505529285318', 1505529291, 'api', 'cart', 'price_format', 0, 0, '::1', 'http://localhost/phpok/index.php?id=1761', 0, 'cl2gqvhrno0fojg2g2k45bvnj2'),
(589, '3', 'http://localhost/phpok/api.php?c=cart&f=total&_noCache=0.9374042163424205&_=1505529285321', 1505529298, 'api', 'cart', 'total', 0, 0, '::1', 'http://localhost/phpok/index.php?id=1761', 0, 'cl2gqvhrno0fojg2g2k45bvnj2'),
(590, '3', 'http://localhost/phpok/api.php?c=cart&f=total&_noCache=0.7646855115294686&_=1505529441050', 1505529441, 'api', 'cart', 'total', 0, 0, '::1', 'http://localhost/phpok/index.php?id=1761', 0, 'cl2gqvhrno0fojg2g2k45bvnj2'),
(591, '1099.00元', 'http://localhost/phpok/api.php?c=cart&f=price_format&price=1099&_noCache=0.8356358859778925&_=1505529441051', 1505529444, 'api', 'cart', 'price_format', 0, 0, '::1', 'http://localhost/phpok/index.php?id=1761', 0, 'cl2gqvhrno0fojg2g2k45bvnj2'),
(592, '4', 'http://localhost/phpok/api.php?c=cart&f=total&_noCache=0.027830589369953862&_=1505529441054', 1505529446, 'api', 'cart', 'total', 0, 0, '::1', 'http://localhost/phpok/index.php?id=1761', 0, 'cl2gqvhrno0fojg2g2k45bvnj2'),
(593, '2', 'http://localhost/phpok/api.php?c=cart&f=total&_noCache=0.5941553964281511&_=1505529498645', 1505529498, 'api', 'cart', 'total', 0, 0, '::1', 'http://localhost/phpok/index.php?c=cart&_noCache=0.1505529440', 0, 'cl2gqvhrno0fojg2g2k45bvnj2'),
(594, '999.00元', 'http://localhost/phpok/api.php?c=cart&f=price_format&price=999.0000&_noCache=0.5655114375505367&_=1505529491801', 1505529503, 'api', 'cart', 'price_format', 0, 0, '::1', 'http://localhost/phpok/index.php?id=1761', 0, 'cl2gqvhrno0fojg2g2k45bvnj2'),
(595, '<pre>Array\n(\n    [id] => 1761\n    [site_id] => 1\n    [project_id] => 45\n    [cate_id] => 584\n    [pictures] => Array\n        (\n            [1019] => Array\n                (\n                    [id] => 1019\n                    [cate_id] => 1\n              ', 'http://localhost/phpok/api.php?c=cart&f=add&id=1761&_noCache=0.338670765744425&qty=1&ext=43%2C44&_=1505529491803', 1505529505, 'api', 'cart', 'add', 0, 0, '::1', 'http://localhost/phpok/index.php?id=1761', 1, 'cl2gqvhrno0fojg2g2k45bvnj2'),
(596, '3', 'http://localhost/phpok/api.php?c=cart&f=total&_noCache=0.493364469156386&_=1505529491804', 1505529505, 'api', 'cart', 'total', 0, 0, '::1', 'http://localhost/phpok/index.php?id=1761', 0, 'cl2gqvhrno0fojg2g2k45bvnj2'),
(597, '2', 'http://localhost/phpok/api.php?c=cart&f=total&_noCache=0.795920125351171&_=1505529734499', 1505529734, 'api', 'cart', 'total', 0, 0, '::1', 'http://localhost/phpok/index.php?c=cart&_noCache=0.1505529440', 0, 'cl2gqvhrno0fojg2g2k45bvnj2'),
(598, '3', 'http://localhost/phpok/api.php?c=cart&f=total&_noCache=0.7163185788456705&_=1505529491806', 1505529737, 'api', 'cart', 'total', 0, 0, '::1', 'http://localhost/phpok/index.php?id=1761', 0, 'cl2gqvhrno0fojg2g2k45bvnj2'),
(599, '4', 'http://localhost/phpok/api.php?c=cart&f=total&_noCache=0.04448206704905111&_=1505529491810', 1505529829, 'api', 'cart', 'total', 0, 0, '::1', 'http://localhost/phpok/index.php?id=1761', 0, 'cl2gqvhrno0fojg2g2k45bvnj2'),
(600, '2', 'http://localhost/phpok/api.php?c=cart&f=total&_noCache=0.4266222392376836&_=1505529876237', 1505529876, 'api', 'cart', 'total', 0, 0, '::1', 'http://localhost/phpok/index.php?c=cart&_noCache=0.1505529440', 0, 'cl2gqvhrno0fojg2g2k45bvnj2'),
(601, '999.00元', 'http://localhost/phpok/api.php?c=cart&f=price_format&price=999.0000&_noCache=0.49945121701905637&_=1505529866440', 1505529878, 'api', 'cart', 'price_format', 0, 0, '::1', 'http://localhost/phpok/index.php?id=1761', 0, 'cl2gqvhrno0fojg2g2k45bvnj2'),
(602, '3', 'http://localhost/phpok/api.php?c=cart&f=total&_noCache=0.7624953070580479&_=1505529866443', 1505529881, 'api', 'cart', 'total', 0, 0, '::1', 'http://localhost/phpok/index.php?id=1761', 0, 'cl2gqvhrno0fojg2g2k45bvnj2'),
(603, '3', 'http://localhost/phpok/api.php?c=cart&f=total&_noCache=0.3563063804456795&_=1505530024346', 1505530024, 'api', 'cart', 'total', 0, 0, '::1', 'http://localhost/phpok/index.php?c=cart&_noCache=0.1505529440', 0, 'cl2gqvhrno0fojg2g2k45bvnj2'),
(604, '2', 'http://localhost/phpok/api.php?c=cart&f=total&_noCache=0.004113480761286259&_=1505530027849', 1505530027, 'api', 'cart', 'total', 0, 0, '::1', 'http://localhost/phpok/index.php?c=cart&_noCache=0.1505529440', 0, 'cl2gqvhrno0fojg2g2k45bvnj2'),
(605, '999.00元', 'http://localhost/phpok/api.php?c=cart&f=price_format&price=999.0000&_noCache=0.8536923349028412&_=1505530030504', 1505530031, 'api', 'cart', 'price_format', 0, 0, '::1', 'http://localhost/phpok/index.php?id=1761', 0, 'cl2gqvhrno0fojg2g2k45bvnj2'),
(606, '1099.00元', 'http://localhost/phpok/api.php?c=cart&f=price_format&price=1099&_noCache=0.32065836744207055&_=1505530030505', 1505530031, 'api', 'cart', 'price_format', 0, 0, '::1', 'http://localhost/phpok/index.php?id=1761', 0, 'cl2gqvhrno0fojg2g2k45bvnj2'),
(607, '主题删除成功', 'http://localhost/phpok/admin.php?c=list&f=del&id=1856&_=1505530244831', 1505530248, 'admin', 'list', 'del', 1, 0, '::1', 'http://localhost/phpok/admin.php?c=list&f=action&id=45&_noCache=0.47263019257842265', 0, 'cl2gqvhrno0fojg2g2k45bvnj2'),
(608, '3', 'http://localhost/phpok/api.php?c=cart&f=total&_noCache=0.8253375832761304&_=1505530261606', 1505530261, 'api', 'cart', 'total', 0, 0, '::1', 'http://localhost/phpok/index.php?c=cart&_noCache=0.1505529440', 0, 'cl2gqvhrno0fojg2g2k45bvnj2'),
(609, '3', 'http://localhost/phpok/api.php?c=cart&f=total&_noCache=0.9759035390008408&_=1505530446013', 1505530446, 'api', 'cart', 'total', 0, 0, '::1', 'http://localhost/phpok/999999', 0, 'cl2gqvhrno0fojg2g2k45bvnj2'),
(610, '3', 'http://localhost/phpok/api.php?c=cart&f=total&_noCache=0.1876738840406894&_=1505530544352', 1505530544, 'api', 'cart', 'total', 0, 0, '::1', 'http://localhost/phpok/999999', 0, 'cl2gqvhrno0fojg2g2k45bvnj2'),
(611, '3', 'http://localhost/phpok/api.php?c=cart&f=total&_noCache=0.8543984103244164&_=1505531145979', 1505531146, 'api', 'cart', 'total', 0, 0, '::1', 'http://localhost/phpok/', 0, 'cl2gqvhrno0fojg2g2k45bvnj2'),
(612, '网站信息更新完成', 'http://localhost/phpok/admin.php?c=all&f=save&_noCache=0.1505531189', 1505531192, 'admin', 'all', 'save', 1, 0, '::1', 'http://localhost/phpok/admin.php?c=all&f=setting&_noCache=0.7154649805612365', 0, 'cl2gqvhrno0fojg2g2k45bvnj2'),
(613, '3', 'http://localhost/phpok/api.php?c=cart&f=total&_noCache=0.5732312501744492&_=1505531210274', 1505531210, 'api', 'cart', 'total', 0, 0, '::1', 'http://localhost/phpok/1763.html', 0, 'cl2gqvhrno0fojg2g2k45bvnj2'),
(614, '3', 'http://localhost/phpok/api.php?c=cart&f=total&_noCache=0.7465740216980862&_=1505531360174', 1505531360, 'api', 'cart', 'total', 0, 0, '::1', 'http://localhost/phpok/index.php', 0, 'cl2gqvhrno0fojg2g2k45bvnj2'),
(615, '网站信息更新完成', 'http://localhost/phpok/admin.php?c=all&f=save&_noCache=0.1505531194', 1505531491, 'admin', 'all', 'save', 1, 0, '::1', 'http://localhost/phpok/admin.php?c=all&f=setting&_noCache=0.1505531192', 0, 'cl2gqvhrno0fojg2g2k45bvnj2'),
(616, '3', 'http://localhost/phpok/api.php?c=cart&f=total&_noCache=0.6876553212324376&_=1505531618607', 1505531618, 'api', 'cart', 'total', 0, 0, '::1', 'http://localhost/phpok/index.php?siteId=1', 0, 'cl2gqvhrno0fojg2g2k45bvnj2'),
(617, '3', 'http://localhost/phpok/api.php?c=cart&f=total&_noCache=0.29509480842946545&_=1505531761362', 1505531761, 'api', 'cart', 'total', 0, 0, '::1', 'http://localhost/phpok/index.php?id=product', 0, 'cl2gqvhrno0fojg2g2k45bvnj2'),
(618, '2', 'http://localhost/phpok/api.php?c=cart&f=total&_noCache=0.9360484658134474&_=1505531766798', 1505531766, 'api', 'cart', 'total', 0, 0, '::1', 'http://localhost/phpok/index.php?c=cart&_noCache=0.1505531760', 0, 'cl2gqvhrno0fojg2g2k45bvnj2'),
(619, '1', 'http://localhost/phpok/api.php?c=cart&f=total&_noCache=0.3660192985670956&_=1505531768739', 1505531768, 'api', 'cart', 'total', 0, 0, '::1', 'http://localhost/phpok/index.php?c=cart&_noCache=0.1505531760', 0, 'cl2gqvhrno0fojg2g2k45bvnj2'),
(620, '3288.00元', 'http://localhost/phpok/api.php?c=cart&f=price_format&price=3288.0000&_noCache=0.9823448376748851&_=1505531897345', 1505531900, 'api', 'cart', 'price_format', 0, 0, '::1', 'http://localhost/phpok/index.php?id=1763', 0, 'cl2gqvhrno0fojg2g2k45bvnj2'),
(621, '4088.00元', 'http://localhost/phpok/api.php?c=cart&f=price_format&price=4088&_noCache=0.3518945795408518&_=1505531897346', 1505531901, 'api', 'cart', 'price_format', 0, 0, '::1', 'http://localhost/phpok/index.php?id=1763', 0, 'cl2gqvhrno0fojg2g2k45bvnj2'),
(622, '1', 'http://localhost/phpok/api.php?c=cart&f=total&_noCache=0.06349868257574243&_=1505531897348', 1505531902, 'api', 'cart', 'total', 0, 0, '::1', 'http://localhost/phpok/index.php?id=1763', 0, 'cl2gqvhrno0fojg2g2k45bvnj2'),
(623, '2', 'http://localhost/phpok/api.php?c=cart&f=total&_noCache=0.32276788527230005&_=1505531897352', 1505531905, 'api', 'cart', 'total', 0, 0, '::1', 'http://localhost/phpok/index.php?id=1763', 0, 'cl2gqvhrno0fojg2g2k45bvnj2'),
(624, '管理员登录成功', 'http://localhost/phpok/admin.php?c=login&f=ok', 1505801786, 'admin', 'login', 'ok', 1, 0, '::1', 'http://localhost/phpok/admin.php?c=login&_noCache=0.1505801782', 0, 'jsu964hg97d3k86hgv8t6p2dq2'),
(625, '您当前是最新版本，不需要再升级', 'http://localhost/phpok/admin.php?c=update&f=check&_=1505801786829', 1505801787, 'admin', 'update', 'check', 1, 0, '::1', 'http://localhost/phpok/admin.php?c=index', 0, 'jsu964hg97d3k86hgv8t6p2dq2'),
(626, '主题删除成功', 'http://localhost/phpok/admin.php?c=list&f=del&id=222086&_=1505802253364', 1505802258, 'admin', 'list', 'del', 1, 0, '::1', 'http://localhost/phpok/admin.php?c=list&f=action&id=96&_noCache=0.0821267085473979', 0, 'jsu964hg97d3k86hgv8t6p2dq2'),
(627, '会员登录成功', 'http://localhost/phpok/index.php?c=login&f=ok&_noCache=0.1505820872', 1505820876, 'www', 'login', 'ok', 0, 23, '::1', 'http://localhost/phpok/index.php?c=login&_noCache=0.1505820869', 0, 'jsu964hg97d3k86hgv8t6p2dq2'),
(628, '管理员登录成功', 'http://localhost/phpok/admin.php?c=login&f=ok', 1505973059, 'admin', 'login', 'ok', 1, 0, '::1', 'http://localhost/phpok/admin.php?c=login&_noCache=0.1505973055', 0, 'mpqk5l3c63otusmlgrdieu7c75'),
(629, 'code:', 'http://localhost/phpok/admin.php?c=gateway&f=extmanage&update=2&type=ajax&id=12&manageid=send&tplcode=37&_=1505973077709', 1505973080, 'admin', 'gateway', 'extmanage', 1, 0, '::1', 'http://localhost/phpok/admin.php?c=gateway&f=extmanage&id=12&manageid=send', 0, 'mpqk5l3c63otusmlgrdieu7c75'),
(630, '短信发送成功', 'http://localhost/phpok/admin.php?c=gateway&f=extmanage&update=1&type=ajax&id=12&manageid=send', 1505973090, 'admin', 'gateway', 'extmanage', 1, 0, '::1', 'http://localhost/phpok/admin.php?c=gateway&f=extmanage&id=12&manageid=send', 0, 'mpqk5l3c63otusmlgrdieu7c75'),
(631, '管理员登录成功', 'http://localhost/phpok/admin.php?c=login&f=ok', 1506312701, 'admin', 'login', 'ok', 1, 0, '::1', 'http://localhost/phpok/admin.php?c=login&_noCache=0.1506312697', 0, '5jrcvul64pcv6l5v302f6fl3v7'),
(632, '管理员登录成功', 'http://localhost/phpok/admin.php?c=login&f=ok', 1506321262, 'admin', 'login', 'ok', 1, 0, '::1', 'http://localhost/phpok/admin.php?c=login&_noCache=0.1506321258', 0, 'gmamqpr4epajt965uufmsiecc1'),
(633, 'code:', 'http://localhost/phpok/admin.php?c=gateway&f=extmanage&update=2&type=ajax&id=12&manageid=send&tplcode=37&_=1506321279197', 1506321282, 'admin', 'gateway', 'extmanage', 1, 0, '::1', 'http://localhost/phpok/admin.php?c=gateway&f=extmanage&id=12&manageid=send', 0, 'gmamqpr4epajt965uufmsiecc1'),
(634, 'code:', 'http://localhost/phpok/admin.php?c=gateway&f=extmanage&update=2&type=ajax&id=12&manageid=send&tplcode=37&_=1506321601326', 1506321607, 'admin', 'gateway', 'extmanage', 1, 0, '::1', 'http://localhost/phpok/admin.php?c=gateway&f=extmanage&id=12&manageid=send', 0, 'gmamqpr4epajt965uufmsiecc1'),
(635, '短信发送成功', 'http://localhost/phpok/admin.php?c=gateway&f=extmanage&update=1&type=ajax&id=12&manageid=send', 1506321613, 'admin', 'gateway', 'extmanage', 1, 0, '::1', 'http://localhost/phpok/admin.php?c=gateway&f=extmanage&id=12&manageid=send', 0, 'gmamqpr4epajt965uufmsiecc1'),
(636, '管理员登录成功', 'http://localhost/phpok/admin.php?c=login&f=ok', 1506577172, 'admin', 'login', 'ok', 1, 0, '::1', 'http://localhost/phpok/admin.php?c=login&_noCache=0.1506577167', 0, 'v3g0sec1b0vf7ag4l79kdonu04'),
(637, '上传的文件异常', 'http://localhost/phpok/index.php?c=upload&f=save&cateid=1&_noCache=0.1506584564&PHPSESSION=v3g0sec1b0vf7ag4l79kdonu04&id=WU_FILE_0&name=20170607-153855.jpg&type=image%2Fjpeg&lastModifiedDate=Wed+Jun+07+2017+15%3A38%3A57+GMT%2B0800&size=158667&chunks=2', 1506584574, 'www', 'upload', 'save', 0, 0, '::1', 'http://localhost/phpok/index.php?id=book', 0, 'v3g0sec1b0vf7ag4l79kdonu04'),
(638, '上传的文件异常', 'http://localhost/phpok/index.php?c=upload&f=save&cateid=1&_noCache=0.1506594896&PHPSESSION=v3g0sec1b0vf7ag4l79kdonu04&id=WU_FILE_1&name=WIN_20170630_15_41_56_Pro.jpg&type=image%2Fjpeg&lastModifiedDate=Fri+Jun+30+2017+15%3A41%3A56+GMT%2B0800&size=281551&ch', 1506594935, 'www', 'upload', 'save', 0, 0, '::1', 'http://localhost/phpok/index.php?id=book', 0, 'v3g0sec1b0vf7ag4l79kdonu04'),
(639, '上传的文件异常', 'http://localhost/phpok/index.php?c=upload&f=save&cateid=1&_noCache=0.1506595188', 1506595195, 'www', 'upload', 'save', 0, 0, '127.0.0.1', 'http://localhost/phpok/index.php?id=book', 0, 'v3g0sec1b0vf7ag4l79kdonu04'),
(640, '请充值，当前账户没有剩余短信数量', 'http://localhost/phpok/admin.php?c=gateway&f=extmanage&id=1&manageid=balance&_=1506595586405', 1506595589, 'admin', 'gateway', 'extmanage', 1, 0, '127.0.0.1', 'http://localhost/phpok/admin.php?c=gateway&menu_id=78&_noCache=0.12562018255765173', 0, 'v3g0sec1b0vf7ag4l79kdonu04'),
(641, '参数配置不完整', 'http://localhost/phpok/admin.php?c=gateway&f=extmanage&id=3&manageid=send', 1506595600, 'admin', 'gateway', 'extmanage', 1, 0, '127.0.0.1', 'http://localhost/phpok/admin.php', 0, 'v3g0sec1b0vf7ag4l79kdonu04'),
(642, '更新成功', 'http://localhost/phpok/admin.php?c=gateway&f=save&_noCache=0.1506595609', 1506595613, 'admin', 'gateway', 'save', 1, 0, '127.0.0.1', 'http://localhost/phpok/admin.php?c=gateway&f=set&id=12&_noCache=0.1506595599', 0, 'v3g0sec1b0vf7ag4l79kdonu04'),
(643, '通知内容编辑成功，请稍候…', 'http://localhost/phpok/admin.php?c=email&f=setok&_noCache=0.1506595797', 1506595802, 'admin', 'email', 'setok', 1, 0, '127.0.0.1', 'http://localhost/phpok/admin.php?c=email&f=set&id=37&_noCache=0.1506595794', 0, 'v3g0sec1b0vf7ag4l79kdonu04'),
(644, '升级环境配置成功', 'http://localhost/phpok/admin.php?c=update&f=save&_noCache=0.1506596209', 1506596214, 'admin', 'update', 'save', 1, 0, '127.0.0.1', 'http://localhost/phpok/admin.php?c=update&f=set&_noCache=0.1506596209', 0, 'v3g0sec1b0vf7ag4l79kdonu04'),
(645, '管理员登录成功', 'http://localhost/phpok/admin.php?c=login&f=ok', 1506656302, 'admin', 'login', 'ok', 1, 0, '::1', 'http://localhost/phpok/admin.php?c=login&_noCache=0.1506656274', 0, 'fafo05ar80h8qlt201df09itq0'),
(646, '管理员登录成功', 'http://localhost/phpok/admin.php?c=login&f=ok', 1506743540, 'admin', 'login', 'ok', 1, 0, '::1', 'http://localhost/phpok/admin.php?c=login&_noCache=0.1506743535', 0, 'm551hkojh9vl7ec9c4qp18mn24'),
(647, '管理员&lt;span class=&quot;red&quot;&gt;admin&lt;/span&gt;成功退出', 'http://localhost/phpok/admin.php?c=logout', 1506743555, 'admin', 'logout', 'index', 0, 0, '::1', 'http://localhost/phpok/admin.php?c=index', 0, 'm551hkojh9vl7ec9c4qp18mn24'),
(648, '管理员登录成功', 'http://localhost/phpok/admin.php?c=login&f=ok', 1506743670, 'admin', 'login', 'ok', 1, 0, '::1', 'http://localhost/phpok/admin.php?c=login&_noCache=0.750354', 0, 'm551hkojh9vl7ec9c4qp18mn24'),
(649, '管理员登录成功', 'http://localhost/phpok/admin.php?c=login&f=ok', 1507267711, 'admin', 'login', 'ok', 1, 0, '::1', 'http://localhost/phpok/admin.php?c=login&_noCache=0.1507267706', 0, '6em95qed5djri7knjig6l316m0'),
(650, 'ALTER TABLE `qinggan_88` ADD `site_id` MEDIUMINT UNSIGNED NOT NULL DEFAULT ''0'' COMMENT ''网站ID''', 'http://localhost/phpok/admin.php?c=module&f=save', 1507270205, 'admin', 'module', 'save', 1, 0, '::1', 'http://localhost/phpok/admin.php?c=module&f=set', 0, '6em95qed5djri7knjig6l316m0'),
(651, 'ALTER TABLE `qinggan_88` ADD `project_id` MEDIUMINT UNSIGNED NOT NULL DEFAULT '''' COMMENT ''项目ID''', 'http://localhost/phpok/admin.php?c=module&f=save', 1507270205, 'admin', 'module', 'save', 1, 0, '::1', 'http://localhost/phpok/admin.php?c=module&f=set', 0, '6em95qed5djri7knjig6l316m0'),
(652, 'ALTER TABLE `qinggan_89` ADD `site_id` MEDIUMINT UNSIGNED NOT NULL DEFAULT ''0'' COMMENT ''网站ID''', 'http://localhost/phpok/admin.php?c=module&f=save', 1507270214, 'admin', 'module', 'save', 1, 0, '::1', 'http://localhost/phpok/admin.php?c=module&f=set', 0, '6em95qed5djri7knjig6l316m0'),
(653, 'ALTER TABLE `qinggan_89` ADD `project_id` MEDIUMINT UNSIGNED NOT NULL DEFAULT '''' COMMENT ''项目ID''', 'http://localhost/phpok/admin.php?c=module&f=save', 1507270214, 'admin', 'module', 'save', 1, 0, '::1', 'http://localhost/phpok/admin.php?c=module&f=set', 0, '6em95qed5djri7knjig6l316m0'),
(654, '模块删除成功', 'http://localhost/phpok/admin.php?c=module&f=delete&id=88&_=1507270234566', 1507270267, 'admin', 'module', 'delete', 1, 0, '::1', 'http://localhost/phpok/admin.php?c=module&menu_id=8&_noCache=0.1565405009688733', 0, '6em95qed5djri7knjig6l316m0'),
(655, 'ALTER TABLE `qinggan_90` ADD `site_id` MEDIUMINT UNSIGNED NOT NULL DEFAULT ''0'' COMMENT ''网站ID''', 'http://localhost/phpok/admin.php?c=module&f=save', 1507270286, 'admin', 'module', 'save', 1, 0, '::1', 'http://localhost/phpok/admin.php?c=module&f=set', 0, '6em95qed5djri7knjig6l316m0'),
(656, 'ALTER TABLE `qinggan_90` ADD `project_id` MEDIUMINT UNSIGNED NOT NULL DEFAULT ''0'' COMMENT ''项目ID''', 'http://localhost/phpok/admin.php?c=module&f=save', 1507270286, 'admin', 'module', 'save', 1, 0, '::1', 'http://localhost/phpok/admin.php?c=module&f=set', 0, '6em95qed5djri7knjig6l316m0'),
(657, 'ALTER TABLE `qinggan_90` ADD `address` VARCHAR(255) NOT NULL DEFAULT '''' COMMENT ''联系地址''', 'http://localhost/phpok/admin.php?c=module&f=field_add&id=90&fid=address&_=1507270303327', 1507270517, 'admin', 'module', 'field_add', 1, 0, '::1', 'http://localhost/phpok/admin.php?c=module&f=fields&id=90&_noCache=0.1507270287', 0, '6em95qed5djri7knjig6l316m0'),
(658, 'ALTER TABLE `qinggan_90` CHANGE `address` `address` VARCHAR(255) NOT NULL DEFAULT '''' COMMENT ''联系地址''', 'http://localhost/phpok/admin.php?c=module&f=field_add&id=90&fid=gender&_=1507271323890', 1507271336, 'admin', 'module', 'field_add', 1, 0, '::1', 'http://localhost/phpok/admin.php?c=module&f=fields&id=90&_noCache=0.1507270287', 0, '6em95qed5djri7knjig6l316m0'),
(659, 'ALTER TABLE `qinggan_90` ADD `gender` VARCHAR(255) NOT NULL DEFAULT ''0'' COMMENT ''性别''', 'http://localhost/phpok/admin.php?c=module&f=field_add&id=90&fid=gender&_=1507271323890', 1507271336, 'admin', 'module', 'field_add', 1, 0, '::1', 'http://localhost/phpok/admin.php?c=module&f=fields&id=90&_noCache=0.1507270287', 0, '6em95qed5djri7knjig6l316m0'),
(660, 'ALTER TABLE `qinggan_90` CHANGE `site_id` `site_id` MEDIUMINT UNSIGNED NOT NULL DEFAULT ''0'' COMMENT ''网站ID''', 'http://localhost/phpok/admin.php?c=module&f=field_addok&mid=90', 1507271354, 'admin', 'module', 'field_addok', 1, 0, '::1', 'http://localhost/phpok/admin.php?c=module&f=field_create&mid=90', 0, '6em95qed5djri7knjig6l316m0'),
(661, 'ALTER TABLE `qinggan_90` CHANGE `project_id` `project_id` MEDIUMINT UNSIGNED NOT NULL DEFAULT ''0'' COMMENT ''项目ID''', 'http://localhost/phpok/admin.php?c=module&f=field_addok&mid=90', 1507271354, 'admin', 'module', 'field_addok', 1, 0, '::1', 'http://localhost/phpok/admin.php?c=module&f=field_create&mid=90', 0, '6em95qed5djri7knjig6l316m0'),
(662, 'ALTER TABLE `qinggan_90` ADD `demo` VARCHAR(255) NOT NULL DEFAULT '''' COMMENT ''测试''', 'http://localhost/phpok/admin.php?c=module&f=field_addok&mid=90', 1507271548, 'admin', 'module', 'field_addok', 1, 0, '::1', 'http://localhost/phpok/admin.php?c=module&f=field_create&mid=90', 0, '6em95qed5djri7knjig6l316m0'),
(663, '模块删除成功', 'http://localhost/phpok/admin.php?c=module&f=delete&id=90&_=1507281056439', 1507281059, 'admin', 'module', 'delete', 1, 0, '::1', 'http://localhost/phpok/admin.php?c=module&menu_id=8&_noCache=0.5579771440874327', 0, '6em95qed5djri7knjig6l316m0'),
(664, 'ALTER TABLE `qinggan_list_91` ADD `site_id` MEDIUMINT UNSIGNED NOT NULL DEFAULT ''0'' COMMENT ''网站ID''', 'http://localhost/phpok/admin.php?c=module&f=save', 1507282707, 'admin', 'module', 'save', 1, 0, '::1', 'http://localhost/phpok/admin.php?c=module&f=set', 0, '6em95qed5djri7knjig6l316m0'),
(665, 'ALTER TABLE `qinggan_list_91` ADD `project_id` MEDIUMINT UNSIGNED NOT NULL DEFAULT ''0'' COMMENT ''项目ID''', 'http://localhost/phpok/admin.php?c=module&f=save', 1507282707, 'admin', 'module', 'save', 1, 0, '::1', 'http://localhost/phpok/admin.php?c=module&f=set', 0, '6em95qed5djri7knjig6l316m0'),
(666, 'ALTER TABLE `qinggan_list_91` ADD `cate_id` MEDIUMINT UNSIGNED NOT NULL DEFAULT ''0'' COMMENT ''主分类ID''', 'http://localhost/phpok/admin.php?c=module&f=save', 1507282707, 'admin', 'module', 'save', 1, 0, '::1', 'http://localhost/phpok/admin.php?c=module&f=set', 0, '6em95qed5djri7knjig6l316m0'),
(667, '管理员登录成功', 'http://localhost/phpok/admin.php?c=login&f=ok', 1507349997, 'admin', 'login', 'ok', 1, 0, '::1', 'http://localhost/phpok/admin.php?c=login&_noCache=0.1507349992', 0, 'cvt253qa8845p04rsboobtfg47'),
(668, 'ALTER TABLE `qinggan_92` ADD `site_id` MEDIUMINT UNSIGNED NOT NULL DEFAULT ''0'' COMMENT ''网站ID''', 'http://localhost/phpok/admin.php?c=module&f=save', 1507350019, 'admin', 'module', 'save', 1, 0, '::1', 'http://localhost/phpok/admin.php?c=module&f=set', 0, 'cvt253qa8845p04rsboobtfg47'),
(669, 'ALTER TABLE `qinggan_92` ADD `project_id` MEDIUMINT UNSIGNED NOT NULL DEFAULT ''0'' COMMENT ''项目ID''', 'http://localhost/phpok/admin.php?c=module&f=save', 1507350019, 'admin', 'module', 'save', 1, 0, '::1', 'http://localhost/phpok/admin.php?c=module&f=set', 0, 'cvt253qa8845p04rsboobtfg47'),
(670, 'ALTER TABLE `qinggan_92` ADD `address` VARCHAR(255) NOT NULL DEFAULT '''' COMMENT ''联系地址''', 'http://localhost/phpok/admin.php?c=module&f=field_add&id=92&fid=address&_=1507350023727', 1507350025, 'admin', 'module', 'field_add', 1, 0, '::1', 'http://localhost/phpok/admin.php?c=module&f=fields&id=92&_noCache=0.1507350020', 0, 'cvt253qa8845p04rsboobtfg47'),
(671, 'ALTER TABLE `qinggan_92` CHANGE `address` `address` VARCHAR(255) NOT NULL DEFAULT '''' COMMENT ''联系地址''', 'http://localhost/phpok/admin.php?c=module&f=field_add&id=92&fid=cert&_=1507350025953', 1507350027, 'admin', 'module', 'field_add', 1, 0, '::1', 'http://localhost/phpok/admin.php?c=module&f=fields&id=92&_noCache=0.1507350020', 0, 'cvt253qa8845p04rsboobtfg47'),
(672, 'ALTER TABLE `qinggan_92` ADD `cert` VARCHAR(255) NOT NULL DEFAULT '''' COMMENT ''备案号''', 'http://localhost/phpok/admin.php?c=module&f=field_add&id=92&fid=cert&_=1507350025953', 1507350027, 'admin', 'module', 'field_add', 1, 0, '::1', 'http://localhost/phpok/admin.php?c=module&f=fields&id=92&_noCache=0.1507350020', 0, 'cvt253qa8845p04rsboobtfg47'),
(673, '插件卸载成功', 'http://localhost/phpok/admin.php?c=plugin&f=uninstall&id=sqldiff&_=1507356006881', 1507356016, 'admin', 'plugin', 'uninstall', 1, 0, '::1', 'http://localhost/phpok/admin.php?c=plugin&menu_id=16&_noCache=0.4961211813471471', 0, 'cvt253qa8845p04rsboobtfg47'),
(674, '插件卸载成功', 'http://localhost/phpok/admin.php?c=plugin&f=uninstall&id=vote&_=1507356073920', 1507356080, 'admin', 'plugin', 'uninstall', 1, 0, '::1', 'http://localhost/phpok/admin.php?c=plugin&menu_id=16&_noCache=0.9615620698835138', 0, 'cvt253qa8845p04rsboobtfg47'),
(675, '标识串不能为空', 'http://localhost/phpok/admin.php?c=project&f=save&_noCache=0.1507356516', 1507356528, 'admin', 'project', 'save', 1, 0, '::1', 'http://localhost/phpok/admin.php?c=project&f=set&_noCache=0.1507356513', 0, 'cvt253qa8845p04rsboobtfg47'),
(676, 'test-independence', 'http://localhost/phpok/api.php?c=plugin&id=identifier&exec=fanyi&q=%E6%B5%8B%E8%AF%95%E7%8B%AC%E7%AB%8B&_noCache=0.16578607922395783&_=1507356516572', 1507356531, 'api', 'plugin', 'index', 0, 0, '::1', 'http://localhost/phpok/admin.php?c=project&f=set&_noCache=0.1507356513', 0, 'cvt253qa8845p04rsboobtfg47'),
(677, '您已成功登录', 'http://localhost/phpok/admin.php?c=login&_noCache=0.1507349992', 1507358276, 'admin', 'login', 'index', 1, 0, '::1', '', 0, 'cvt253qa8845p04rsboobtfg47'),
(678, '未指定项目ID', 'http://localhost/phpok/admin.php?c=list&f=single_save', 1507365857, 'admin', 'list', 'single_save', 1, 0, '::1', 'http://localhost/phpok/admin.php?c=list&f=edit2&pid=397&_noCache=0.1507364309', 0, 'cvt253qa8845p04rsboobtfg47'),
(679, '保存数据失败，请检查', 'http://localhost/phpok/admin.php?c=list&f=single_save', 1507365880, 'admin', 'list', 'single_save', 1, 0, '::1', 'http://localhost/phpok/admin.php?c=list&f=edit2&pid=397&_noCache=0.1507364309', 0, 'cvt253qa8845p04rsboobtfg47'),
(680, '管理员登录成功', 'http://localhost/phpok/admin.php?c=login&f=ok', 1507543589, 'admin', 'login', 'ok', 1, 0, '::1', 'http://localhost/phpok/admin.php?c=login&_noCache=0.1507543584', 0, '16kkvfank8mtb8naipqk1149s7'),
(681, 'csdl', 'http://localhost/phpok/api.php?c=plugin&f=index&id=identifier&exec=py&title=%E6%B5%8B%E8%AF%95%E7%8B%AC%E7%AB%8B&_noCache=0.5171545339448558&_=1507544293228', 1507544301, 'api', 'plugin', 'index', 0, 0, '::1', 'http://localhost/phpok/admin.php?c=call&f=set&_noCache=0.1507544286', 0, '16kkvfank8mtb8naipqk1149s7'),
(682, 'ce-shi-du-li', 'http://localhost/phpok/api.php?c=plugin&f=index&id=identifier&exec=pingyin&title=%E6%B5%8B%E8%AF%95%E7%8B%AC%E7%AB%8B&_noCache=0.1230421684813211&_=1507544293229', 1507544302, 'api', 'plugin', 'index', 0, 0, '::1', 'http://localhost/phpok/admin.php?c=call&f=set&_noCache=0.1507544286', 0, '16kkvfank8mtb8naipqk1149s7'),
(683, '无分类', 'http://localhost/phpok/admin.php?c=call&f=cate_list&id=397&_=1507544293231', 1507544307, 'admin', 'call', 'cate_list', 1, 0, '::1', 'http://localhost/phpok/admin.php?c=call&f=set&_noCache=0.1507544286', 0, '16kkvfank8mtb8naipqk1149s7'),
(684, '无分类', 'http://localhost/phpok/admin.php?c=call&f=cate_list&id=397&_=1507544823117', 1507544835, 'admin', 'call', 'cate_list', 1, 0, '::1', 'http://localhost/phpok/admin.php?c=call&f=set&_noCache=0.1507544286', 0, '16kkvfank8mtb8naipqk1149s7'),
(685, '管理员登录成功', 'http://localhost/phpok/admin.php?c=login&f=ok', 1507866143, 'admin', 'login', 'ok', 1, 0, '::1', 'http://localhost/phpok/admin.php?c=login&_noCache=0.1507866135', 0, 'tn8vuo5sk2t4cs6au5etmigke2'),
(686, '管理员登录成功', 'http://localhost/phpok/admin.php?c=login&f=ok', 1507876882, 'admin', 'login', 'ok', 1, 0, '::1', 'http://localhost/phpok/admin.php?c=login&_noCache=0.1507876877', 0, 'u1qs9tgfjkagjj2i6j4dn28pt0'),
(687, '无分类', 'http://localhost/phpok/admin.php?c=call&f=cate_list&id=397&_=1507876912897', 1507876921, 'admin', 'call', 'cate_list', 1, 0, '::1', 'http://localhost/phpok/admin.php?c=call&f=set&_noCache=0.1507876908', 0, 'u1qs9tgfjkagjj2i6j4dn28pt0'),
(688, '无分类', 'http://localhost/phpok/admin.php?c=call&f=cate_list&id=397&_=1507876912899', 1507877186, 'admin', 'call', 'cate_list', 1, 0, '::1', 'http://localhost/phpok/admin.php?c=call&f=set&_noCache=0.1507876908', 0, 'u1qs9tgfjkagjj2i6j4dn28pt0'),
(689, '管理员登录成功', 'http://localhost/phpok/admin.php?c=login&f=ok', 1508225305, 'admin', 'login', 'ok', 1, 0, '::1', 'http://localhost/phpok/admin.php?c=login&_noCache=0.1508225301', 0, 'of0o326nvpuuqdc43pe9sj6o10'),
(690, '项目添加/更新成功', 'http://localhost/phpok/admin.php?c=system&f=save&_noCache=0.1508236817', 1508236941, 'admin', 'system', 'save', 1, 0, '::1', 'http://localhost/phpok/admin.php?c=system&f=set&pid=5&_noCache=0.1508236810', 0, 'of0o326nvpuuqdc43pe9sj6o10'),
(691, '数据排序更新成功', 'http://localhost/phpok/admin.php?c=system&f=taxis&taxis%5B92%5D=80&_=1508236943328', 1508236953, 'admin', 'system', 'taxis', 1, 0, '::1', 'http://localhost/phpok/admin.php?c=system&_noCache=0.610803', 0, 'of0o326nvpuuqdc43pe9sj6o10'),
(692, '管理员登录成功', 'http://localhost/phpok/admin.php?c=login&f=ok', 1508331758, 'admin', 'login', 'ok', 1, 0, '::1', 'http://localhost/phpok/admin.php?c=login&_noCache=0.1508331753', 0, '3h9nrrcuobs4d655781ag714d3'),
(693, '管理员登录成功', 'http://localhost/phpok/admin.php?c=login&f=ok', 1508393202, 'admin', 'login', 'ok', 1, 0, '::1', 'http://localhost/phpok/admin.php?c=login&_noCache=0.1508393198', 0, 't6f10152p7v7vblnjnngd8a7a6'),
(694, '会员组信息添加/存储成功', 'http://localhost/phpok/admin.php?c=usergroup&f=setok&_noCache=0.1508398769', 1508398788, 'admin', 'usergroup', 'setok', 1, 0, '::1', 'http://localhost/phpok/admin.php?c=usergroup&f=set&_noCache=0.1508398766', 0, 't6f10152p7v7vblnjnngd8a7a6'),
(695, '验证通过', 'http://localhost/phpok/admin.php?c=user&f=chk&id=30&user=Xiangkun+Su&_=1508398796724', 1508398800, 'admin', 'user', 'chk', 1, 0, '::1', 'http://localhost/phpok/admin.php?c=user&f=set&id=30&_noCache=0.1508398758', 0, 't6f10152p7v7vblnjnngd8a7a6'),
(696, '会员编辑成功', 'http://localhost/phpok/admin.php?c=user&f=setok&_noCache=0.1508398796', 1508398800, 'admin', 'user', 'setok', 1, 0, '::1', 'http://localhost/phpok/admin.php?c=user&f=set&id=30&_noCache=0.1508398758', 0, 't6f10152p7v7vblnjnngd8a7a6'),
(697, '管理员登录成功', 'http://localhost/phpok/admin.php?c=login&f=ok', 1508557897, 'admin', 'login', 'ok', 1, 0, '::1', 'http://localhost/phpok/admin.php?c=login&_noCache=0.1508557891', 0, '64blvh4bmim2jltkn1ton3djs7'),
(698, '3288.00元', 'http://localhost/phpok/api.php?c=cart&f=price_format&price=3288.0000&_noCache=0.47301239301108555&_=1508736925692', 1508736928, 'api', 'cart', 'price_format', 0, 0, '::1', 'http://localhost/phpok/index.php?id=1763', 0, 'qoedjr82b36gvspqeilpef45g1'),
(699, '1', 'http://localhost/phpok/api.php?c=cart&f=total&_noCache=0.494556617414703&_=1508736925695', 1508736930, 'api', 'cart', 'total', 0, 0, '::1', 'http://localhost/phpok/index.php?id=1763', 0, 'qoedjr82b36gvspqeilpef45g1');
INSERT INTO `qinggan_log` (`id`, `note`, `url`, `dateline`, `app_id`, `ctrl`, `func`, `admin_id`, `user_id`, `ip`, `referer`, `mask`, `session_id`) VALUES
(700, '会员登录成功', 'http://localhost/phpok/index.php?c=login&f=ok&_noCache=0.1508736962', 1508736969, 'www', 'login', 'ok', 0, 23, '::1', 'http://localhost/phpok/index.php?c=login&_noCache=0.1508736949', 0, 'qoedjr82b36gvspqeilpef45g1'),
(701, '评论内容不能为空', 'http://localhost/phpok/api.php?c=comment&f=save&id=222081&_noCache=0.4510333560421437', 1508737001, 'api', 'comment', 'save', 0, 23, '::1', 'http://localhost/phpok/index.php?id=222081', 0, 'qoedjr82b36gvspqeilpef45g1'),
(702, '会员&lt;span class=&quot;red&quot;&gt; admin &lt;/span&gt;成功退出', 'http://localhost/phpok/index.php?c=logout', 1508737053, 'www', 'logout', 'index', 0, 0, '::1', 'http://localhost/phpok/index.php', 0, 'qoedjr82b36gvspqeilpef45g1');

-- --------------------------------------------------------

--
-- 表的结构 `qinggan_module`
--

CREATE TABLE IF NOT EXISTS `qinggan_module` (
  `id` mediumint(8) unsigned NOT NULL AUTO_INCREMENT COMMENT '自增ID号',
  `title` varchar(255) NOT NULL COMMENT '模块名称',
  `status` tinyint(1) unsigned NOT NULL DEFAULT '0' COMMENT '0不使用1使用',
  `taxis` tinyint(3) unsigned NOT NULL DEFAULT '255' COMMENT '模块排序',
  `note` varchar(255) NOT NULL COMMENT '模块说明',
  `layout` text NOT NULL COMMENT '布局',
  `mtype` tinyint(1) unsigned NOT NULL DEFAULT '0' COMMENT '0联合模块，1独立模块',
  PRIMARY KEY (`id`)
) ENGINE=MyISAM  DEFAULT CHARSET=utf8 COMMENT='模块管理，每创建一个模块自动创建一个表' AUTO_INCREMENT=93 ;

--
-- 转存表中的数据 `qinggan_module`
--

INSERT INTO `qinggan_module` (`id`, `title`, `status`, `taxis`, `note`, `layout`, `mtype`) VALUES
(21, '图片轮播', 1, 20, '适用于图片播放器，图片友情链接', 'pic,link,target', 0),
(22, '文章资讯', 1, 10, '适用于新闻，文章之类', 'hits,dateline,thumb', 0),
(23, '自定义链接', 1, 30, '适用于导航，页脚文本导航，文字友情链接', 'link,target', 0),
(24, '产品', 1, 40, '适用于电子商务中产品展示模型', 'hits,dateline,m_title,thumb', 0),
(40, '单页信息', 1, 60, '适用于公司简介，联系我们', 'hits,dateline', 0),
(46, '留言模块', 1, 90, '', 'dateline,fullname,email,content', 0),
(61, '友情链接', 1, 100, '适用于导航，页脚文本导航，文字友情链接', 'link,target,tel', 0),
(64, '客服', 1, 110, '', 'qq', 0),
(65, '资源下载', 1, 70, '', 'hits,dateline,fsize,version,author,website,thumb', 0),
(66, '论坛BBS', 1, 50, '', 'hits,dateline,user_id', 0),
(68, '图集相册', 1, 80, '', 'hits,dateline,thumb', 0),
(69, '产品参考数据', 1, 120, '', 'hits,dateline', 0),
(74, '注册审核模块', 1, 130, '用户实现会员自动审核验证', 'dateline,account', 0),
(75, '银行汇款', 1, 140, '', 'dateline,user_id,bankname,fullname,mobile,bankprice', 0),
(87, '阿里云视频库', 1, 145, '', 'dateline,user_id,videoid,longtime', 0),
(92, '测试独立模块', 1, 150, '', 'address,cert', 1);

-- --------------------------------------------------------

--
-- 表的结构 `qinggan_module_fields`
--

CREATE TABLE IF NOT EXISTS `qinggan_module_fields` (
  `id` mediumint(8) unsigned NOT NULL AUTO_INCREMENT COMMENT '字段ID，自增',
  `module_id` mediumint(8) unsigned NOT NULL DEFAULT '0' COMMENT '模块ID',
  `title` varchar(255) NOT NULL COMMENT '字段名称',
  `identifier` varchar(50) NOT NULL COMMENT '字段标识串',
  `field_type` varchar(255) NOT NULL DEFAULT '200' COMMENT '字段存储类型',
  `note` varchar(255) NOT NULL COMMENT '字段内容备注',
  `form_type` varchar(100) NOT NULL COMMENT '表单类型',
  `form_style` varchar(255) NOT NULL COMMENT '表单CSS',
  `format` varchar(100) NOT NULL COMMENT '格式化方式',
  `content` varchar(255) NOT NULL COMMENT '默认值',
  `taxis` tinyint(3) unsigned NOT NULL DEFAULT '255' COMMENT '排序',
  `ext` text NOT NULL COMMENT '扩展内容',
  `is_front` tinyint(1) unsigned NOT NULL DEFAULT '0' COMMENT '0前端不可用1前端可用',
  `search` tinyint(1) NOT NULL DEFAULT '0' COMMENT '0不支持搜索1完全匹配搜索2模糊匹配搜索3区间搜索',
  `search_separator` varchar(10) NOT NULL COMMENT '分割符，仅限区间搜索时有效',
  PRIMARY KEY (`id`),
  KEY `module_id` (`module_id`)
) ENGINE=MyISAM  DEFAULT CHARSET=utf8 COMMENT='字段管理器' AUTO_INCREMENT=378 ;

--
-- 转存表中的数据 `qinggan_module_fields`
--

INSERT INTO `qinggan_module_fields` (`id`, `module_id`, `title`, `identifier`, `field_type`, `note`, `form_type`, `form_style`, `format`, `content`, `taxis`, `ext`, `is_front`, `search`, `search_separator`) VALUES
(92, 21, '链接', 'link', 'longtext', '', 'text', '', 'safe', '', 90, 'a:2:{s:8:"form_btn";s:3:"url";s:5:"width";s:3:"500";}', 0, 0, ''),
(82, 22, '缩略图', 'thumb', 'varchar', '', 'upload', '', 'safe', '', 10, 'a:8:{s:7:"cate_id";s:1:"1";s:11:"cate_custom";s:1:"1";s:11:"is_multiple";s:1:"0";s:11:"upload_type";s:11:"png,jpg,gif";s:11:"upload_name";s:6:"图片";s:13:"upload_binary";s:1:"0";s:15:"upload_compress";s:1:"0";s:18:"upload_compress_wh";s:3:"500";}', 0, 0, ''),
(83, 22, '内容', 'content', 'longtext', '', 'editor', '', 'html_js', '', 30, 'a:8:{s:5:"width";s:3:"950";s:6:"height";s:3:"360";s:7:"is_code";s:0:"";s:7:"is_read";s:0:"";s:5:"etype";s:4:"full";s:7:"inc_tag";s:1:"1";s:10:"paste_text";s:0:"";s:4:"btns";a:9:{s:5:"image";s:1:"1";s:4:"info";s:1:"1";s:5:"video";s:1:"1";s:4:"file";s:1:"1";s:4:"page";s:1:"1";s:10:"insertcode";s:1:"1";s:9:"paragraph";s:1:"1";s:8:"fontsize";s:1:"1";s:10:"fontfamily";s:1:"1";}}', 0, 0, ''),
(84, 23, '链接', 'link', 'longtext', '设置导航链接', 'url', '', 'safe', '', 90, 'a:1:{s:5:"width";s:3:"500";}', 0, 0, ''),
(85, 23, '链接方式', 'target', 'varchar', '设置是否在新窗口打开', 'radio', '', 'safe', '_self', 100, 'a:1:{s:11:"option_list";s:5:"opt:6";}', 0, 0, ''),
(88, 24, '图片', 'pictures', 'varchar', '设置产品的图片，支持多图，上传规格为500x500', 'upload', '', 'safe', '', 50, 'a:3:{s:7:"cate_id";s:1:"1";s:11:"is_multiple";s:1:"1";s:11:"upload_auto";s:1:"1";}', 0, 0, ''),
(93, 21, '链接方式', 'target', 'varchar', '设置是否在新窗口打开', 'radio', '', 'safe', '_blank', 100, 'a:3:{s:11:"option_list";s:5:"opt:6";s:9:"put_order";s:1:"0";s:10:"ext_select";b:0;}', 0, 0, ''),
(131, 40, '内容', 'content', 'longtext', '', 'editor', '', 'html_js', '', 255, 'a:7:{s:5:"width";s:3:"800";s:6:"height";s:3:"360";s:7:"is_code";s:0:"";s:7:"is_read";s:0:"";s:7:"inc_tag";s:0:"";s:10:"paste_text";s:0:"";s:4:"btns";a:6:{s:5:"image";s:1:"1";s:4:"info";s:1:"1";s:10:"insertcode";s:1:"1";s:9:"paragraph";s:1:"1";s:8:"fontsize";s:1:"1";s:10:"fontfamily";s:1:"1";}}', 0, 0, ''),
(141, 46, '姓名', 'fullname', 'varchar', '', 'text', '', 'safe', '', 10, 'a:4:{s:8:"form_btn";b:0;s:5:"width";s:3:"300";s:15:"ext_quick_words";b:0;s:14:"ext_quick_type";b:0;}', 1, 0, ''),
(142, 46, '邮箱', 'email', 'varchar', '', 'text', '', 'safe', '', 130, 'a:4:{s:8:"form_btn";b:0;s:5:"width";s:3:"300";s:15:"ext_quick_words";b:0;s:14:"ext_quick_type";b:0;}', 1, 0, ''),
(143, 46, '内容', 'content', 'longtext', '', 'textarea', '', 'safe', '', 200, 'a:2:{s:5:"width";s:3:"300";s:6:"height";s:3:"180";}', 1, 0, ''),
(144, 46, '管理员回复', 'adm_reply', 'longtext', '', 'editor', '', 'html_js', '', 255, 'a:7:{s:5:"width";s:3:"800";s:6:"height";s:3:"100";s:7:"is_code";s:0:"";s:7:"is_read";s:0:"";s:7:"inc_tag";s:0:"";s:10:"paste_text";s:0:"";s:4:"btns";a:3:{s:5:"image";s:1:"1";s:9:"paragraph";s:1:"1";s:8:"fontsize";s:1:"1";}}', 0, 0, ''),
(200, 21, '图片', 'pic', 'varchar', '统一宽度为980，高度自定义，建议统一高度300', 'upload', '', 'safe', '', 20, 'a:3:{s:7:"cate_id";s:1:"1";s:11:"is_multiple";s:1:"0";s:11:"upload_auto";s:1:"1";}', 0, 0, ''),
(177, 22, '摘要', 'note', 'longtext', '简要文字描述', 'textarea', '', 'safe', '', 20, 'a:2:{s:5:"width";s:3:"800";s:6:"height";s:2:"80";}', 0, 2, ''),
(204, 61, '链接方式', 'target', 'varchar', '设置是否在新窗口打开', 'radio', '', 'safe', '_self', 100, 'a:3:{s:11:"option_list";s:5:"opt:6";s:9:"put_order";s:1:"0";s:10:"ext_select";s:0:"";}', 0, 0, ''),
(203, 61, '链接', 'link', 'longtext', '填写链接要求带上http://', 'text', '', 'safe', '', 90, 'a:4:{s:8:"form_btn";s:0:"";s:5:"width";s:3:"280";s:15:"ext_quick_words";s:0:"";s:14:"ext_quick_type";s:0:"";}', 1, 0, ''),
(268, 65, '附件', 'dfile', 'varchar', '', 'upload', '', 'safe', '', 60, 'a:8:{s:7:"cate_id";s:2:"11";s:11:"cate_custom";s:1:"0";s:11:"is_multiple";s:1:"0";s:11:"upload_type";s:7:"rar,zip";s:11:"upload_name";s:12:"压缩软件";s:13:"upload_binary";s:1:"0";s:15:"upload_compress";s:1:"0";s:18:"upload_compress_wh";s:3:"500";}', 0, 0, ''),
(221, 65, '摘要', 'note', 'longtext', '简要描述下载信息', 'textarea', '', 'safe', '', 120, 'a:2:{s:5:"width";s:3:"600";s:6:"height";s:2:"80";}', 0, 0, ''),
(222, 65, '文件大小', 'fsize', 'varchar', '设置文件大小，注意填写相应的单位，如KB，MB', 'text', '', 'safe', '', 10, 'a:2:{s:8:"form_btn";b:0;s:5:"width";s:3:"300";}', 0, 0, ''),
(226, 65, '版本', 'version', 'varchar', '设置软件版本号', 'text', '', 'safe', '', 15, 'a:2:{s:8:"form_btn";b:0;s:5:"width";s:3:"100";}', 0, 0, ''),
(227, 65, '官方网站', 'website', 'varchar', '请输入软件官方网址，没有请留空，需要加 http://', 'text', '', 'safe', 'http://', 30, 'a:4:{s:8:"form_btn";b:0;s:5:"width";s:3:"300";s:15:"ext_quick_words";b:0;s:14:"ext_quick_type";b:0;}', 0, 0, ''),
(224, 65, '内容', 'content', 'longtext', '', 'editor', '', 'html', '', 255, 'a:7:{s:5:"width";s:3:"800";s:6:"height";s:3:"360";s:7:"is_code";s:0:"";s:7:"is_read";s:0:"";s:7:"inc_tag";s:0:"";s:10:"paste_text";s:0:"";s:4:"btns";a:3:{s:5:"image";s:1:"1";s:9:"paragraph";s:1:"1";s:8:"fontsize";s:1:"1";}}', 0, 0, ''),
(228, 65, '适用平台', 'platform', 'varchar', '请填写该软件适用在哪个平台下运行', 'text', '', 'safe', '', 40, 'a:4:{s:8:"form_btn";b:0;s:5:"width";s:3:"500";s:15:"ext_quick_words";s:93:"WinXPWin2003WinVistaWin7Win8Win2008Win2012CentOSRedHatUbuntuFreeBSDOS";s:14:"ext_quick_type";s:1:"/";}', 0, 0, ''),
(229, 65, '开发语言及数据库', 'devlang', 'varchar', '设置该软件的开发语言及数据库', 'text', '', 'safe', '', 50, 'a:4:{s:8:"form_btn";b:0;s:5:"width";s:3:"300";s:15:"ext_quick_words";s:108:"PHPASPJSPPerlHTMLJSMySQLAccessSQLiteOracleC++C#VBDephiJavaPythonRuby其他";s:14:"ext_quick_type";s:1:"/";}', 0, 0, ''),
(230, 65, '开发商', 'author', 'varchar', '设置开发商名称', 'text', '', 'safe', '', 20, 'a:4:{s:8:"form_btn";b:0;s:5:"width";s:3:"300";s:15:"ext_quick_words";b:0;s:14:"ext_quick_type";b:0;}', 0, 0, ''),
(231, 65, '缩略图', 'thumb', 'varchar', '设置附件缩略图，宽高为420x420', 'upload', '', 'safe', '', 110, 'a:8:{s:7:"cate_id";s:1:"1";s:11:"cate_custom";s:1:"0";s:11:"is_multiple";s:1:"0";s:11:"upload_type";s:11:"png,jpg,gif";s:11:"upload_name";s:6:"图片";s:13:"upload_binary";s:1:"1";s:15:"upload_compress";s:1:"0";s:18:"upload_compress_wh";s:3:"500";}', 0, 0, ''),
(232, 65, '授权协议', 'copyright', 'varchar', '针对这个软件设置相应的授权协议', 'radio', '', 'safe', '免费版', 70, 'a:3:{s:11:"option_list";b:0;s:9:"put_order";s:1:"0";s:10:"ext_select";s:97:"免费版共享版试用版商业版开源软件GPLLGPLApache License其他授权";}', 0, 0, ''),
(233, 66, '内容', 'content', 'longtext', '', 'editor', '', 'html', '', 255, 'a:7:{s:5:"width";s:3:"800";s:6:"height";s:3:"360";s:7:"is_code";s:0:"";s:7:"is_read";s:0:"";s:7:"inc_tag";s:0:"";s:10:"paste_text";s:0:"";s:4:"btns";a:4:{s:5:"image";s:1:"1";s:9:"paragraph";s:1:"1";s:8:"fontsize";s:1:"1";s:10:"fontfamily";s:1:"1";}}', 1, 0, ''),
(234, 66, '置顶', 'toplevel', 'varchar', '', 'radio', '', 'int', '', 10, 'a:3:{s:11:"option_list";s:6:"opt:12";s:9:"put_order";s:1:"0";s:10:"ext_select";b:0;}', 0, 0, ''),
(238, 66, '缩略图', 'thumb', 'varchar', '', 'upload', '', 'safe', '', 30, 'a:3:{s:7:"cate_id";s:1:"1";s:11:"is_multiple";s:1:"0";s:11:"upload_auto";s:1:"1";}', 1, 0, ''),
(239, 68, '缩略图', 'thumb', 'varchar', '请上传300x300规格的图片，文件大小建议不超过100KB', 'upload', '', 'safe', '', 30, 'a:3:{s:7:"cate_id";s:1:"1";s:11:"is_multiple";s:1:"0";s:11:"upload_auto";s:1:"1";}', 0, 0, ''),
(240, 68, '图片', 'pictures', 'varchar', '支持多图，建议上传500x500或600x600规格的图片', 'upload', '', 'safe', '', 50, 'a:3:{s:7:"cate_id";s:1:"1";s:11:"is_multiple";s:1:"1";s:11:"upload_auto";s:1:"1";}', 0, 0, ''),
(244, 61, '联系人电话', 'tel', 'varchar', '填写联系人电话', 'text', '', 'safe', '', 110, 'a:4:{s:8:"form_btn";s:0:"";s:5:"width";s:3:"280";s:15:"ext_quick_words";s:0:"";s:14:"ext_quick_type";s:0:"";}', 1, 0, ''),
(248, 69, '产品多属性', 'attrs', 'longtext', '', 'param', '', 'safe', '', 20, 'a:3:{s:6:"p_name";s:0:"";s:6:"p_type";s:1:"1";s:7:"p_width";s:0:"";}', 0, 0, ''),
(267, 68, '内容', 'content', 'longtext', '', 'editor', '', 'html', '', 255, 'a:7:{s:5:"width";s:3:"950";s:6:"height";s:3:"360";s:7:"is_code";s:0:"";s:7:"is_read";s:0:"";s:7:"inc_tag";s:0:"";s:10:"paste_text";s:0:"";s:4:"btns";a:3:{s:5:"image";s:1:"1";s:9:"paragraph";s:1:"1";s:8:"fontsize";s:1:"1";}}', 0, 0, ''),
(269, 46, '图片', 'pic', 'varchar', '', 'upload', '', 'safe', '', 180, 'a:8:{s:7:"cate_id";s:1:"1";s:11:"cate_custom";s:1:"0";s:11:"is_multiple";s:1:"1";s:11:"upload_type";s:11:"png,jpg,gif";s:11:"upload_name";s:6:"图片";s:13:"upload_binary";s:1:"0";s:15:"upload_compress";s:1:"1";s:18:"upload_compress_wh";s:3:"500";}', 1, 0, ''),
(270, 64, '客服QQ', 'qq', 'varchar', '', 'text', '', 'safe', '', 150, 'a:2:{s:8:"form_btn";b:0;s:5:"width";s:3:"300";}', 0, 0, ''),
(288, 24, '缩略图', 'thumb', 'varchar', '', 'upload', '', 'safe', '', 20, 'a:3:{s:7:"cate_id";s:1:"1";s:11:"is_multiple";s:1:"0";s:11:"upload_auto";s:1:"1";}', 0, 0, ''),
(293, 24, '内容', 'content', 'longtext', '', 'editor', '', 'html', '', 80, 'a:8:{s:5:"width";s:3:"950";s:6:"height";s:3:"360";s:7:"is_code";s:0:"";s:7:"is_read";s:0:"";s:5:"etype";s:4:"full";s:7:"inc_tag";s:0:"";s:10:"paste_text";s:0:"";s:4:"btns";a:4:{s:5:"image";s:1:"1";s:9:"paragraph";s:1:"1";s:8:"fontsize";s:1:"1";s:10:"fontfamily";s:1:"1";}}', 0, 0, ''),
(294, 24, '手机版标题', 'm_title', 'varchar', '标题较短，请根据实际情况使用', 'text', '', 'safe', '', 10, 'a:4:{s:8:"form_btn";s:0:"";s:5:"width";s:3:"500";s:15:"ext_quick_words";s:0:"";s:14:"ext_quick_type";s:0:"";}', 0, 0, ''),
(296, 74, '会员账号', 'account', 'varchar', '验证会员模块的账号', 'text', '', 'safe', '', 10, 'a:4:{s:8:"form_btn";s:0:"";s:5:"width";s:3:"500";s:15:"ext_quick_words";s:0:"";s:14:"ext_quick_type";s:0:"";}', 1, 0, ''),
(297, 75, '姓名', 'fullname', 'varchar', '请填写汇款人的姓名', 'text', '', 'safe', '', 10, 'a:4:{s:8:"form_btn";s:0:"";s:5:"width";s:3:"300";s:15:"ext_quick_words";s:0:"";s:14:"ext_quick_type";s:0:"";}', 1, 0, ''),
(298, 75, '手机号', 'mobile', 'varchar', '请填写汇款人的手机号', 'text', '', 'safe', '', 20, 'a:4:{s:8:"form_btn";s:0:"";s:5:"width";s:3:"300";s:15:"ext_quick_words";s:0:"";s:14:"ext_quick_type";s:0:"";}', 1, 0, ''),
(299, 75, '汇款金额', 'bankprice', 'varchar', '请填写您汇款的金额，建议多汇几分，以示区别', 'text', '', 'safe', '', 30, 'a:4:{s:8:"form_btn";s:0:"";s:5:"width";s:3:"300";s:15:"ext_quick_words";s:0:"";s:14:"ext_quick_type";s:0:"";}', 1, 0, ''),
(300, 75, '摘要', 'note', 'longtext', '填写您的备注或汇款银行上的备注信息', 'textarea', '', 'safe', '', 40, 'a:2:{s:5:"width";s:3:"600";s:6:"height";s:2:"80";}', 1, 0, ''),
(301, 75, '汇款银行', 'bankname', 'varchar', '请填写您汇款的银行', 'text', '', 'safe', '', 5, 'a:4:{s:8:"form_btn";s:0:"";s:5:"width";s:3:"300";s:15:"ext_quick_words";s:0:"";s:14:"ext_quick_type";s:0:"";}', 1, 0, ''),
(368, 87, '自定义视频缩略图', 'thumb', 'varchar', '请指定视频缩略图地址，留空将读取阿里云视频里的缩略图', 'text', '', 'safe', '', 5, 'a:4:{s:8:"form_btn";s:5:"image";s:5:"width";s:3:"500";s:15:"ext_quick_words";s:0:"";s:14:"ext_quick_type";s:0:"";}', 0, 0, ''),
(369, 87, '摘要', 'note', 'longtext', '请填写视频摘要，不超过80字，不支持HTML', 'textarea', '', 'safe', '', 10, 'a:2:{s:5:"width";s:3:"800";s:6:"height";s:3:"200";}', 0, 0, ''),
(370, 87, '播放时长', 'longtime', 'varchar', '请填写视频能播放多少秒（单位是秒），留空从阿里云视频库中获取', 'text', '', 'safe', '', 25, 'a:4:{s:8:"form_btn";s:0:"";s:5:"width";s:0:"";s:15:"ext_quick_words";s:0:"";s:14:"ext_quick_type";s:0:"";}', 0, 0, ''),
(371, 87, '阿里云视频ID', 'videoid', 'varchar', '请填写阿里云的视频ID，手动上传后会自动传进来', 'text', '', 'safe', '', 20, 'a:4:{s:8:"form_btn";s:0:"";s:5:"width";s:3:"500";s:15:"ext_quick_words";s:0:"";s:14:"ext_quick_type";s:0:"";}', 0, 0, ''),
(376, 92, '联系地址', 'address', 'varchar', '', 'text', '', 'safe', '', 5, 'a:4:{s:8:"form_btn";s:0:"";s:5:"width";s:3:"500";s:15:"ext_quick_words";s:0:"";s:14:"ext_quick_type";s:0:"";}', 0, 0, ''),
(377, 92, '备案号', 'cert', 'varchar', '', 'text', '', 'safe', '', 10, 'a:4:{s:8:"form_btn";s:0:"";s:5:"width";s:3:"300";s:15:"ext_quick_words";s:0:"";s:14:"ext_quick_type";s:0:"";}', 0, 0, '');

-- --------------------------------------------------------

--
-- 表的结构 `qinggan_opt`
--

CREATE TABLE IF NOT EXISTS `qinggan_opt` (
  `id` int(10) unsigned NOT NULL AUTO_INCREMENT COMMENT '自增ID号',
  `group_id` mediumint(8) unsigned NOT NULL DEFAULT '0' COMMENT '组ID',
  `parent_id` mediumint(8) unsigned NOT NULL DEFAULT '0' COMMENT '父级ID',
  `title` varchar(255) NOT NULL COMMENT '名称',
  `val` varchar(255) NOT NULL COMMENT '值',
  `taxis` int(10) unsigned NOT NULL DEFAULT '255' COMMENT '排序，值越小越往前靠',
  PRIMARY KEY (`id`),
  KEY `group_id` (`group_id`)
) ENGINE=MyISAM  DEFAULT CHARSET=utf8 COMMENT='表单列表选项' AUTO_INCREMENT=15129 ;

--
-- 转存表中的数据 `qinggan_opt`
--

INSERT INTO `qinggan_opt` (`id`, `group_id`, `parent_id`, `title`, `val`, `taxis`) VALUES
(1, 1, 0, '未设置', '0', 30),
(2, 1, 0, '男', '1', 10),
(17, 4, 0, '是', '1', 10),
(18, 4, 0, '否', '', 20),
(21, 6, 0, '当前窗口', '_self', 10),
(22, 6, 0, '新窗口', '_blank', 20),
(23, 7, 0, '启用', '1', 10),
(24, 7, 0, '禁用', '', 20),
(25, 8, 0, 'UTF-8', 'utf8', 20),
(26, 8, 0, 'GBK', 'gbk', 10),
(62, 12, 0, '不置顶', '', 10),
(63, 12, 0, '一级置顶', '1', 20),
(64, 12, 0, '二级置顶', '2', 30),
(65, 13, 0, '三分钟', '180', 10),
(66, 14, 0, '点击推事件', 'click', 10),
(67, 14, 0, '跳转链接', 'view', 20),
(14480, 19, 14472, '彝良县', '彝良县', 40),
(14479, 19, 14472, '盐津县', '盐津县', 35),
(14478, 19, 14472, '大关县', '大关县', 30),
(14477, 19, 14472, '永善县', '永善县', 25),
(14476, 19, 14472, '镇雄县', '镇雄县', 20),
(14475, 19, 14472, '昭阳区', '昭阳区', 15),
(14474, 19, 14472, '绥江县', '绥江县', 10),
(14473, 19, 14472, '鲁甸县', '鲁甸县', 5),
(14472, 19, 14436, '昭通市', '昭通市', 20),
(14471, 19, 14462, '峨山县', '峨山县', 45),
(14470, 19, 14462, '新平县', '新平县', 40),
(14469, 19, 14462, '元江县', '元江县', 35),
(14468, 19, 14462, '江川县', '江川县', 30),
(14467, 19, 14462, '通海县', '通海县', 25),
(14466, 19, 14462, '易门县', '易门县', 20),
(14465, 19, 14462, '澄江县', '澄江县', 15),
(14464, 19, 14462, '华宁县', '华宁县', 10),
(14463, 19, 14462, '红塔区', '红塔区', 5),
(14462, 19, 14436, '玉溪市', '玉溪市', 15),
(14461, 19, 14452, '沾益县', '沾益县', 45),
(14460, 19, 14452, '罗平县', '罗平县', 40),
(14459, 19, 14452, '师宗县', '师宗县', 35),
(14458, 19, 14452, '陆良县', '陆良县', 30),
(14457, 19, 14452, '会泽县', '会泽县', 25),
(14456, 19, 14452, '富源县', '富源县', 20),
(14455, 19, 14452, '宣威市', '宣威市', 15),
(14454, 19, 14452, '马龙县', '马龙县', 10),
(14453, 19, 14452, '麒麟区', '麒麟区', 5),
(14452, 19, 14436, '曲靖市', '曲靖市', 10),
(14451, 19, 14437, '寻甸县', '寻甸县', 70),
(14450, 19, 14437, '石林县', '石林县', 65),
(14449, 19, 14437, '禄劝县', '禄劝县', 60),
(14448, 19, 14437, '宜良县', '宜良县', 55),
(14447, 19, 14437, '晋宁县', '晋宁县', 50),
(14446, 19, 14437, '嵩明县', '嵩明县', 45),
(14445, 19, 14437, '富民县', '富民县', 40),
(14444, 19, 14437, '安宁市', '安宁市', 35),
(14443, 19, 14437, '东川区', '东川区', 30),
(14442, 19, 14437, '呈贡区', '呈贡区', 25),
(14441, 19, 14437, '官渡区', '官渡区', 20),
(14440, 19, 14437, '西山区', '西山区', 15),
(14439, 19, 14437, '五华区', '五华区', 10),
(14438, 19, 14437, '盘龙区', '盘龙区', 5),
(14437, 19, 14436, '昆明市', '昆明市', 5),
(14436, 19, 0, '云南省', '云南省', 125),
(14435, 19, 14423, '三都县', '三都县', 60),
(14434, 19, 14423, '独山县', '独山县', 55),
(14433, 19, 14423, '长顺县', '长顺县', 50),
(14432, 19, 14423, '平塘县', '平塘县', 45),
(14431, 19, 14423, '龙里县', '龙里县', 40),
(14430, 19, 14423, '荔波县', '荔波县', 35),
(14429, 19, 14423, '瓮安县', '瓮安县', 30),
(14428, 19, 14423, '罗甸县', '罗甸县', 25),
(14427, 19, 14423, '惠水县', '惠水县', 20),
(14426, 19, 14423, '贵定县', '贵定县', 15),
(14425, 19, 14423, '福泉市', '福泉市', 10),
(14424, 19, 14423, '都匀市', '都匀市', 5),
(14423, 19, 14337, '黔南州', '黔南州', 45),
(14422, 19, 14406, '丹寨县', '丹寨县', 80),
(14421, 19, 14406, '岑巩县', '岑巩县', 75),
(14420, 19, 14406, '黎平县', '黎平县', 70),
(14419, 19, 14406, '雷山县', '雷山县', 65),
(14418, 19, 14406, '三穗县', '三穗县', 60),
(14417, 19, 14406, '剑河县', '剑河县', 55),
(14416, 19, 14406, '榕江县', '榕江县', 50),
(14415, 19, 14406, '黄平县', '黄平县', 45),
(14414, 19, 14406, '天柱县', '天柱县', 40),
(14413, 19, 14406, '台江县', '台江县', 35),
(14412, 19, 14406, '麻江县', '麻江县', 30),
(14411, 19, 14406, '镇远县', '镇远县', 25),
(14410, 19, 14406, '锦屏县', '锦屏县', 20),
(14409, 19, 14406, '从江县', '从江县', 15),
(14408, 19, 14406, '施秉市', '施秉市', 10),
(14407, 19, 14406, '凯里市', '凯里市', 5),
(14406, 19, 14337, '黔东南州', '黔东南州', 40),
(14405, 19, 14397, '安龙县', '安龙县', 40),
(14404, 19, 14397, '贞丰县', '贞丰县', 35),
(14403, 19, 14397, '晴隆县', '晴隆县', 30),
(14402, 19, 14397, '册亨县', '册亨县', 25),
(14401, 19, 14397, '普安县', '普安县', 20),
(14400, 19, 14397, '兴仁县', '兴仁县', 15),
(14399, 19, 14397, '望谟县', '望谟县', 10),
(14398, 19, 14397, '兴义市', '兴义市', 5),
(14397, 19, 14337, '黔西南州', '黔西南州', 35),
(14396, 19, 14390, '紫云苗族布依族自治县', '紫云苗族布依族自治县', 30),
(14395, 19, 14390, '关岭布依族苗族自治县', '关岭布依族苗族自治县', 25),
(14394, 19, 14390, '镇宁布依族苗族自治县', '镇宁布依族苗族自治县', 20),
(14393, 19, 14390, '平坝县', '平坝县', 15),
(14392, 19, 14390, '普定县', '普定县', 10),
(14391, 19, 14390, '西秀区', '西秀区', 5),
(14390, 19, 14337, '安顺市', '安顺市', 30),
(14389, 19, 14381, '威宁彝族回族苗族自治县', '威宁彝族回族苗族自治县', 40),
(14388, 19, 14381, '纳雍县', '纳雍县', 35),
(14387, 19, 14381, '赫章县', '赫章县', 30),
(14386, 19, 14381, '金沙县', '金沙县', 25),
(14385, 19, 14381, '织金县', '织金县', 20),
(14384, 19, 14381, '大方县', '大方县', 15),
(14383, 19, 14381, '黔西县', '黔西县', 10),
(14382, 19, 14381, '七星关区', '七星关区', 5),
(14381, 19, 14337, '毕节市', '毕节市', 25),
(14380, 19, 14370, '沿河土家族自治县', '沿河土家族自治县', 50),
(14379, 19, 14370, '印江土家族苗族自治县', '印江土家族苗族自治县', 45),
(14378, 19, 14370, '松桃苗族自治县', '松桃苗族自治县', 40),
(14377, 19, 14370, '玉屏侗族自治县', '玉屏侗族自治县', 35),
(14376, 19, 14370, '石阡县', '石阡县', 30),
(14375, 19, 14370, '万山区', '万山区', 25),
(14374, 19, 14370, '思南县', '思南县', 20),
(14373, 19, 14370, '江口县', '江口县', 15),
(14372, 19, 14370, '德江县', '德江县', 10),
(14371, 19, 14370, '碧江区', '碧江区', 5),
(14370, 19, 14337, '铜仁市', '铜仁市', 20),
(14369, 19, 14355, '务川县', '务川县', 70),
(14368, 19, 14355, '道真县', '道真县', 65),
(14367, 19, 14355, '余庆县', '余庆县', 60),
(14366, 19, 14355, '湄潭县', '湄潭县', 55),
(14365, 19, 14355, '正安县', '正安县', 50),
(14364, 19, 14355, '凤冈县', '凤冈县', 45),
(14363, 19, 14355, '习水县', '习水县', 40),
(14362, 19, 14355, '绥阳县', '绥阳县', 35),
(14361, 19, 14355, '桐梓县', '桐梓县', 30),
(14360, 19, 14355, '遵义县', '遵义县', 25),
(14359, 19, 14355, '仁怀市', '仁怀市', 20),
(14358, 19, 14355, '赤水市', '赤水市', 15),
(14357, 19, 14355, '汇川区', '汇川区', 10),
(14356, 19, 14355, '红花岗区', '红花岗区', 5),
(14355, 19, 14337, '遵义市', '遵义市', 15),
(14354, 19, 14350, '钟山区', '钟山区', 20),
(14353, 19, 14350, '水城县', '水城县', 15),
(14352, 19, 14350, '六枝特区', '六枝特区', 10),
(14351, 19, 14350, '盘县', '盘县', 5),
(14350, 19, 14337, '六盘水市', '六盘水市', 10),
(14349, 19, 14338, '观山湖区', '观山湖区', 55),
(14348, 19, 14338, '乌当区', '乌当区', 50),
(14347, 19, 14338, '息烽县', '息烽县', 45),
(14346, 19, 14338, '修文县', '修文县', 40),
(14345, 19, 14338, '开阳县', '开阳县', 35),
(14344, 19, 14338, '清镇市', '清镇市', 30),
(14343, 19, 14338, '白云区', '白云区', 25),
(14342, 19, 14338, '小河区', '小河区', 20),
(14341, 19, 14338, '花溪区', '花溪区', 15),
(14340, 19, 14338, '云岩区', '云岩区', 10),
(14339, 19, 14338, '南明区', '南明区', 5),
(14338, 19, 14337, '贵阳市', '贵阳市', 5),
(14337, 19, 0, '贵州省', '贵州省', 120),
(14336, 19, 14333, '南沙群岛', '南沙群岛', 15),
(14335, 19, 14333, '西沙群岛', '西沙群岛', 10),
(14334, 19, 14333, '中沙群岛', '中沙群岛', 5),
(14333, 19, 14042, '三沙市', '三沙市', 95),
(14332, 19, 14315, '城区', '城区', 85),
(14331, 19, 14315, '莺歌海镇', '莺歌海镇', 80),
(14330, 19, 14315, '尖峰镇', '尖峰镇', 75),
(14329, 19, 14315, '佛罗镇', '佛罗镇', 70),
(14328, 19, 14315, '黄流镇', '黄流镇', 65),
(14327, 19, 14315, '利国镇', '利国镇', 60),
(14326, 19, 14315, '九所镇', '九所镇', 55),
(14325, 19, 14315, '千家镇', '千家镇', 50),
(14324, 19, 14315, '志仲镇', '志仲镇', 45),
(14323, 19, 14315, '大安镇', '大安镇', 40),
(14322, 19, 14315, '万冲镇', '万冲镇', 35),
(14321, 19, 14315, '保国农场', '保国农场', 30),
(14320, 19, 14315, '抱由镇', '抱由镇', 25),
(14319, 19, 14315, '乐光农场', '乐光农场', 20),
(14318, 19, 14315, '山荣农场', '山荣农场', 15),
(14317, 19, 14315, '莺歌海盐场', '莺歌海盐场', 10),
(14316, 19, 14315, '尖峰岭林业公司', '尖峰岭林业公司', 5),
(14315, 19, 14042, '乐东县', '乐东县', 90),
(14314, 19, 14301, '毛感乡', '毛感乡', 65),
(14313, 19, 14301, '南林乡', '南林乡', 60),
(14312, 19, 14301, '六弓乡', '六弓乡', 55),
(14311, 19, 14301, '三道镇', '三道镇', 50),
(14310, 19, 14301, '新政镇', '新政镇', 45),
(14309, 19, 14301, '响水镇', '响水镇', 40),
(14308, 19, 14301, '加茂镇', '加茂镇', 35),
(14307, 19, 14301, '什玲镇', '什玲镇', 30),
(14306, 19, 14301, '保城镇', '保城镇', 25),
(14305, 19, 14301, '三道农场', '三道农场', 20),
(14304, 19, 14301, '金江农场', '金江农场', 15),
(14303, 19, 14301, '新星农场', '新星农场', 10),
(14302, 19, 14301, '保亭研究所', '保亭研究所', 5),
(14301, 19, 14042, '保亭县', '保亭县', 85),
(14300, 19, 14285, '城区', '城区', 75),
(14299, 19, 14285, '群英乡', '群英乡', 70),
(14298, 19, 14285, '提蒙乡', '提蒙乡', 65),
(14297, 19, 14285, '黎安镇', '黎安镇', 60),
(14296, 19, 14285, '新村镇', '新村镇', 55),
(14295, 19, 14285, '本号镇', '本号镇', 50),
(14294, 19, 14285, '文罗镇', '文罗镇', 45),
(14293, 19, 14285, '隆广镇', '隆广镇', 40),
(14292, 19, 14285, '英州镇', '英州镇', 35),
(14291, 19, 14285, '三才镇', '三才镇', 30),
(14290, 19, 14285, '光坡镇', '光坡镇', 25),
(14289, 19, 14285, '椰林镇', '椰林镇', 20),
(14288, 19, 14285, '南平农场', '南平农场', 15),
(14287, 19, 14285, '岭门农场', '岭门农场', 10),
(14286, 19, 14285, '吊罗山林业公司', '吊罗山林业公司', 5),
(14285, 19, 14042, '陵水县', '陵水县', 80),
(14284, 19, 14268, '城区', '城区', 80),
(14283, 19, 14268, '什运乡', '什运乡', 75),
(14282, 19, 14268, '上安乡', '上安乡', 70),
(14281, 19, 14268, '中平镇', '中平镇', 65),
(14280, 19, 14268, '红毛镇', '红毛镇', 60),
(14279, 19, 14268, '长征镇', '长征镇', 55),
(14278, 19, 14268, '和平镇', '和平镇', 50),
(14277, 19, 14268, '黎母山镇', '黎母山镇', 45),
(14276, 19, 14268, '湾岭镇', '湾岭镇', 40),
(14275, 19, 14268, '营根镇', '营根镇', 35),
(14274, 19, 14268, '长征农场', '长征农场', 30),
(14273, 19, 14268, '加钗农场', '加钗农场', 25),
(14272, 19, 14268, '乌石农场', '乌石农场', 20),
(14271, 19, 14268, '阳江农场', '阳江农场', 15),
(14270, 19, 14268, '黎母山林业公司', '黎母山林业公司', 10),
(14269, 19, 14268, '吊罗山乡', '吊罗山乡', 5),
(14268, 19, 14042, '琼中县', '琼中县', 75),
(14267, 19, 14252, '元门乡', '元门乡', 75),
(14266, 19, 14252, '细水乡', '细水乡', 70),
(14265, 19, 14252, '打安镇', '打安镇', 65),
(14264, 19, 14252, '邦溪镇', '邦溪镇', 60),
(14263, 19, 14252, '邦溪农场', '邦溪农场', 55),
(14262, 19, 14252, '七坊镇', '七坊镇', 50),
(14261, 19, 14252, '龙江农场', '龙江农场', 45),
(14260, 19, 14252, '牙叉镇', '牙叉镇', 40),
(14259, 19, 14252, '白沙农场', '白沙农场', 35),
(14258, 19, 14252, '城区', '城区', 30),
(14257, 19, 14252, '荣邦乡', '荣邦乡', 25),
(14256, 19, 14252, '金波乡', '金波乡', 20),
(14255, 19, 14252, '青松乡', '青松乡', 15),
(14254, 19, 14252, '阜龙乡', '阜龙乡', 10),
(14253, 19, 14252, '南开乡', '南开乡', 5),
(14252, 19, 14042, '白沙县', '白沙县', 70),
(14251, 19, 14239, '霸王岭林场', '霸王岭林场', 60),
(14250, 19, 14239, '海南矿业公司', '海南矿业公司', 55),
(14249, 19, 14239, '王下乡', '王下乡', 50),
(14248, 19, 14239, '七叉镇', '七叉镇', 45),
(14247, 19, 14239, '海尾镇', '海尾镇', 40),
(14246, 19, 14239, '昌化镇', '昌化镇', 35),
(14245, 19, 14239, '乌烈镇', '乌烈镇', 30),
(14244, 19, 14239, '十月田镇', '十月田镇', 25),
(14243, 19, 14239, '叉河镇', '叉河镇', 20),
(14242, 19, 14239, '石碌镇', '石碌镇', 15),
(14241, 19, 14239, '城区', '城区', 10),
(14238, 19, 14227, '西昌镇', '西昌镇', 55),
(14239, 19, 14042, '昌江县', '昌江县', 65),
(14240, 19, 14239, '红林农场', '红林农场', 5),
(14237, 19, 14227, '中坤农场', '中坤农场', 50),
(14236, 19, 14227, '坡心镇', '坡心镇', 45),
(14235, 19, 14227, '中建农场', '中建农场', 40),
(14234, 19, 14227, '南坤镇', '南坤镇', 35),
(14233, 19, 14227, '南吕镇', '南吕镇', 30),
(14232, 19, 14227, '乌坡镇', '乌坡镇', 25),
(14230, 19, 14227, '新兴镇', '新兴镇', 15),
(14231, 19, 14227, '枫木镇', '枫木镇', 20),
(14229, 19, 14227, '屯城镇', '屯城镇', 10),
(14227, 19, 14042, '屯昌县', '屯昌县', 60),
(14228, 19, 14227, '县城内', '县城内', 5),
(14226, 19, 14212, '南海农场', '南海农场', 70),
(14225, 19, 14212, '中瑞农场', '中瑞农场', 65),
(14224, 19, 14212, '金鸡岭农场', '金鸡岭农场', 60),
(14221, 19, 14212, '岭口镇', '岭口镇', 45),
(14222, 19, 14212, '翰林镇', '翰林镇', 50),
(14223, 19, 14212, '富文镇', '富文镇', 55),
(14220, 19, 14212, '龙河镇', '龙河镇', 40),
(14219, 19, 14212, '龙门镇', '龙门镇', 35),
(14218, 19, 14212, '雷鸣镇', '雷鸣镇', 30),
(14216, 19, 14212, '新竹镇', '新竹镇', 20),
(14217, 19, 14212, '龙湖镇', '龙湖镇', 25),
(14215, 19, 14212, '定城镇', '定城镇', 15),
(14214, 19, 14212, '城区', '城区', 10),
(14212, 19, 14042, '定安县', '定安县', 55),
(14213, 19, 14212, '黄竹镇', '黄竹镇', 5),
(14211, 19, 14196, '金安农场', '金安农场', 75),
(14210, 19, 14196, '西达农场', '西达农场', 70),
(14209, 19, 14196, '红光农场', '红光农场', 65),
(14208, 19, 14196, '大丰镇', '大丰镇', 60),
(14207, 19, 14196, '桥头镇', '桥头镇', 55),
(14206, 19, 14196, '福山镇', '福山镇', 50),
(14205, 19, 14196, '仁兴镇', '仁兴镇', 45),
(14204, 19, 14196, '中兴镇', '中兴镇', 40),
(14203, 19, 14196, '文儒镇', '文儒镇', 35),
(14202, 19, 14196, '加乐镇', '加乐镇', 30),
(14201, 19, 14196, '永发镇', '永发镇', 25),
(14200, 19, 14196, '瑞溪镇', '瑞溪镇', 20),
(14199, 19, 14196, '老城镇', '老城镇', 15),
(14198, 19, 14196, '金江镇', '金江镇', 10),
(14197, 19, 14196, '城区', '城区', 5),
(14196, 19, 14042, '澄迈县', '澄迈县', 50),
(14195, 19, 14181, '加来农场', '加来农场', 70),
(14194, 19, 14181, '红华农场', '红华农场', 65),
(14193, 19, 14181, '加来镇', '加来镇', 60),
(14192, 19, 14181, '调楼镇', '调楼镇', 55),
(14191, 19, 14181, '新盈镇', '新盈镇', 50),
(14190, 19, 14181, '南宝镇', '南宝镇', 45),
(14189, 19, 14181, '和舍镇', '和舍镇', 40),
(14188, 19, 14181, '多文镇', '多文镇', 35),
(14187, 19, 14181, '皇桐镇', '皇桐镇', 30),
(14186, 19, 14181, '博厚镇', '博厚镇', 25),
(14185, 19, 14181, '东英镇', '东英镇', 20),
(14184, 19, 14181, '波莲镇', '波莲镇', 15),
(14183, 19, 14181, '临城镇', '临城镇', 10),
(14182, 19, 14181, '城区', '城区', 5),
(14181, 19, 14042, '临高县', '临高县', 45),
(14180, 19, 14172, '畅好农场', '畅好农场', 40),
(14179, 19, 14172, '水满乡', '水满乡', 35),
(14178, 19, 14172, '毛道乡', '毛道乡', 30),
(14177, 19, 14172, '畅好乡', '畅好乡', 25),
(14176, 19, 14172, '番阳镇', '番阳镇', 20),
(14175, 19, 14172, '毛阳镇', '毛阳镇', 15),
(14174, 19, 14172, '南圣镇', '南圣镇', 10),
(14173, 19, 14172, '通什镇', '通什镇', 5),
(14172, 19, 14042, '五指山市', '五指山市', 40),
(14171, 19, 14142, '橡胶研究所', '橡胶研究所', 145),
(14170, 19, 14142, '罗豆农场', '罗豆农场', 140),
(14169, 19, 14142, '南阳农场', '南阳农场', 135),
(14168, 19, 14142, '东路农场', '东路农场', 130),
(14167, 19, 14142, '湖山乡', '湖山乡', 125),
(14166, 19, 14142, '龙马乡', '龙马乡', 120),
(14165, 19, 14142, '宝芳乡', '宝芳乡', 115),
(14164, 19, 14142, '头苑镇', '头苑镇', 110),
(14163, 19, 14142, '新桥镇', '新桥镇', 105),
(14162, 19, 14142, '南阳镇', '南阳镇', 100),
(14161, 19, 14142, '清谰镇', '清谰镇', 95),
(14160, 19, 14142, '迈号镇', '迈号镇', 90),
(14159, 19, 14142, '公坡镇', '公坡镇', 85),
(14158, 19, 14142, '铺前镇', '铺前镇', 80),
(14157, 19, 14142, '锦山镇', '锦山镇', 75),
(14156, 19, 14142, '冯坡镇', '冯坡镇', 70),
(14155, 19, 14142, '抱罗镇', '抱罗镇', 65),
(14154, 19, 14142, '翁田镇', '翁田镇', 60),
(14153, 19, 14142, '昌洒镇', '昌洒镇', 55),
(14152, 19, 14142, '龙楼镇', '龙楼镇', 50),
(14151, 19, 14142, '东郊镇', '东郊镇', 45),
(14150, 19, 14142, '文教镇', '文教镇', 40),
(14149, 19, 14142, '东阁镇', '东阁镇', 35),
(14148, 19, 14142, '潭牛镇', '潭牛镇', 30),
(14147, 19, 14142, '东路镇', '东路镇', 25),
(14146, 19, 14142, '会文镇', '会文镇', 20),
(14145, 19, 14142, '蓬莱镇', '蓬莱镇', 15),
(14144, 19, 14142, '重兴镇', '重兴镇', 10),
(14143, 19, 14142, '文城镇', '文城镇', 5),
(14142, 19, 14042, '文昌市', '文昌市', 35),
(14141, 19, 14128, '南滨农场', '南滨农场', 65),
(14140, 19, 14128, '立才农场', '立才农场', 60),
(14139, 19, 14128, '南岛农场', '南岛农场', 55),
(14138, 19, 14128, '南新农场', '南新农场', 50),
(14137, 19, 14128, '南田农场', '南田农场', 45),
(14136, 19, 14128, '河东区', '河东区', 40),
(14135, 19, 14128, '河西区', '河西区', 35),
(14134, 19, 14128, '育才镇', '育才镇', 30),
(14133, 19, 14128, '天涯镇', '天涯镇', 25),
(14132, 19, 14128, '凤凰镇', '凤凰镇', 20),
(14131, 19, 14128, '吉阳镇', '吉阳镇', 15),
(14130, 19, 14128, '海棠湾镇', '海棠湾镇', 10),
(14129, 19, 14128, '崖城镇', '崖城镇', 5),
(14128, 19, 14042, '三亚市', '三亚市', 30),
(14127, 19, 14115, '东方华侨农场', '东方华侨农场', 60),
(14126, 19, 14115, '广坝农场', '广坝农场', 55),
(14125, 19, 14115, '江边乡', '江边乡', 50),
(14124, 19, 14115, '天安乡', '天安乡', 45),
(14123, 19, 14115, '新龙镇', '新龙镇', 40),
(14122, 19, 14115, '四更镇', '四更镇', 35),
(14121, 19, 14115, '三家镇', '三家镇', 30),
(14120, 19, 14115, '板桥镇', '板桥镇', 25),
(14119, 19, 14115, '感城镇', '感城镇', 20),
(14118, 19, 14115, '大田镇', '大田镇', 15),
(14117, 19, 14115, '东河镇', '东河镇', 10),
(14116, 19, 14115, '八所镇', '八所镇', 5),
(14115, 19, 14042, '东方市', '东方市', 25),
(14114, 19, 14097, '兴隆华侨农场', '兴隆华侨农场', 85),
(14113, 19, 14097, '新中农场', '新中农场', 80),
(14112, 19, 14097, '东和农场', '东和农场', 75),
(14111, 19, 14097, '东兴农场', '东兴农场', 70),
(14110, 19, 14097, '六连林场', '六连林场', 65),
(14109, 19, 14097, '三更罗镇', '三更罗镇', 60),
(14108, 19, 14097, '南桥镇', '南桥镇', 55),
(14107, 19, 14097, '北大镇', '北大镇', 50),
(14106, 19, 14097, '山根镇', '山根镇', 45),
(14105, 19, 14097, '长丰镇', '长丰镇', 40),
(14104, 19, 14097, '礼纪镇', '礼纪镇', 35),
(14103, 19, 14097, '东澳镇', '东澳镇', 30),
(14102, 19, 14097, '大茂镇', '大茂镇', 25),
(14101, 19, 14097, '后安镇', '后安镇', 20),
(14100, 19, 14097, '和乐镇', '和乐镇', 15),
(14099, 19, 14097, '龙滚镇', '龙滚镇', 10),
(14098, 19, 14097, '万城镇', '万城镇', 5),
(14097, 19, 14042, '万宁市', '万宁市', 20),
(14096, 19, 14079, '南俸农场', '南俸农场', 85),
(14095, 19, 14079, '东升农场', '东升农场', 80),
(14094, 19, 14079, '东红农场', '东红农场', 75),
(14093, 19, 14079, '东太农场', '东太农场', 70),
(14092, 19, 14079, '彬村山华侨农场', '彬村山华侨农场', 65),
(14091, 19, 14079, '会山镇', '会山镇', 60),
(14090, 19, 14079, '大路镇', '大路镇', 55),
(14089, 19, 14079, '长坡镇', '长坡镇', 50),
(14088, 19, 14079, '塔洋镇', '塔洋镇', 45),
(14087, 19, 14079, '潭门镇', '潭门镇', 40),
(14086, 19, 14079, '龙江镇', '龙江镇', 35),
(14085, 19, 14079, '阳江镇', '阳江镇', 30),
(14084, 19, 14079, '博鳌镇', '博鳌镇', 25),
(14083, 19, 14079, '中原镇', '中原镇', 20),
(14082, 19, 14079, '石壁镇', '石壁镇', 15),
(14081, 19, 14079, '万泉镇', '万泉镇', 10),
(14080, 19, 14079, '嘉积镇', '嘉积镇', 5),
(14079, 19, 14042, '琼海市', '琼海市', 15),
(14078, 19, 14048, '红岭农场', '红岭农场', 150),
(14077, 19, 14048, '龙山农场', '龙山农场', 145),
(14076, 19, 14048, '新盈农场', '新盈农场', 140),
(14075, 19, 14048, '西流农场', '西流农场', 135),
(14074, 19, 14048, '西庆农场', '西庆农场', 130),
(14073, 19, 14048, '西华农场', '西华农场', 125),
(14072, 19, 14048, '八一农场', '八一农场', 120),
(14071, 19, 14048, '蓝洋农场', '蓝洋农场', 115),
(14070, 19, 14048, '西联农场', '西联农场', 110),
(14069, 19, 14048, '西培农场', '西培农场', 105),
(14068, 19, 14048, '洋浦经济开发区', '洋浦经济开发区', 100),
(14067, 19, 14048, '新州镇', '新州镇', 95),
(14066, 19, 14048, '东成镇', '东成镇', 90),
(14065, 19, 14048, '排浦镇', '排浦镇', 85),
(14064, 19, 14048, '中和镇', '中和镇', 80),
(14063, 19, 14048, '白马井镇', '白马井镇', 75),
(14062, 19, 14048, '王五镇', '王五镇', 70),
(14061, 19, 14048, '三都镇', '三都镇', 65),
(14060, 19, 14048, '峨蔓镇', '峨蔓镇', 60),
(14059, 19, 14048, '海头镇', '海头镇', 55),
(14058, 19, 14048, '木棠镇', '木棠镇', 50),
(14057, 19, 14048, '光村镇', '光村镇', 45),
(14056, 19, 14048, '兰洋镇', '兰洋镇', 40),
(14055, 19, 14048, '雅星镇', '雅星镇', 35),
(14054, 19, 14048, '大成镇', '大成镇', 30),
(14053, 19, 14048, '南丰镇', '南丰镇', 25),
(14052, 19, 14048, '和庆镇', '和庆镇', 20),
(14051, 19, 14048, '富克镇', '富克镇', 15),
(14050, 19, 14048, '那大镇', '那大镇', 10),
(14049, 19, 14048, '热作学院', '热作学院', 5),
(14048, 19, 14042, '儋州市', '儋州市', 10),
(14047, 19, 14043, '美兰区', '美兰区', 20),
(14046, 19, 14043, '琼山区', '琼山区', 15),
(14045, 19, 14043, '龙华区', '龙华区', 10),
(14044, 19, 14043, '秀英区', '秀英区', 5),
(14043, 19, 14042, '海口市', '海口市', 5),
(14042, 19, 0, '海南省', '海南省', 115),
(14041, 19, 14024, '西昌市', '西昌市', 85),
(14040, 19, 14024, '木里县', '木里县', 80),
(14039, 19, 14024, '甘洛县', '甘洛县', 75),
(14038, 19, 14024, '喜德县', '喜德县', 70),
(14037, 19, 14024, '越西县', '越西县', 65),
(14036, 19, 14024, '雷波县', '雷波县', 60),
(14035, 19, 14024, '布拖县', '布拖县', 55),
(14034, 19, 14024, '金阳县', '金阳县', 50),
(14033, 19, 14024, '盐源县', '盐源县', 45),
(14032, 19, 14024, '冕宁县', '冕宁县', 40),
(14031, 19, 14024, '德昌县', '德昌县', 35),
(14030, 19, 14024, '宁南县', '宁南县', 30),
(14029, 19, 14024, '普格县', '普格县', 25),
(14028, 19, 14024, '会东县', '会东县', 20),
(14027, 19, 14024, '会理县', '会理县', 15),
(14026, 19, 14024, '昭觉县', '昭觉县', 10),
(14025, 19, 14024, '美姑县', '美姑县', 5),
(14024, 19, 13833, '凉山州', '凉山州', 105),
(14023, 19, 14005, '得荣县', '得荣县', 90),
(14022, 19, 14005, '乡城县', '乡城县', 85),
(14021, 19, 14005, '稻城县', '稻城县', 80),
(14020, 19, 14005, '巴塘县', '巴塘县', 75),
(14019, 19, 14005, '理塘县', '理塘县', 70),
(14018, 19, 14005, '雅江县', '雅江县', 65),
(14017, 19, 14005, '石渠县', '石渠县', 60),
(14016, 19, 14005, '德格县', '德格县', 55),
(14015, 19, 14005, '白玉县', '白玉县', 50),
(14014, 19, 14005, '新龙县', '新龙县', 45),
(14013, 19, 14005, '甘孜县', '甘孜县', 40),
(14012, 19, 14005, '色达县', '色达县', 35),
(14011, 19, 14005, '炉霍县', '炉霍县', 30),
(14010, 19, 14005, '道孚县', '道孚县', 25),
(14009, 19, 14005, '丹巴县', '丹巴县', 20),
(14008, 19, 14005, '九龙县', '九龙县', 15),
(14007, 19, 14005, '泸定县', '泸定县', 10),
(14006, 19, 14005, '康定县', '康定县', 5),
(14005, 19, 13833, '甘孜州', '甘孜州', 100),
(14004, 19, 13991, '汶川县', '汶川县', 65),
(14003, 19, 13991, '茂县', '茂县', 60),
(14002, 19, 13991, '壤塘县', '壤塘县', 55),
(14001, 19, 13991, '松潘县', '松潘县', 50),
(14000, 19, 13991, '黑水县', '黑水县', 45),
(13999, 19, 13991, '小金县', '小金县', 40),
(13998, 19, 13991, '金川县', '金川县', 35),
(13997, 19, 13991, '若尔盖县', '若尔盖县', 30),
(13996, 19, 13991, '理县', '理县', 25),
(13995, 19, 13991, '阿坝县', '阿坝县', 20),
(13994, 19, 13991, '红原县', '红原县', 15),
(13993, 19, 13991, '九寨沟县', '九寨沟县', 10),
(13992, 19, 13991, '马尔康县', '马尔康县', 5),
(13991, 19, 13833, '阿坝州', '阿坝州', 95),
(13990, 19, 13986, '简阳市', '简阳市', 20),
(13989, 19, 13986, '乐至县', '乐至县', 15),
(13988, 19, 13986, '安岳县', '安岳县', 10),
(13987, 19, 13986, '雁江区', '雁江区', 5),
(13986, 19, 13833, '资阳市', '资阳市', 90),
(13985, 19, 13979, '东坡区', '东坡区', 30),
(13984, 19, 13979, '青神县', '青神县', 25),
(13983, 19, 13979, '丹棱县', '丹棱县', 20),
(13982, 19, 13979, '洪雅县', '洪雅县', 15),
(13981, 19, 13979, '彭山县', '彭山县', 10),
(13980, 19, 13979, '仁寿县', '仁寿县', 5),
(13979, 19, 13833, '眉山市', '眉山市', 85),
(13978, 19, 13970, '雨城区', '雨城区', 40),
(13977, 19, 13970, '宝兴县', '宝兴县', 35),
(13976, 19, 13970, '汉源县', '汉源县', 30),
(13975, 19, 13970, '荥经县', '荥经县', 25),
(13974, 19, 13970, '天全县', '天全县', 20),
(13973, 19, 13970, '名山区', '名山区', 15),
(13972, 19, 13970, '石棉县', '石棉县', 10),
(13971, 19, 13970, '芦山县', '芦山县', 5),
(13970, 19, 13833, '雅安市', '雅安市', 80),
(13969, 19, 13964, '通江县', '通江县', 25),
(13968, 19, 13964, '平昌县', '平昌县', 20),
(13967, 19, 13964, '南江县', '南江县', 15),
(13966, 19, 13964, '恩阳区', '恩阳区', 10),
(13965, 19, 13964, '巴州区', '巴州区', 5),
(13964, 19, 13833, '巴中市', '巴中市', 75),
(13963, 19, 13956, '开江县', '开江县', 35),
(13962, 19, 13956, '宣汉县', '宣汉县', 30),
(13961, 19, 13956, '万源市', '万源市', 25),
(13960, 19, 13956, '渠县', '渠县', 20),
(13959, 19, 13956, '大竹县', '大竹县', 15),
(13958, 19, 13956, '达县', '达县', 10),
(13957, 19, 13956, '通川区', '通川区', 5),
(13956, 19, 13833, '达州市', '达州市', 70),
(13955, 19, 13946, '营山县', '营山县', 45),
(13954, 19, 13946, '蓬安县', '蓬安县', 40),
(13953, 19, 13946, '仪陇县', '仪陇县', 35),
(13952, 19, 13946, '南部县', '南部县', 30),
(13951, 19, 13946, '阆中市', '阆中市', 25),
(13950, 19, 13946, '西充县', '西充县', 20),
(13949, 19, 13946, '嘉陵区', '嘉陵区', 15),
(13948, 19, 13946, '高坪区', '高坪区', 10),
(13947, 19, 13946, '顺庆区', '顺庆区', 5),
(13946, 19, 13833, '南充市', '南充市', 65),
(13945, 19, 13939, '华蓥市', '华蓥市', 30),
(13944, 19, 13939, '广安区', '广安区', 25),
(13943, 19, 13939, '邻水县', '邻水县', 20),
(13942, 19, 13939, '武胜县', '武胜县', 15),
(13941, 19, 13939, '岳池县', '岳池县', 10),
(13940, 19, 13939, '前锋区', '前锋区', 5),
(13939, 19, 13833, '广安市', '广安市', 60),
(13938, 19, 13928, '筠连县', '筠连县', 50),
(13937, 19, 13928, '屏山县', '屏山县', 45),
(13936, 19, 13928, '高县', '高县', 40),
(13935, 19, 13928, '翠屏区', '翠屏区', 35),
(13934, 19, 13928, '珙县', '珙县', 30),
(13933, 19, 13928, '兴文县', '兴文县', 25),
(13932, 19, 13928, '长宁县', '长宁县', 20),
(13931, 19, 13928, '江安县', '江安县', 15),
(13930, 19, 13928, '南溪区', '南溪区', 10),
(13929, 19, 13928, '宜宾县', '宜宾县', 5),
(13928, 19, 13833, '宜宾市', '宜宾市', 55),
(13927, 19, 13916, '马边县', '马边县', 55),
(13926, 19, 13916, '峨边县', '峨边县', 50),
(13925, 19, 13916, '沐川县', '沐川县', 45),
(13924, 19, 13916, '犍为县', '犍为县', 40),
(13923, 19, 13916, '井研县', '井研县', 35),
(13922, 19, 13916, '夹江县', '夹江县', 30),
(13921, 19, 13916, '金口河区', '金口河区', 25),
(13920, 19, 13916, '沙湾区', '沙湾区', 20),
(13919, 19, 13916, '五通桥区', '五通桥区', 15),
(13918, 19, 13916, '峨眉山市', '峨眉山市', 10),
(13917, 19, 13916, '市中区', '市中区', 5),
(13916, 19, 13833, '乐山市', '乐山市', 50),
(13915, 19, 13910, '市中区', '市中区', 25),
(13914, 19, 13910, '威远县', '威远县', 20),
(13913, 19, 13910, '隆昌县', '隆昌县', 15),
(13912, 19, 13910, '资中县', '资中县', 10),
(13911, 19, 13910, '东兴区', '东兴区', 5),
(13910, 19, 13833, '内江市', '内江市', 45),
(13909, 19, 13904, '安居区', '安居区', 25),
(13908, 19, 13904, '大英县', '大英县', 20),
(13907, 19, 13904, '蓬溪县', '蓬溪县', 15),
(13906, 19, 13904, '射洪县', '射洪县', 10),
(13905, 19, 13904, '船山区', '船山区', 5),
(13904, 19, 13833, '遂宁市', '遂宁市', 40),
(13903, 19, 13896, '苍溪县', '苍溪县', 35),
(13902, 19, 13896, '剑阁县', '剑阁县', 30),
(13901, 19, 13896, '旺苍县', '旺苍县', 25),
(13900, 19, 13896, '青川县', '青川县', 20),
(13899, 19, 13896, '利州区', '利州区', 15),
(13898, 19, 13896, '朝天区', '朝天区', 10),
(13897, 19, 13896, '元坝区', '元坝区', 5),
(13896, 19, 13833, '广元市', '广元市', 35),
(13895, 19, 13889, '中江县', '中江县', 30),
(13894, 19, 13889, '罗江县', '罗江县', 25),
(13893, 19, 13889, '绵竹市', '绵竹市', 20),
(13892, 19, 13889, '旌阳区', '旌阳区', 15),
(13891, 19, 13889, '什邡市', '什邡市', 10),
(13890, 19, 13889, '广汉市', '广汉市', 5),
(13889, 19, 13833, '德阳市', '德阳市', 30),
(13888, 19, 13877, '梓潼县', '梓潼县', 55),
(13887, 19, 13877, '安县', '安县', 50),
(13886, 19, 13877, '北川县', '北川县', 45),
(13885, 19, 13877, '平武县', '平武县', 40),
(13884, 19, 13877, '三台县', '三台县', 35),
(13883, 19, 13877, '盐亭县', '盐亭县', 30),
(13882, 19, 13877, '经开区', '经开区', 25),
(13881, 19, 13877, '高新区', '高新区', 20),
(13880, 19, 13877, '游仙区', '游仙区', 15),
(13879, 19, 13877, '涪城区', '涪城区', 10),
(13878, 19, 13877, '江油市', '江油市', 5),
(13877, 19, 13833, '绵阳市', '绵阳市', 25),
(13876, 19, 13869, '古蔺县', '古蔺县', 35),
(13875, 19, 13869, '叙永县', '叙永县', 30),
(13874, 19, 13869, '合江县', '合江县', 25),
(13873, 19, 13869, '泸县', '泸县', 20),
(13872, 19, 13869, '龙马潭区', '龙马潭区', 15),
(13871, 19, 13869, '江阳区', '江阳区', 10),
(13870, 19, 13869, '纳溪区', '纳溪区', 5),
(13869, 19, 13833, '泸州市', '泸州市', 20),
(13868, 19, 13863, '盐边县', '盐边县', 25),
(13867, 19, 13863, '米易县', '米易县', 20),
(13866, 19, 13863, '东区', '东区', 15),
(13865, 19, 13863, '西区', '西区', 10),
(13864, 19, 13863, '仁和区', '仁和区', 5),
(13863, 19, 13833, '攀枝花市', '攀枝花市', 15),
(13862, 19, 13856, '贡井区', '贡井区', 30),
(13861, 19, 13856, '大安区', '大安区', 25),
(13860, 19, 13856, '富顺县', '富顺县', 20),
(13859, 19, 13856, '荣县', '荣县', 15),
(13858, 19, 13856, '沿滩区', '沿滩区', 10),
(13857, 19, 13856, '自流井区', '自流井区', 5),
(13856, 19, 13833, '自贡市', '自贡市', 10),
(13855, 19, 13834, '蒲江县', '蒲江县', 105),
(13854, 19, 13834, '大邑县', '大邑县', 100),
(13853, 19, 13834, '邛崃市', '邛崃市', 95),
(13852, 19, 13834, '新津县', '新津县', 90),
(13851, 19, 13834, '金堂县', '金堂县', 85),
(13850, 19, 13834, '崇州市', '崇州市', 80),
(13849, 19, 13834, '青白江区', '青白江区', 75),
(13848, 19, 13834, '彭州市', '彭州市', 70),
(13847, 19, 13834, '都江堰市', '都江堰市', 65),
(13846, 19, 13834, '温江区', '温江区', 60),
(13845, 19, 13834, '新都区', '新都区', 55),
(13844, 19, 13834, '龙泉驿区', '龙泉驿区', 50),
(13843, 19, 13834, '高新西区', '高新西区', 45),
(13842, 19, 13834, '双流县', '双流县', 40),
(13841, 19, 13834, '郫县', '郫县', 35),
(13840, 19, 13834, '锦江区', '锦江区', 30),
(13839, 19, 13834, '高新区', '高新区', 25),
(13838, 19, 13834, '成华区', '成华区', 20),
(13837, 19, 13834, '青羊区', '青羊区', 15),
(13836, 19, 13834, '金牛区', '金牛区', 10),
(13835, 19, 13834, '武侯区', '武侯区', 5),
(13834, 19, 13833, '成都市', '成都市', 5),
(13833, 19, 0, '四川省', '四川省', 110),
(13832, 19, 13814, '会昌县', '会昌县', 90),
(13831, 19, 13814, '全南县', '全南县', 85),
(13830, 19, 13814, '信丰县', '信丰县', 80),
(13829, 19, 13814, '大余县', '大余县', 75),
(13828, 19, 13814, '崇义县', '崇义县', 70),
(13827, 19, 13814, '龙南县', '龙南县', 65),
(13826, 19, 13814, '于都县', '于都县', 60),
(13825, 19, 13814, '上犹县', '上犹县', 55),
(13824, 19, 13814, '定南县', '定南县', 50),
(13823, 19, 13814, '兴国县', '兴国县', 45),
(13822, 19, 13814, '寻乌县', '寻乌县', 40),
(13821, 19, 13814, '宁都县', '宁都县', 35),
(13820, 19, 13814, '赣县', '赣县', 30),
(13819, 19, 13814, '安远县', '安远县', 25),
(13818, 19, 13814, '石城县', '石城县', 20),
(13817, 19, 13814, '瑞金市', '瑞金市', 15),
(13816, 19, 13814, '南康市', '南康市', 10),
(13815, 19, 13814, '章贡区', '章贡区', 5),
(13814, 19, 13714, '赣州市', '赣州市', 55),
(13813, 19, 13800, '万安县', '万安县', 65),
(13812, 19, 13800, '吉水县', '吉水县', 60),
(13811, 19, 13800, '安福县', '安福县', 55),
(13810, 19, 13800, '遂川县', '遂川县', 50),
(13809, 19, 13800, '峡江县', '峡江县', 45),
(13808, 19, 13800, '泰和县', '泰和县', 40),
(13807, 19, 13800, '新干县', '新干县', 35),
(13806, 19, 13800, '永新县', '永新县', 30),
(13805, 19, 13800, '永丰县', '永丰县', 25),
(13804, 19, 13800, '吉安县', '吉安县', 20),
(13803, 19, 13800, '井冈山市', '井冈山市', 15),
(13802, 19, 13800, '吉州区', '吉州区', 10),
(13801, 19, 13800, '青原区', '青原区', 5),
(13800, 19, 13714, '吉安市', '吉安市', 50),
(13799, 19, 13788, '临川区', '临川区', 55),
(13798, 19, 13788, '广昌县', '广昌县', 50),
(13797, 19, 13788, '黎川县', '黎川县', 45),
(13796, 19, 13788, '崇仁县', '崇仁县', 40),
(13795, 19, 13788, '宜黄县', '宜黄县', 35),
(13794, 19, 13788, '资溪县', '资溪县', 30),
(13793, 19, 13788, '东乡县', '东乡县', 25),
(13792, 19, 13788, '南城县', '南城县', 20),
(13791, 19, 13788, '金溪县', '金溪县', 15),
(13790, 19, 13788, '乐安县', '乐安县', 10),
(13789, 19, 13788, '南丰县', '南丰县', 5),
(13788, 19, 13714, '抚州市', '抚州市', 45),
(13787, 19, 13777, '上高县', '上高县', 50),
(13786, 19, 13777, '万载县', '万载县', 45),
(13785, 19, 13777, '奉新县', '奉新县', 40),
(13784, 19, 13777, '宜丰县', '宜丰县', 35),
(13783, 19, 13777, '靖安县', '靖安县', 30),
(13782, 19, 13777, '铜鼓县', '铜鼓县', 25),
(13781, 19, 13777, '高安市', '高安市', 20),
(13780, 19, 13777, '袁州区', '袁州区', 15),
(13779, 19, 13777, '樟树市', '樟树市', 10),
(13778, 19, 13777, '丰城市', '丰城市', 5),
(13777, 19, 13714, '宜春市', '宜春市', 40),
(13776, 19, 13764, '上饶县', '上饶县', 60),
(13775, 19, 13764, '信州区', '信州区', 55),
(13774, 19, 13764, '万年县', '万年县', 50),
(13773, 19, 13764, '玉山县', '玉山县', 45),
(13772, 19, 13764, '铅山县', '铅山县', 40),
(13771, 19, 13764, '弋阳县', '弋阳县', 35),
(13770, 19, 13764, '横峰县', '横峰县', 30),
(13769, 19, 13764, '余干县', '余干县', 25),
(13768, 19, 13764, '婺源县', '婺源县', 20),
(13767, 19, 13764, '鄱阳县', '鄱阳县', 15),
(13766, 19, 13764, '广丰县', '广丰县', 10),
(13765, 19, 13764, '德兴市', '德兴市', 5),
(13764, 19, 13714, '上饶市', '上饶市', 35),
(13763, 19, 13759, '月湖区', '月湖区', 20),
(13762, 19, 13759, '贵溪市', '贵溪市', 15),
(13761, 19, 13759, '余江县', '余江县', 10),
(13760, 19, 13759, '龙虎山风景旅游区', '龙虎山风景旅游区', 5),
(13759, 19, 13714, '鹰潭市', '鹰潭市', 30),
(13758, 19, 13742, '浔阳区', '浔阳区', 80),
(13757, 19, 13742, '庐山区', '庐山区', 75),
(13756, 19, 13742, '庐山风景名胜区', '庐山风景名胜区', 70),
(13755, 19, 13742, '八里湖新区', '八里湖新区', 65),
(13754, 19, 13742, '经济技术开发区', '经济技术开发区', 60),
(13753, 19, 13742, '共青城市', '共青城市', 55),
(13752, 19, 13742, '都昌县', '都昌县', 50),
(13751, 19, 13742, '德安县', '德安县', 45),
(13750, 19, 13742, '湖口县', '湖口县', 40),
(13749, 19, 13742, '修水县', '修水县', 35),
(13748, 19, 13742, '永修县', '永修县', 30),
(13747, 19, 13742, '彭泽县', '彭泽县', 25),
(13746, 19, 13742, '武宁县', '武宁县', 20),
(13745, 19, 13742, '星子县', '星子县', 15),
(13744, 19, 13742, '瑞昌市', '瑞昌市', 10),
(13743, 19, 13742, '九江县', '九江县', 5),
(13742, 19, 13714, '九江市', '九江市', 25),
(13741, 19, 13739, '渝水区', '渝水区', 10),
(13740, 19, 13739, '分宜县', '分宜县', 5),
(13739, 19, 13714, '新余市', '新余市', 20),
(13738, 19, 13733, '安源区', '安源区', 25),
(13737, 19, 13733, '芦溪县', '芦溪县', 20),
(13736, 19, 13733, '上栗县', '上栗县', 15),
(13735, 19, 13733, '莲花县', '莲花县', 10),
(13734, 19, 13733, '湘东区', '湘东区', 5),
(13733, 19, 13714, '萍乡市', '萍乡市', 15),
(13732, 19, 13728, '昌江区', '昌江区', 20),
(13731, 19, 13728, '浮梁县', '浮梁县', 15),
(13730, 19, 13728, '乐平市', '乐平市', 10),
(13729, 19, 13728, '珠山区', '珠山区', 5),
(13728, 19, 13714, '景德镇市', '景德镇市', 10),
(13727, 19, 13715, '高新区', '高新区', 60),
(13726, 19, 13715, '湾里区', '湾里区', 55),
(13725, 19, 13715, '新建县', '新建县', 50),
(13724, 19, 13715, '红谷滩新区', '红谷滩新区', 45),
(13723, 19, 13715, '青山湖区', '青山湖区', 40),
(13722, 19, 13715, '安义县', '安义县', 35),
(13721, 19, 13715, '进贤县', '进贤县', 30),
(13720, 19, 13715, '南昌县', '南昌县', 25),
(13719, 19, 13715, '昌北区', '昌北区', 20),
(13718, 19, 13715, '东湖区', '东湖区', 15),
(13717, 19, 13715, '西湖区', '西湖区', 10),
(13716, 19, 13715, '青云谱区', '青云谱区', 5),
(13715, 19, 13714, '南昌市', '南昌市', 5),
(13714, 19, 0, '江西省', '江西省', 105),
(13713, 19, 13706, '龙州县', '龙州县', 35),
(13712, 19, 13706, '宁明县', '宁明县', 30),
(13711, 19, 13706, '天等县', '天等县', 25),
(13710, 19, 13706, '大新县', '大新县', 20),
(13709, 19, 13706, '扶绥县', '扶绥县', 15),
(13708, 19, 13706, '凭祥市', '凭祥市', 10),
(13707, 19, 13706, '江州区', '江州区', 5),
(13706, 19, 13589, '崇左市', '崇左市', 70),
(13705, 19, 13699, '金秀县', '金秀县', 30),
(13704, 19, 13699, '象州县', '象州县', 25),
(13703, 19, 13699, '武宣县', '武宣县', 20),
(13702, 19, 13699, '忻城县', '忻城县', 15),
(13701, 19, 13699, '合山市', '合山市', 10),
(13700, 19, 13699, '兴宾区', '兴宾区', 5),
(13699, 19, 13589, '来宾市', '来宾市', 65),
(13698, 19, 13687, '罗城县', '罗城县', 55),
(13697, 19, 13687, '金城江区', '金城江区', 50),
(13696, 19, 13687, '都安县', '都安县', 45),
(13695, 19, 13687, '大化县', '大化县', 40),
(13694, 19, 13687, '环江县', '环江县', 35),
(13693, 19, 13687, '巴马县', '巴马县', 30),
(13692, 19, 13687, '东兰县', '东兰县', 25),
(13691, 19, 13687, '南丹县', '南丹县', 20),
(13690, 19, 13687, '凤山县', '凤山县', 15),
(13689, 19, 13687, '天峨县', '天峨县', 10),
(13688, 19, 13687, '宜州市', '宜州市', 5),
(13687, 19, 13589, '河池市', '河池市', 60),
(13686, 19, 13674, '凌云县', '凌云县', 60),
(13685, 19, 13674, '隆林县', '隆林县', 55),
(13684, 19, 13674, '那坡县', '那坡县', 50),
(13683, 19, 13674, '田东县', '田东县', 45),
(13682, 19, 13674, '靖西县', '靖西县', 40),
(13681, 19, 13674, '德保县', '德保县', 35),
(13680, 19, 13674, '田林县', '田林县', 30),
(13679, 19, 13674, '西林县', '西林县', 25),
(13678, 19, 13674, '田阳县', '田阳县', 20),
(13677, 19, 13674, '乐业县', '乐业县', 15),
(13676, 19, 13674, '平果县', '平果县', 10),
(13675, 19, 13674, '右江区', '右江区', 5),
(13674, 19, 13589, '百色市', '百色市', 55),
(13673, 19, 13668, '平桂管理区', '平桂管理区', 25),
(13672, 19, 13668, '富川县', '富川县', 20),
(13671, 19, 13668, '昭平县', '昭平县', 15),
(13670, 19, 13668, '钟山县', '钟山县', 10),
(13669, 19, 13668, '八步区', '八步区', 5),
(13668, 19, 13589, '贺州市', '贺州市', 50),
(13667, 19, 13661, '兴业县', '兴业县', 30),
(13666, 19, 13661, '陆川县', '陆川县', 25),
(13665, 19, 13661, '博白县', '博白县', 20),
(13664, 19, 13661, '容县', '容县', 15),
(13663, 19, 13661, '北流市', '北流市', 10),
(13662, 19, 13661, '玉州区', '玉州区', 5),
(13661, 19, 13589, '玉林市', '玉林市', 45),
(13660, 19, 13655, '覃塘区', '覃塘区', 25),
(13659, 19, 13655, '平南县', '平南县', 20),
(13658, 19, 13655, '桂平市', '桂平市', 15),
(13657, 19, 13655, '港北区', '港北区', 10),
(13656, 19, 13655, '港南区', '港南区', 5),
(13655, 19, 13589, '贵港市', '贵港市', 40),
(13654, 19, 13650, '灵山县', '灵山县', 20),
(13653, 19, 13650, '浦北县', '浦北县', 15),
(13652, 19, 13650, '钦北区', '钦北区', 10),
(13651, 19, 13650, '钦南区', '钦南区', 5),
(13650, 19, 13589, '钦州市', '钦州市', 35),
(13649, 19, 13645, '上思县', '上思县', 20),
(13648, 19, 13645, '东兴市', '东兴市', 15),
(13647, 19, 13645, '港口区', '港口区', 10),
(13646, 19, 13645, '防城区', '防城区', 5),
(13645, 19, 13589, '防城港市', '防城港市', 30),
(13644, 19, 13640, '铁山港区', '铁山港区', 20),
(13643, 19, 13640, '合浦县', '合浦县', 15),
(13642, 19, 13640, '银海区', '银海区', 10),
(13641, 19, 13640, '海城区', '海城区', 5),
(13640, 19, 13589, '北海市', '北海市', 25),
(13639, 19, 13632, '长洲区', '长洲区', 35),
(13638, 19, 13632, '蝶山区', '蝶山区', 30),
(13637, 19, 13632, '万秀区', '万秀区', 25),
(13636, 19, 13632, '蒙山县', '蒙山县', 20),
(13635, 19, 13632, '藤县', '藤县', 15),
(13634, 19, 13632, '苍梧县', '苍梧县', 10),
(13633, 19, 13632, '岑溪市', '岑溪市', 5),
(13632, 19, 13589, '梧州市', '梧州市', 20),
(13631, 19, 13614, '龙胜县', '龙胜县', 85),
(13630, 19, 13614, '永福县', '永福县', 80),
(13629, 19, 13614, '资源县', '资源县', 75),
(13628, 19, 13614, '荔浦县', '荔浦县', 70),
(13627, 19, 13614, '灌阳县', '灌阳县', 65),
(13626, 19, 13614, '兴安县', '兴安县', 60),
(13625, 19, 13614, '平乐县', '平乐县', 55),
(13624, 19, 13614, '全州县', '全州县', 50),
(13623, 19, 13614, '灵川县', '灵川县', 45),
(13622, 19, 13614, '临桂县', '临桂县', 40),
(13621, 19, 13614, '阳朔县', '阳朔县', 35),
(13620, 19, 13614, '雁山区', '雁山区', 30),
(13619, 19, 13614, '七星区', '七星区', 25),
(13618, 19, 13614, '叠彩区', '叠彩区', 20),
(13617, 19, 13614, '秀峰区', '秀峰区', 15),
(13616, 19, 13614, '恭城县', '恭城县', 10),
(13615, 19, 13614, '象山区', '象山区', 5),
(13614, 19, 13589, '桂林市', '桂林市', 15),
(13613, 19, 13603, '鹿寨县', '鹿寨县', 50),
(13612, 19, 13603, '柳城县', '柳城县', 45),
(13611, 19, 13603, '柳江县', '柳江县', 40),
(13610, 19, 13603, '柳北区', '柳北区', 35),
(13609, 19, 13603, '柳南区', '柳南区', 30),
(13608, 19, 13603, '城中区', '城中区', 25),
(13607, 19, 13603, '鱼峰区', '鱼峰区', 20),
(13606, 19, 13603, '融水县', '融水县', 15),
(13605, 19, 13603, '三江县', '三江县', 10),
(13604, 19, 13603, '融安县', '融安县', 5),
(13603, 19, 13589, '柳州市', '柳州市', 10),
(13602, 19, 13590, '宾阳县', '宾阳县', 60),
(13601, 19, 13590, '邕宁区', '邕宁区', 55),
(13600, 19, 13590, '武鸣县', '武鸣县', 50),
(13599, 19, 13590, '马山县', '马山县', 45),
(13598, 19, 13590, '隆安县', '隆安县', 40),
(13597, 19, 13590, '上林县', '上林县', 35),
(13596, 19, 13590, '横县', '横县', 30),
(13595, 19, 13590, '西乡塘区', '西乡塘区', 25),
(13594, 19, 13590, '青秀区', '青秀区', 20),
(13593, 19, 13590, '兴宁区', '兴宁区', 15),
(13592, 19, 13590, '江南区', '江南区', 10),
(13591, 19, 13590, '良庆区', '良庆区', 5),
(13590, 19, 13589, '南宁市', '南宁市', 5),
(13589, 19, 0, '广西壮族自治区', '广西壮族自治区', 100),
(13588, 19, 13582, '惠来县', '惠来县', 30),
(13587, 19, 13582, '揭西县', '揭西县', 25),
(13586, 19, 13582, '揭东县', '揭东县', 20),
(13585, 19, 13582, '榕城区', '榕城区', 15),
(13584, 19, 13582, '普宁市', '普宁市', 10),
(13583, 19, 13582, '东山区', '东山区', 5),
(13582, 19, 13382, '揭阳市', '揭阳市', 105),
(13581, 19, 13577, '饶平县', '饶平县', 20),
(13580, 19, 13577, '潮安县', '潮安县', 15),
(13579, 19, 13577, '枫溪区', '枫溪区', 10),
(13578, 19, 13577, '湘桥区', '湘桥区', 5),
(13577, 19, 13382, '潮州市', '潮州市', 100),
(13576, 19, 13568, '英德市', '英德市', 40),
(13575, 19, 13568, '清城区', '清城区', 35),
(13574, 19, 13568, '连南县', '连南县', 30),
(13573, 19, 13568, '连山县', '连山县', 25),
(13572, 19, 13568, '清新县', '清新县', 20),
(13571, 19, 13568, '阳山县', '阳山县', 15),
(13570, 19, 13568, '佛冈县', '佛冈县', 10),
(13569, 19, 13568, '连州市', '连州市', 5),
(13568, 19, 13382, '清远市', '清远市', 95),
(13567, 19, 13562, '郁南县', '郁南县', 25),
(13566, 19, 13562, '新兴县', '新兴县', 20),
(13565, 19, 13562, '云安县', '云安县', 15),
(13564, 19, 13562, '罗定市', '罗定市', 10),
(13563, 19, 13562, '云城区', '云城区', 5),
(13562, 19, 13382, '云浮市', '云浮市', 90),
(13561, 19, 13553, '鼎湖区', '鼎湖区', 40),
(13560, 19, 13553, '封开县', '封开县', 35),
(13559, 19, 13553, '怀集县', '怀集县', 30),
(13558, 19, 13553, '德庆县', '德庆县', 25),
(13557, 19, 13553, '广宁县', '广宁县', 20),
(13556, 19, 13553, '高要市', '高要市', 15),
(13555, 19, 13553, '四会市', '四会市', 10),
(13554, 19, 13553, '端州区', '端州区', 5),
(13553, 19, 13382, '肇庆市', '肇庆市', 85),
(13552, 19, 13546, '信宜市', '信宜市', 30),
(13551, 19, 13546, '茂港区', '茂港区', 25),
(13550, 19, 13546, '化州市', '化州市', 20),
(13549, 19, 13546, '高州市', '高州市', 15),
(13548, 19, 13546, '电白县', '电白县', 10),
(13547, 19, 13546, '茂南区', '茂南区', 5),
(13546, 19, 13382, '茂名市', '茂名市', 80),
(13545, 19, 13535, '徐闻县', '徐闻县', 50),
(13544, 19, 13535, '吴川市', '吴川市', 45),
(13543, 19, 13535, '雷州市', '雷州市', 40),
(13542, 19, 13535, '坡头区', '坡头区', 35),
(13541, 19, 13535, '廉江市', '廉江市', 30),
(13540, 19, 13535, '遂溪县', '遂溪县', 25),
(13539, 19, 13535, '麻章区', '麻章区', 20),
(13538, 19, 13535, '经济技术开发区', '经济技术开发区', 15),
(13537, 19, 13535, '霞山区', '霞山区', 10),
(13536, 19, 13535, '赤坎区', '赤坎区', 5),
(13535, 19, 13382, '湛江市', '湛江市', 75),
(13534, 19, 13530, '阳西县', '阳西县', 20),
(13533, 19, 13530, '阳春市', '阳春市', 15),
(13532, 19, 13530, '阳东县', '阳东县', 10),
(13531, 19, 13530, '江城区', '江城区', 5),
(13530, 19, 13382, '阳江市', '阳江市', 70),
(13529, 19, 13524, '南海区', '南海区', 25),
(13528, 19, 13524, '三水区', '三水区', 20),
(13527, 19, 13524, '高明区', '高明区', 15),
(13526, 19, 13524, '禅城区', '禅城区', 10),
(13525, 19, 13524, '顺德区', '顺德区', 5),
(13524, 19, 13382, '佛山市', '佛山市', 65),
(13523, 19, 13516, '恩平市', '恩平市', 35),
(13522, 19, 13516, '开平市', '开平市', 30),
(13521, 19, 13516, '蓬江区', '蓬江区', 25),
(13520, 19, 13516, '江海区', '江海区', 20),
(13519, 19, 13516, '鹤山市', '鹤山市', 15),
(13518, 19, 13516, '新会区', '新会区', 10),
(13517, 19, 13516, '台山市', '台山市', 5),
(13516, 19, 13382, '江门市', '江门市', 60),
(13515, 19, 13493, '东升镇', '东升镇', 110),
(13514, 19, 13493, '阜沙镇', '阜沙镇', 105),
(13513, 19, 13493, '沙朗镇', '沙朗镇', 100),
(13512, 19, 13493, '南朗镇', '南朗镇', 95),
(13511, 19, 13493, '五桂山镇', '五桂山镇', 90),
(13510, 19, 13493, '黄圃镇', '黄圃镇', 85),
(13509, 19, 13493, '坦洲镇', '坦洲镇', 80),
(13508, 19, 13493, '沙溪镇', '沙溪镇', 75),
(13507, 19, 13493, '南头镇', '南头镇', 70),
(13506, 19, 13493, '大涌镇', '大涌镇', 65),
(13505, 19, 13493, '三角镇', '三角镇', 60),
(13504, 19, 13493, '港口镇', '港口镇', 55),
(13503, 19, 13493, '横栏镇', '横栏镇', 50),
(13502, 19, 13493, '神湾镇', '神湾镇', 45),
(13501, 19, 13493, '板芙镇', '板芙镇', 40),
(13500, 19, 13493, '东凤镇', '东凤镇', 35),
(13499, 19, 13493, '民众镇', '民众镇', 30),
(13498, 19, 13493, '三乡镇', '三乡镇', 25),
(13497, 19, 13493, '古镇', '古镇', 20),
(13496, 19, 13493, '小榄镇', '小榄镇', 15),
(13495, 19, 13493, '火炬开发区', '火炬开发区', 10),
(13494, 19, 13493, '城区', '城区', 5),
(13493, 19, 13382, '中山市', '中山市', 55),
(13492, 19, 13459, '谢岗镇', '谢岗镇', 165),
(13491, 19, 13459, '中堂镇', '中堂镇', 160),
(13490, 19, 13459, '望牛墩镇', '望牛墩镇', 155),
(13489, 19, 13459, '桥头镇', '桥头镇', 150),
(13488, 19, 13459, '松山湖', '松山湖', 145),
(13487, 19, 13459, '麻涌镇', '麻涌镇', 140),
(13486, 19, 13459, '洪梅镇', '洪梅镇', 135),
(13485, 19, 13459, '石碣镇', '石碣镇', 130),
(13484, 19, 13459, '石龙镇', '石龙镇', 125),
(13483, 19, 13459, '高埗镇', '高埗镇', 120),
(13482, 19, 13459, '沙田镇', '沙田镇', 115),
(13481, 19, 13459, '道滘镇', '道滘镇', 110),
(13480, 19, 13459, '石排镇', '石排镇', 105),
(13479, 19, 13459, '黄江镇', '黄江镇', 100),
(13478, 19, 13459, '虎门镇', '虎门镇', 95),
(13477, 19, 13459, '东城区', '东城区', 90),
(13476, 19, 13459, '茶山镇', '茶山镇', 85),
(13475, 19, 13459, '企石镇', '企石镇', 80),
(13474, 19, 13459, '清溪镇', '清溪镇', 75);
INSERT INTO `qinggan_opt` (`id`, `group_id`, `parent_id`, `title`, `val`, `taxis`) VALUES
(13473, 19, 13459, '东坑镇', '东坑镇', 70),
(13472, 19, 13459, '大朗镇', '大朗镇', 65),
(13471, 19, 13459, '凤岗镇', '凤岗镇', 60),
(13470, 19, 13459, '塘厦镇', '塘厦镇', 55),
(13469, 19, 13459, '樟木头镇', '樟木头镇', 50),
(13468, 19, 13459, '万江区', '万江区', 45),
(13467, 19, 13459, '厚街镇', '厚街镇', 40),
(13466, 19, 13459, '常平镇', '常平镇', 35),
(13465, 19, 13459, '横沥镇', '横沥镇', 30),
(13464, 19, 13459, '大岭山镇', '大岭山镇', 25),
(13463, 19, 13459, '寮步镇', '寮步镇', 20),
(13462, 19, 13459, '南城区', '南城区', 15),
(13461, 19, 13459, '莞城区', '莞城区', 10),
(13460, 19, 13459, '长安镇', '长安镇', 5),
(13459, 19, 13382, '东莞市', '东莞市', 50),
(13458, 19, 13454, '海丰县', '海丰县', 20),
(13457, 19, 13454, '陆河县', '陆河县', 15),
(13456, 19, 13454, '陆丰市', '陆丰市', 10),
(13455, 19, 13454, '城区', '城区', 5),
(13454, 19, 13382, '汕尾市', '汕尾市', 45),
(13453, 19, 13447, '龙门县', '龙门县', 30),
(13452, 19, 13447, '博罗县', '博罗县', 25),
(13451, 19, 13447, '惠东县', '惠东县', 20),
(13450, 19, 13447, '惠城区', '惠城区', 15),
(13449, 19, 13447, '大亚湾区', '大亚湾区', 10),
(13448, 19, 13447, '惠阳区', '惠阳区', 5),
(13447, 19, 13382, '惠州市', '惠州市', 40),
(13446, 19, 13438, '平远县', '平远县', 40),
(13445, 19, 13438, '五华县', '五华县', 35),
(13444, 19, 13438, '丰顺县', '丰顺县', 30),
(13443, 19, 13438, '大埔县', '大埔县', 25),
(13442, 19, 13438, '蕉岭县', '蕉岭县', 20),
(13441, 19, 13438, '梅县', '梅县', 15),
(13440, 19, 13438, '兴宁市', '兴宁市', 10),
(13439, 19, 13438, '梅江区', '梅江区', 5),
(13438, 19, 13382, '梅州市', '梅州市', 35),
(13437, 19, 13431, '东源县', '东源县', 30),
(13436, 19, 13431, '源城区', '源城区', 25),
(13435, 19, 13431, '连平县', '连平县', 20),
(13434, 19, 13431, '紫金县', '紫金县', 15),
(13433, 19, 13431, '龙川县', '龙川县', 10),
(13432, 19, 13431, '和平县', '和平县', 5),
(13431, 19, 13382, '河源市', '河源市', 30),
(13430, 19, 13420, '曲江区', '曲江区', 50),
(13429, 19, 13420, '乳源瑶族自治县', '乳源瑶族自治县', 45),
(13428, 19, 13420, '新丰县', '新丰县', 40),
(13427, 19, 13420, '翁源县', '翁源县', 35),
(13426, 19, 13420, '始兴县', '始兴县', 30),
(13425, 19, 13420, '仁化县', '仁化县', 25),
(13424, 19, 13420, '乐昌市', '乐昌市', 20),
(13423, 19, 13420, '南雄市', '南雄市', 15),
(13422, 19, 13420, '浈江区', '浈江区', 10),
(13421, 19, 13420, '武江区', '武江区', 5),
(13420, 19, 13382, '韶关市', '韶关市', 25),
(13419, 19, 13412, '南澳县', '南澳县', 35),
(13418, 19, 13412, '濠江区', '濠江区', 30),
(13417, 19, 13412, '潮南区', '潮南区', 25),
(13416, 19, 13412, '潮阳区', '潮阳区', 20),
(13415, 19, 13412, '澄海区', '澄海区', 15),
(13414, 19, 13412, '金平区', '金平区', 10),
(13413, 19, 13412, '龙湖区', '龙湖区', 5),
(13412, 19, 13382, '汕头市', '汕头市', 20),
(13411, 19, 13408, '香洲区', '香洲区', 15),
(13410, 19, 13408, '金湾区', '金湾区', 10),
(13409, 19, 13408, '斗门区', '斗门区', 5),
(13408, 19, 13382, '珠海市', '珠海市', 15),
(13407, 19, 13397, '大鹏新区', '大鹏新区', 50),
(13406, 19, 13397, '龙华新区', '龙华新区', 45),
(13405, 19, 13397, '盐田区', '盐田区', 40),
(13404, 19, 13397, '坪山新区', '坪山新区', 35),
(13403, 19, 13397, '龙岗区', '龙岗区', 30),
(13402, 19, 13397, '光明新区', '光明新区', 25),
(13401, 19, 13397, '宝安区', '宝安区', 20),
(13400, 19, 13397, '南山区', '南山区', 15),
(13399, 19, 13397, '福田区', '福田区', 10),
(13398, 19, 13397, '罗湖区', '罗湖区', 5),
(13397, 19, 13382, '深圳市', '深圳市', 10),
(13396, 19, 13383, '广州大学城', '广州大学城', 65),
(13395, 19, 13383, '从化市', '从化市', 60),
(13394, 19, 13383, '增城市', '增城市', 55),
(13393, 19, 13383, '黄埔区', '黄埔区', 50),
(13392, 19, 13383, '南沙区', '南沙区', 45),
(13391, 19, 13383, '白云区', '白云区', 40),
(13390, 19, 13383, '萝岗区', '萝岗区', 35),
(13389, 19, 13383, '花都区', '花都区', 30),
(13388, 19, 13383, '番禺区', '番禺区', 25),
(13387, 19, 13383, '越秀区', '越秀区', 20),
(13386, 19, 13383, '荔湾区', '荔湾区', 15),
(13385, 19, 13383, '海珠区', '海珠区', 10),
(13384, 19, 13383, '天河区', '天河区', 5),
(13383, 19, 13382, '广州市', '广州市', 5),
(13382, 19, 0, '广东省', '广东省', 95),
(13381, 19, 13373, '保靖县', '保靖县', 40),
(13380, 19, 13373, '花垣县', '花垣县', 35),
(13379, 19, 13373, '凤凰县', '凤凰县', 30),
(13378, 19, 13373, '泸溪县', '泸溪县', 25),
(13377, 19, 13373, '永顺县', '永顺县', 20),
(13376, 19, 13373, '龙山县', '龙山县', 15),
(13375, 19, 13373, '古丈县', '古丈县', 10),
(13374, 19, 13373, '吉首市', '吉首市', 5),
(13373, 19, 13243, '湘西州', '湘西州', 75),
(13372, 19, 13367, '双峰县', '双峰县', 25),
(13371, 19, 13367, '新化县', '新化县', 20),
(13370, 19, 13367, '涟源市', '涟源市', 15),
(13369, 19, 13367, '冷水江市', '冷水江市', 10),
(13368, 19, 13367, '娄星区', '娄星区', 5),
(13367, 19, 13243, '娄底市', '娄底市', 70),
(13366, 19, 13354, '沅陵县', '沅陵县', 60),
(13365, 19, 13354, '麻阳县', '麻阳县', 55),
(13364, 19, 13354, '新晃县', '新晃县', 50),
(13363, 19, 13354, '芷江县', '芷江县', 45),
(13362, 19, 13354, '通道县', '通道县', 40),
(13361, 19, 13354, '靖州县', '靖州县', 35),
(13360, 19, 13354, '辰溪县', '辰溪县', 30),
(13359, 19, 13354, '中方县', '中方县', 25),
(13358, 19, 13354, '溆浦县', '溆浦县', 20),
(13357, 19, 13354, '会同县', '会同县', 15),
(13356, 19, 13354, '洪江市', '洪江市', 10),
(13355, 19, 13354, '鹤城区', '鹤城区', 5),
(13354, 19, 13243, '怀化市', '怀化市', 65),
(13353, 19, 13342, '零陵区', '零陵区', 55),
(13352, 19, 13342, '东安县', '东安县', 50),
(13351, 19, 13342, '蓝山县', '蓝山县', 45),
(13350, 19, 13342, '新田县', '新田县', 40),
(13349, 19, 13342, '宁远县', '宁远县', 35),
(13348, 19, 13342, '江华县', '江华县', 30),
(13347, 19, 13342, '江永县', '江永县', 25),
(13346, 19, 13342, '道县', '道县', 20),
(13345, 19, 13342, '双牌县', '双牌县', 15),
(13344, 19, 13342, '祁阳县', '祁阳县', 10),
(13343, 19, 13342, '冷水滩区', '冷水滩区', 5),
(13342, 19, 13243, '永州市', '永州市', 60),
(13341, 19, 13335, '沅江市', '沅江市', 30),
(13340, 19, 13335, '资阳区', '资阳区', 25),
(13339, 19, 13335, '赫山区', '赫山区', 20),
(13338, 19, 13335, '安化县', '安化县', 15),
(13337, 19, 13335, '桃江县', '桃江县', 10),
(13336, 19, 13335, '南县', '南县', 5),
(13335, 19, 13243, '益阳市', '益阳市', 55),
(13334, 19, 13323, '苏仙区', '苏仙区', 55),
(13333, 19, 13323, '北湖区', '北湖区', 50),
(13332, 19, 13323, '桂阳县', '桂阳县', 45),
(13331, 19, 13323, '永兴县', '永兴县', 40),
(13330, 19, 13323, '桂东县', '桂东县', 35),
(13329, 19, 13323, '临武县', '临武县', 30),
(13328, 19, 13323, '嘉禾县', '嘉禾县', 25),
(13327, 19, 13323, '汝城县', '汝城县', 20),
(13326, 19, 13323, '安仁县', '安仁县', 15),
(13325, 19, 13323, '宜章县', '宜章县', 10),
(13324, 19, 13323, '资兴市', '资兴市', 5),
(13323, 19, 13243, '郴州市', '郴州市', 50),
(13322, 19, 13318, '永定区', '永定区', 20),
(13321, 19, 13318, '武陵源区', '武陵源区', 15),
(13320, 19, 13318, '桑植县', '桑植县', 10),
(13319, 19, 13318, '慈利县', '慈利县', 5),
(13318, 19, 13243, '张家界市', '张家界市', 45),
(13317, 19, 13308, '桃源县', '桃源县', 45),
(13316, 19, 13308, '临澧县', '临澧县', 40),
(13315, 19, 13308, '澧县', '澧县', 35),
(13314, 19, 13308, '津市市', '津市市', 30),
(13313, 19, 13308, '武陵区', '武陵区', 25),
(13312, 19, 13308, '鼎城区', '鼎城区', 20),
(13311, 19, 13308, '安乡县', '安乡县', 15),
(13310, 19, 13308, '石门县', '石门县', 10),
(13309, 19, 13308, '汉寿县', '汉寿县', 5),
(13308, 19, 13243, '常德市', '常德市', 40),
(13307, 19, 13298, '平江县', '平江县', 45),
(13306, 19, 13298, '华容县', '华容县', 40),
(13305, 19, 13298, '湘阴县', '湘阴县', 35),
(13304, 19, 13298, '岳阳县', '岳阳县', 30),
(13303, 19, 13298, '汨罗市', '汨罗市', 25),
(13302, 19, 13298, '临湘市', '临湘市', 20),
(13301, 19, 13298, '云溪区', '云溪区', 15),
(13300, 19, 13298, '君山区', '君山区', 10),
(13299, 19, 13298, '岳阳楼区', '岳阳楼区', 5),
(13298, 19, 13243, '岳阳市', '岳阳市', 35),
(13297, 19, 13285, '城步县', '城步县', 60),
(13296, 19, 13285, '隆回县', '隆回县', 55),
(13295, 19, 13285, '邵阳县', '邵阳县', 50),
(13294, 19, 13285, '新宁县', '新宁县', 45),
(13293, 19, 13285, '绥宁县', '绥宁县', 40),
(13292, 19, 13285, '新邵县', '新邵县', 35),
(13291, 19, 13285, '洞口县', '洞口县', 30),
(13290, 19, 13285, '邵东县', '邵东县', 25),
(13289, 19, 13285, '武冈市', '武冈市', 20),
(13288, 19, 13285, '北塔区', '北塔区', 15),
(13287, 19, 13285, '双清区', '双清区', 10),
(13286, 19, 13285, '大祥区', '大祥区', 5),
(13285, 19, 13243, '邵阳市', '邵阳市', 30),
(13284, 19, 13272, '南岳区', '南岳区', 60),
(13283, 19, 13272, '祁东县', '祁东县', 55),
(13282, 19, 13272, '衡山县', '衡山县', 50),
(13281, 19, 13272, '衡南县', '衡南县', 45),
(13280, 19, 13272, '衡东县', '衡东县', 40),
(13279, 19, 13272, '耒阳市', '耒阳市', 35),
(13278, 19, 13272, '衡阳县', '衡阳县', 30),
(13277, 19, 13272, '常宁市', '常宁市', 25),
(13276, 19, 13272, '雁峰区', '雁峰区', 20),
(13275, 19, 13272, '珠晖区', '珠晖区', 15),
(13274, 19, 13272, '石鼓区', '石鼓区', 10),
(13273, 19, 13272, '蒸湘区', '蒸湘区', 5),
(13272, 19, 13243, '衡阳市', '衡阳市', 25),
(13271, 19, 13270, '韶山市区内', '韶山市区内', 5),
(13270, 19, 13243, '韶山市', '韶山市', 20),
(13269, 19, 13264, '韶山市', '韶山市', 25),
(13268, 19, 13264, '湘潭县', '湘潭县', 20),
(13267, 19, 13264, '湘乡市', '湘乡市', 15),
(13266, 19, 13264, '岳塘区', '岳塘区', 10),
(13265, 19, 13264, '雨湖区', '雨湖区', 5),
(13264, 19, 13243, '湘潭市', '湘潭市', 15),
(13263, 19, 13254, '炎陵县', '炎陵县', 45),
(13262, 19, 13254, '茶陵县', '茶陵县', 40),
(13261, 19, 13254, '攸县', '攸县', 35),
(13260, 19, 13254, '株洲县', '株洲县', 30),
(13259, 19, 13254, '醴陵市', '醴陵市', 25),
(13258, 19, 13254, '荷塘区', '荷塘区', 20),
(13257, 19, 13254, '芦淞区', '芦淞区', 15),
(13256, 19, 13254, '石峰区', '石峰区', 10),
(13255, 19, 13254, '天元区', '天元区', 5),
(13254, 19, 13243, '株洲市', '株洲市', 10),
(13253, 19, 13244, '望城区', '望城区', 45),
(13252, 19, 13244, '宁乡县', '宁乡县', 40),
(13251, 19, 13244, '长沙县', '长沙县', 35),
(13250, 19, 13244, '浏阳市', '浏阳市', 30),
(13249, 19, 13244, '天心区', '天心区', 25),
(13248, 19, 13244, '开福区', '开福区', 20),
(13247, 19, 13244, '雨花区', '雨花区', 15),
(13246, 19, 13244, '岳麓区', '岳麓区', 10),
(13245, 19, 13244, '芙蓉区', '芙蓉区', 5),
(13244, 19, 13243, '长沙市', '长沙市', 5),
(13243, 19, 0, '湖南省', '湖南省', 90),
(13242, 19, 13234, '下谷坪乡', '下谷坪乡', 40),
(13241, 19, 13234, '九湖乡', '九湖乡', 35),
(13240, 19, 13234, '宋洛乡', '宋洛乡', 30),
(13239, 19, 13234, '新华镇', '新华镇', 25),
(13238, 19, 13234, '红坪镇', '红坪镇', 20),
(13237, 19, 13234, '木鱼镇', '木鱼镇', 15),
(13236, 19, 13234, '阳日镇', '阳日镇', 10),
(13235, 19, 13234, '松柏镇', '松柏镇', 5),
(13234, 19, 13039, '神农架林区', '神农架林区', 85),
(13233, 19, 13209, '畜禽良种场', '畜禽良种场', 120),
(13232, 19, 13209, '刘家垸林场', '刘家垸林场', 115),
(13231, 19, 13209, '赵西垸林场', '赵西垸林场', 110),
(13230, 19, 13209, '五湖渔场', '五湖渔场', 105),
(13229, 19, 13209, '排湖渔场', '排湖渔场', 100),
(13228, 19, 13209, '沙湖原种场', '沙湖原种场', 95),
(13227, 19, 13209, '九合垸原种场', '九合垸原种场', 90),
(13226, 19, 13209, '工业园区', '工业园区', 85),
(13225, 19, 13209, '陈场镇', '陈场镇', 80),
(13224, 19, 13209, '通海口镇', '通海口镇', 75),
(13223, 19, 13209, '沔城镇', '沔城镇', 70),
(13222, 19, 13209, '郭河镇', '郭河镇', 65),
(13221, 19, 13209, '张沟镇', '张沟镇', 60),
(13220, 19, 13209, '彭场镇', '彭场镇', 55),
(13219, 19, 13209, '杨林尾镇', '杨林尾镇', 50),
(13218, 19, 13209, '沙湖镇', '沙湖镇', 45),
(13217, 19, 13209, '西流河镇', '西流河镇', 40),
(13216, 19, 13209, '长埫口镇', '长埫口镇', 35),
(13215, 19, 13209, '胡场镇', '胡场镇', 30),
(13214, 19, 13209, '三伏潭镇', '三伏潭镇', 25),
(13213, 19, 13209, '豆河镇', '豆河镇', 20),
(13212, 19, 13209, '毛嘴镇', '毛嘴镇', 15),
(13211, 19, 13209, '郑场镇', '郑场镇', 10),
(13210, 19, 13209, '城区', '城区', 5),
(13209, 19, 13039, '仙桃市', '仙桃市', 80),
(13208, 19, 13180, '沉湖管委会', '沉湖管委会', 140),
(13207, 19, 13180, '白茅湖农场', '白茅湖农场', 135),
(13206, 19, 13180, '蒋湖农场', '蒋湖农场', 130),
(13205, 19, 13180, '净潭乡', '净潭乡', 125),
(13204, 19, 13180, '石河镇', '石河镇', 120),
(13203, 19, 13180, '胡市镇', '胡市镇', 115),
(13202, 19, 13180, '皂市镇', '皂市镇', 110),
(13201, 19, 13180, '九真镇', '九真镇', 105),
(13200, 19, 13180, '小板镇', '小板镇', 100),
(13199, 19, 13180, '卢市镇', '卢市镇', 95),
(13198, 19, 13180, '马湾镇', '马湾镇', 90),
(13197, 19, 13180, '干驿镇', '干驿镇', 85),
(13196, 19, 13180, '多祥镇', '多祥镇', 80),
(13195, 19, 13180, '麻洋镇', '麻洋镇', 75),
(13194, 19, 13180, '彭市镇', '彭市镇', 70),
(13193, 19, 13180, '横林镇', '横林镇', 65),
(13192, 19, 13180, '岳口镇', '岳口镇', 60),
(13191, 19, 13180, '黄潭镇', '黄潭镇', 55),
(13190, 19, 13180, '渔薪镇', '渔薪镇', 50),
(13189, 19, 13180, '汪场镇', '汪场镇', 45),
(13188, 19, 13180, '蒋场镇', '蒋场镇', 40),
(13187, 19, 13180, '张港镇', '张港镇', 35),
(13186, 19, 13180, '拖市镇', '拖市镇', 30),
(13185, 19, 13180, '多宝镇', '多宝镇', 25),
(13184, 19, 13180, '佛子山镇', '佛子山镇', 20),
(13183, 19, 13180, '杨林街道', '杨林街道', 15),
(13182, 19, 13180, '竟陵街道', '竟陵街道', 10),
(13181, 19, 13180, '侨乡街道开发区', '侨乡街道开发区', 5),
(13180, 19, 13039, '天门市', '天门市', 75),
(13179, 19, 13154, '浩口原种场', '浩口原种场', 125),
(13178, 19, 13154, '高场原种场', '高场原种场', 120),
(13177, 19, 13154, '总口管理区', '总口管理区', 115),
(13176, 19, 13154, '熊口管理区', '熊口管理区', 110),
(13175, 19, 13154, '后湖管理区', '后湖管理区', 105),
(13174, 19, 13154, '周矶管理区', '周矶管理区', 100),
(13173, 19, 13154, '运粮湖管理区', '运粮湖管理区', 95),
(13172, 19, 13154, '西大垸管理区', '西大垸管理区', 90),
(13171, 19, 13154, '潜江经济开发区', '潜江经济开发区', 85),
(13170, 19, 13154, '江汉石油管理局', '江汉石油管理局', 80),
(13169, 19, 13154, '龙湾镇', '龙湾镇', 75),
(13168, 19, 13154, '张金镇', '张金镇', 70),
(13167, 19, 13154, '浩口镇', '浩口镇', 65),
(13166, 19, 13154, '老新镇', '老新镇', 60),
(13165, 19, 13154, '熊口镇', '熊口镇', 55),
(13164, 19, 13154, '王场镇', '王场镇', 50),
(13163, 19, 13154, '渔洋镇', '渔洋镇', 45),
(13162, 19, 13154, '积玉口镇', '积玉口镇', 40),
(13161, 19, 13154, '高石碑镇', '高石碑镇', 35),
(13160, 19, 13154, '竹根滩镇', '竹根滩镇', 30),
(13159, 19, 13154, '泰丰', '泰丰', 25),
(13158, 19, 13154, '广华', '广华', 20),
(13157, 19, 13154, '周矶', '周矶', 15),
(13156, 19, 13154, '杨市', '杨市', 10),
(13155, 19, 13154, '园林', '园林', 5),
(13154, 19, 13039, '潜江市', '潜江市', 70),
(13153, 19, 13150, '随县', '随县', 15),
(13152, 19, 13150, '广水市', '广水市', 10),
(13151, 19, 13150, '曾都区', '曾都区', 5),
(13150, 19, 13039, '随州市', '随州市', 65),
(13149, 19, 13144, '沙洋县', '沙洋县', 25),
(13148, 19, 13144, '京山县', '京山县', 20),
(13147, 19, 13144, '钟祥市', '钟祥市', 15),
(13146, 19, 13144, '掇刀区', '掇刀区', 10),
(13145, 19, 13144, '东宝区', '东宝区', 5),
(13144, 19, 13039, '荆门市', '荆门市', 60),
(13143, 19, 13140, '鄂城区', '鄂城区', 15),
(13142, 19, 13140, '华容区', '华容区', 10),
(13141, 19, 13140, '梁子湖区', '梁子湖区', 5),
(13140, 19, 13039, '鄂州市', '鄂州市', 55),
(13139, 19, 13131, '咸丰县', '咸丰县', 40),
(13138, 19, 13131, '宣恩县', '宣恩县', 35),
(13137, 19, 13131, '鹤峰县', '鹤峰县', 30),
(13136, 19, 13131, '巴东县', '巴东县', 25),
(13135, 19, 13131, '来凤县', '来凤县', 20),
(13134, 19, 13131, '建始县', '建始县', 15),
(13133, 19, 13131, '利川市', '利川市', 10),
(13132, 19, 13131, '恩施市', '恩施市', 5),
(13131, 19, 13039, '恩施州', '恩施州', 50),
(13130, 19, 13124, '通城县', '通城县', 30),
(13129, 19, 13124, '崇阳县', '崇阳县', 25),
(13128, 19, 13124, '通山县', '通山县', 20),
(13127, 19, 13124, '嘉鱼县', '嘉鱼县', 15),
(13126, 19, 13124, '赤壁市', '赤壁市', 10),
(13125, 19, 13124, '咸安区', '咸安区', 5),
(13124, 19, 13039, '咸宁市', '咸宁市', 45),
(13123, 19, 13113, '团风县', '团风县', 50),
(13122, 19, 13113, '英山县', '英山县', 45),
(13121, 19, 13113, '黄梅县', '黄梅县', 40),
(13120, 19, 13113, '罗田县', '罗田县', 35),
(13119, 19, 13113, '红安县', '红安县', 30),
(13118, 19, 13113, '浠水县', '浠水县', 25),
(13117, 19, 13113, '武穴市', '武穴市', 20),
(13116, 19, 13113, '麻城市', '麻城市', 15),
(13115, 19, 13113, '蕲春县', '蕲春县', 10),
(13114, 19, 13113, '黄州区', '黄州区', 5),
(13113, 19, 13039, '黄冈市', '黄冈市', 40),
(13112, 19, 13105, '安陆市', '安陆市', 35),
(13111, 19, 13105, '应城市', '应城市', 30),
(13110, 19, 13105, '孝南区', '孝南区', 25),
(13109, 19, 13105, '孝昌县', '孝昌县', 20),
(13108, 19, 13105, '大悟县', '大悟县', 15),
(13107, 19, 13105, '云梦县', '云梦县', 10),
(13106, 19, 13105, '汉川市', '汉川市', 5),
(13105, 19, 13039, '孝感市', '孝感市', 35),
(13104, 19, 13091, '长阳土家族自治县', '长阳土家族自治县', 65),
(13103, 19, 13091, '五峰土家族自治县', '五峰土家族自治县', 60),
(13102, 19, 13091, '远安县', '远安县', 55),
(13101, 19, 13091, '兴山县', '兴山县', 50),
(13100, 19, 13091, '秭归县', '秭归县', 45),
(13099, 19, 13091, '夷陵区', '夷陵区', 40),
(13098, 19, 13091, '枝江市', '枝江市', 35),
(13097, 19, 13091, '当阳市', '当阳市', 30),
(13096, 19, 13091, '点军区', '点军区', 25),
(13095, 19, 13091, '猇亭区', '猇亭区', 20),
(13094, 19, 13091, '宜都市', '宜都市', 15),
(13093, 19, 13091, '西陵区', '西陵区', 10),
(13092, 19, 13091, '伍家岗区', '伍家岗区', 5),
(13091, 19, 13039, '宜昌市', '宜昌市', 30),
(13090, 19, 13082, '公安县', '公安县', 40),
(13089, 19, 13082, '监利县', '监利县', 35),
(13088, 19, 13082, '松滋市', '松滋市', 30),
(13087, 19, 13082, '石首市', '石首市', 25),
(13086, 19, 13082, '洪湖市', '洪湖市', 20),
(13085, 19, 13082, '江陵县', '江陵县', 15),
(13084, 19, 13082, '荆州区', '荆州区', 10),
(13083, 19, 13082, '沙市区', '沙市区', 5),
(13082, 19, 13039, '荆州市', '荆州市', 25),
(13081, 19, 13073, '张湾区', '张湾区', 40),
(13080, 19, 13073, '茅箭区', '茅箭区', 35),
(13079, 19, 13073, '郧西县', '郧西县', 30),
(13078, 19, 13073, '郧县', '郧县', 25),
(13077, 19, 13073, '竹溪县', '竹溪县', 20),
(13076, 19, 13073, '竹山县', '竹山县', 15),
(13075, 19, 13073, '房县', '房县', 10),
(13074, 19, 13073, '丹江口市', '丹江口市', 5),
(13073, 19, 13039, '十堰市', '十堰市', 20),
(13072, 19, 13063, '襄州区', '襄州区', 45),
(13071, 19, 13063, '襄城区', '襄城区', 40),
(13070, 19, 13063, '樊城区', '樊城区', 35),
(13069, 19, 13063, '谷城县', '谷城县', 30),
(13068, 19, 13063, '保康县', '保康县', 25),
(13067, 19, 13063, '南漳县', '南漳县', 20),
(13066, 19, 13063, '宜城市', '宜城市', 15),
(13065, 19, 13063, '枣阳市', '枣阳市', 10),
(13064, 19, 13063, '老河口市', '老河口市', 5),
(13063, 19, 13039, '襄阳市', '襄阳市', 15),
(13062, 19, 13055, '经济技术开发区', '经济技术开发区', 35),
(13061, 19, 13055, '阳新县', '阳新县', 30),
(13060, 19, 13055, '大冶市', '大冶市', 25),
(13059, 19, 13055, '铁山区', '铁山区', 20),
(13058, 19, 13055, '西塞山区', '西塞山区', 15),
(13057, 19, 13055, '下陆区', '下陆区', 10),
(13056, 19, 13055, '黄石港区', '黄石港区', 5),
(13055, 19, 13039, '黄石市', '黄石市', 10),
(13054, 19, 13040, '东西湖区', '东西湖区', 70),
(13053, 19, 13040, '汉南区', '汉南区', 65),
(13052, 19, 13040, '洪山区', '洪山区', 60),
(13051, 19, 13040, '青山区', '青山区', 55),
(13050, 19, 13040, '汉阳区', '汉阳区', 50),
(13049, 19, 13040, '黄陂区', '黄陂区', 45),
(13048, 19, 13040, '新洲区', '新洲区', 40),
(13047, 19, 13040, '江夏区', '江夏区', 35),
(13046, 19, 13040, '蔡甸区', '蔡甸区', 30),
(13045, 19, 13040, '江汉区', '江汉区', 25),
(13044, 19, 13040, '江岸区', '江岸区', 20),
(13043, 19, 13040, '武汉经济技术开发区', '武汉经济技术开发区', 15),
(13042, 19, 13040, '武昌区', '武昌区', 10),
(13041, 19, 13040, '硚口区', '硚口区', 5),
(13040, 19, 13039, '武汉市', '武汉市', 5),
(13039, 19, 0, '湖北省', '湖北省', 85),
(13038, 19, 13028, '周宁县', '周宁县', 50),
(13037, 19, 13028, '古田县', '古田县', 45),
(13036, 19, 13028, '屏南县', '屏南县', 40),
(13035, 19, 13028, '柘荣县', '柘荣县', 35),
(13034, 19, 13028, '霞浦县', '霞浦县', 30),
(13033, 19, 13028, '寿宁县', '寿宁县', 25),
(13032, 19, 13028, '福鼎市', '福鼎市', 20),
(13031, 19, 13028, '福安市', '福安市', 15),
(13030, 19, 13028, '东侨开发区', '东侨开发区', 10),
(13029, 19, 13028, '蕉城区', '蕉城区', 5),
(13028, 19, 12943, '宁德市', '宁德市', 45),
(13027, 19, 13020, '连城县', '连城县', 35),
(13026, 19, 13020, '上杭县', '上杭县', 30),
(13025, 19, 13020, '永定县', '永定县', 25),
(13024, 19, 13020, '武平县', '武平县', 20),
(13023, 19, 13020, '长汀县', '长汀县', 15),
(13022, 19, 13020, '漳平市', '漳平市', 10),
(13021, 19, 13020, '新罗区', '新罗区', 5),
(13020, 19, 12943, '龙岩市', '龙岩市', 40),
(13019, 19, 13009, '延平区', '延平区', 50),
(13018, 19, 13009, '光泽县', '光泽县', 45),
(13017, 19, 13009, '政和县', '政和县', 40),
(13016, 19, 13009, '浦城县', '浦城县', 35),
(13015, 19, 13009, '顺昌县', '顺昌县', 30),
(13014, 19, 13009, '松溪县', '松溪县', 25),
(13013, 19, 13009, '建阳市', '建阳市', 20),
(13012, 19, 13009, '武夷山市', '武夷山市', 15),
(13011, 19, 13009, '邵武市', '邵武市', 10),
(13010, 19, 13009, '建瓯市', '建瓯市', 5),
(13009, 19, 12943, '南平市', '南平市', 35),
(13008, 19, 12997, '长泰县', '长泰县', 55),
(13007, 19, 12997, '东山县', '东山县', 50),
(13006, 19, 12997, '云霄县', '云霄县', 45),
(13005, 19, 12997, '华安县', '华安县', 40),
(13004, 19, 12997, '漳浦县', '漳浦县', 35),
(13003, 19, 12997, '诏安县', '诏安县', 30),
(13002, 19, 12997, '南靖县', '南靖县', 25),
(13001, 19, 12997, '平和县', '平和县', 20),
(13000, 19, 12997, '龙海市', '龙海市', 15),
(12999, 19, 12997, '龙文区', '龙文区', 10),
(12998, 19, 12997, '芗城区', '芗城区', 5),
(12997, 19, 12943, '漳州市', '漳州市', 30),
(12996, 19, 12984, '晋江市', '晋江市', 60),
(12995, 19, 12984, '丰泽区', '丰泽区', 55),
(12994, 19, 12984, '鲤城区', '鲤城区', 50),
(12993, 19, 12984, '洛江区', '洛江区', 45),
(12992, 19, 12984, '金门县', '金门县', 40),
(12991, 19, 12984, '永春县', '永春县', 35),
(12990, 19, 12984, '德化县', '德化县', 30),
(12989, 19, 12984, '安溪县', '安溪县', 25),
(12988, 19, 12984, '惠安县', '惠安县', 20),
(12987, 19, 12984, '南安市', '南安市', 15),
(12986, 19, 12984, '石狮市', '石狮市', 10),
(12985, 19, 12984, '泉港区', '泉港区', 5),
(12984, 19, 12943, '泉州市', '泉州市', 25),
(12983, 19, 12978, '涵江区', '涵江区', 25),
(12982, 19, 12978, '秀屿区', '秀屿区', 20),
(12981, 19, 12978, '荔城区', '荔城区', 15),
(12980, 19, 12978, '城厢区', '城厢区', 10),
(12979, 19, 12978, '仙游县', '仙游县', 5),
(12978, 19, 12943, '莆田市', '莆田市', 20),
(12977, 19, 12965, '三元区', '三元区', 60),
(12976, 19, 12965, '梅列区', '梅列区', 55),
(12975, 19, 12965, '泰宁县', '泰宁县', 50),
(12974, 19, 12965, '清流县', '清流县', 45),
(12973, 19, 12965, '尤溪县', '尤溪县', 40),
(12972, 19, 12965, '沙县', '沙县', 35),
(12971, 19, 12965, '建宁县', '建宁县', 30),
(12970, 19, 12965, '宁化县', '宁化县', 25),
(12969, 19, 12965, '大田县', '大田县', 20),
(12968, 19, 12965, '将乐县', '将乐县', 15),
(12967, 19, 12965, '明溪县', '明溪县', 10),
(12966, 19, 12965, '永安市', '永安市', 5),
(12965, 19, 12943, '三明市', '三明市', 15),
(12964, 19, 12958, '同安区', '同安区', 30),
(12963, 19, 12958, '集美区', '集美区', 25),
(12962, 19, 12958, '海沧区', '海沧区', 20),
(12961, 19, 12958, '翔安区', '翔安区', 15),
(12960, 19, 12958, '湖里区', '湖里区', 10),
(12959, 19, 12958, '思明区', '思明区', 5),
(12958, 19, 12943, '厦门市', '厦门市', 10),
(12957, 19, 12944, '闽清县', '闽清县', 65),
(12956, 19, 12944, '永泰县', '永泰县', 60),
(12955, 19, 12944, '罗源县', '罗源县', 55),
(12954, 19, 12944, '连江县', '连江县', 50),
(12953, 19, 12944, '平潭县', '平潭县', 45),
(12952, 19, 12944, '长乐市', '长乐市', 40),
(12951, 19, 12944, '闽侯县', '闽侯县', 35),
(12950, 19, 12944, '福清市', '福清市', 30),
(12949, 19, 12944, '马尾区', '马尾区', 25),
(12948, 19, 12944, '仓山区', '仓山区', 20),
(12947, 19, 12944, '晋安区', '晋安区', 15),
(12946, 19, 12944, '鼓楼区', '鼓楼区', 10),
(12945, 19, 12944, '台江区', '台江区', 5),
(12944, 19, 12943, '福州市', '福州市', 5),
(12943, 19, 0, '福建省', '福建省', 80),
(12942, 19, 12938, '定海区', '定海区', 20),
(12941, 19, 12938, '普陀区', '普陀区', 15),
(12940, 19, 12938, '嵊泗县', '嵊泗县', 10),
(12939, 19, 12938, '岱山县', '岱山县', 5),
(12938, 19, 12838, '舟山市', '舟山市', 55),
(12937, 19, 12928, '玉环县', '玉环县', 45),
(12936, 19, 12928, '温岭市', '温岭市', 40),
(12935, 19, 12928, '路桥区', '路桥区', 35),
(12934, 19, 12928, '椒江区', '椒江区', 30),
(12933, 19, 12928, '黄岩区', '黄岩区', 25),
(12932, 19, 12928, '仙居县', '仙居县', 20),
(12931, 19, 12928, '天台县', '天台县', 15),
(12930, 19, 12928, '三门县', '三门县', 10),
(12929, 19, 12928, '临海市', '临海市', 5),
(12928, 19, 12838, '台州市', '台州市', 50),
(12927, 19, 12918, '庆元县', '庆元县', 45),
(12926, 19, 12918, '莲都区', '莲都区', 40),
(12925, 19, 12918, '青田县', '青田县', 35),
(12924, 19, 12918, '云和县', '云和县', 30),
(12923, 19, 12918, '景宁县', '景宁县', 25),
(12922, 19, 12918, '松阳县', '松阳县', 20),
(12921, 19, 12918, '遂昌县', '遂昌县', 15),
(12920, 19, 12918, '缙云县', '缙云县', 10),
(12919, 19, 12918, '龙泉市', '龙泉市', 5),
(12918, 19, 12838, '丽水市', '丽水市', 45),
(12917, 19, 12911, '龙游县', '龙游县', 30),
(12916, 19, 12911, '开化县', '开化县', 25),
(12915, 19, 12911, '常山县', '常山县', 20),
(12914, 19, 12911, '江山市', '江山市', 15),
(12913, 19, 12911, '衢江区', '衢江区', 10),
(12912, 19, 12911, '柯城区', '柯城区', 5),
(12911, 19, 12838, '衢州市', '衢州市', 40),
(12910, 19, 12901, '东阳市', '东阳市', 45),
(12909, 19, 12901, '永康市', '永康市', 40),
(12908, 19, 12901, '义乌市', '义乌市', 35),
(12907, 19, 12901, '磐安县', '磐安县', 30),
(12906, 19, 12901, '浦江县', '浦江县', 25),
(12905, 19, 12901, '武义县', '武义县', 20),
(12904, 19, 12901, '兰溪市', '兰溪市', 15),
(12903, 19, 12901, '婺城区', '婺城区', 10),
(12902, 19, 12901, '金东区', '金东区', 5),
(12901, 19, 12838, '金华市', '金华市', 35),
(12900, 19, 12894, '新昌县', '新昌县', 30),
(12899, 19, 12894, '嵊州市', '嵊州市', 25),
(12898, 19, 12894, '上虞区', '上虞区', 20),
(12897, 19, 12894, '诸暨市', '诸暨市', 15),
(12896, 19, 12894, '越城区', '越城区', 10),
(12895, 19, 12894, '柯桥区', '柯桥区', 5),
(12894, 19, 12838, '绍兴市', '绍兴市', 30),
(12893, 19, 12888, '安吉县', '安吉县', 25),
(12892, 19, 12888, '德清县', '德清县', 20),
(12891, 19, 12888, '长兴县', '长兴县', 15),
(12890, 19, 12888, '吴兴区', '吴兴区', 10),
(12889, 19, 12888, '南浔区', '南浔区', 5),
(12888, 19, 12838, '湖州市', '湖州市', 25),
(12887, 19, 12880, '海盐县', '海盐县', 35),
(12886, 19, 12880, '海宁市', '海宁市', 30),
(12885, 19, 12880, '秀洲区', '秀洲区', 25),
(12884, 19, 12880, '南湖区', '南湖区', 20),
(12883, 19, 12880, '嘉善县', '嘉善县', 15),
(12882, 19, 12880, '平湖市', '平湖市', 10),
(12881, 19, 12880, '桐乡市', '桐乡市', 5),
(12880, 19, 12838, '嘉兴市', '嘉兴市', 20),
(12879, 19, 12867, '苍南县', '苍南县', 60),
(12878, 19, 12867, '洞头县', '洞头县', 55),
(12877, 19, 12867, '泰顺县', '泰顺县', 50),
(12876, 19, 12867, '平阳县', '平阳县', 45),
(12875, 19, 12867, '文成县', '文成县', 40),
(12874, 19, 12867, '永嘉县', '永嘉县', 35),
(12873, 19, 12867, '瓯海区', '瓯海区', 30),
(12872, 19, 12867, '鹿城区', '鹿城区', 25),
(12871, 19, 12867, '乐清市', '乐清市', 20),
(12870, 19, 12867, '瑞安市', '瑞安市', 15),
(12869, 19, 12867, '茶山高教园区', '茶山高教园区', 10),
(12868, 19, 12867, '龙湾区', '龙湾区', 5),
(12867, 19, 12838, '温州市', '温州市', 15),
(12866, 19, 12852, '淳安县', '淳安县', 70),
(12865, 19, 12852, '建德市', '建德市', 65),
(12864, 19, 12852, '桐庐县', '桐庐县', 60),
(12863, 19, 12852, '富阳市', '富阳市', 55),
(12862, 19, 12852, '临安市', '临安市', 50),
(12861, 19, 12852, '滨江区', '滨江区', 45),
(12860, 19, 12852, '萧山区', '萧山区', 40),
(12859, 19, 12852, '余杭区', '余杭区', 35),
(12858, 19, 12852, '下沙区', '下沙区', 30),
(12857, 19, 12852, '江干区', '江干区', 25),
(12856, 19, 12852, '西湖区', '西湖区', 20),
(12855, 19, 12852, '拱墅区', '拱墅区', 15),
(12854, 19, 12852, '下城区', '下城区', 10),
(12853, 19, 12852, '上城区', '上城区', 5),
(12852, 19, 12838, '杭州市', '杭州市', 10),
(12851, 19, 12839, '象山县', '象山县', 60),
(12850, 19, 12839, '宁海县', '宁海县', 55),
(12849, 19, 12839, '奉化市', '奉化市', 50),
(12848, 19, 12839, '余姚市', '余姚市', 45),
(12847, 19, 12839, '江北区', '江北区', 40),
(12846, 19, 12839, '鄞州区', '鄞州区', 35),
(12845, 19, 12839, '镇海区', '镇海区', 30),
(12844, 19, 12839, '北仑区', '北仑区', 25),
(12843, 19, 12839, '慈溪市', '慈溪市', 20),
(12842, 19, 12839, '高新科技开发区', '高新科技开发区', 15),
(12841, 19, 12839, '江东区', '江东区', 10),
(12840, 19, 12839, '海曙区', '海曙区', 5),
(12839, 19, 12838, '宁波市', '宁波市', 5),
(12838, 19, 0, '浙江省', '浙江省', 75),
(12837, 19, 12830, '宣州区', '宣州区', 35),
(12836, 19, 12830, '泾县', '泾县', 30),
(12835, 19, 12830, '绩溪县', '绩溪县', 25),
(12834, 19, 12830, '广德县', '广德县', 20),
(12833, 19, 12830, '郎溪县', '郎溪县', 15),
(12832, 19, 12830, '宁国市', '宁国市', 10),
(12831, 19, 12830, '旌德县', '旌德县', 5),
(12830, 19, 12706, '宣城市', '宣城市', 80),
(12829, 19, 12822, '裕安区', '裕安区', 35),
(12828, 19, 12822, '金安区', '金安区', 30),
(12827, 19, 12822, '舒城县', '舒城县', 25),
(12826, 19, 12822, '霍邱县', '霍邱县', 20),
(12825, 19, 12822, '金寨县', '金寨县', 15),
(12824, 19, 12822, '霍山县', '霍山县', 10),
(12823, 19, 12822, '寿县', '寿县', 5),
(12822, 19, 12706, '六安市', '六安市', 75),
(12821, 19, 12817, '青阳县', '青阳县', 20),
(12820, 19, 12817, '石台县', '石台县', 15),
(12819, 19, 12817, '东至县', '东至县', 10),
(12818, 19, 12817, '贵池区', '贵池区', 5),
(12817, 19, 12706, '池州市', '池州市', 70),
(12816, 19, 12810, '砀山县', '砀山县', 30),
(12815, 19, 12810, '萧县', '萧县', 25),
(12814, 19, 12810, '泗县', '泗县', 20),
(12813, 19, 12810, '灵璧县', '灵璧县', 15),
(12812, 19, 12810, '埇桥区', '埇桥区', 10),
(12811, 19, 12810, '经济开发区', '经济开发区', 5),
(12810, 19, 12706, '宿州市', '宿州市', 65),
(12809, 19, 12805, '谯城区', '谯城区', 20),
(12808, 19, 12805, '涡阳县', '涡阳县', 15),
(12807, 19, 12805, '蒙城县', '蒙城县', 10),
(12806, 19, 12805, '利辛县', '利辛县', 5),
(12805, 19, 12706, '亳州市', '亳州市', 60),
(12804, 19, 12795, '颍东区', '颍东区', 45),
(12803, 19, 12795, '颍州区', '颍州区', 40),
(12802, 19, 12795, '颍泉区', '颍泉区', 35),
(12801, 19, 12795, '临泉县', '临泉县', 30),
(12800, 19, 12795, '颍上县', '颍上县', 25),
(12799, 19, 12795, '阜南县', '阜南县', 20),
(12798, 19, 12795, '太和县', '太和县', 15),
(12797, 19, 12795, '界首市', '界首市', 10),
(12796, 19, 12795, '经济开发区', '经济开发区', 5),
(12795, 19, 12706, '阜阳市', '阜阳市', 55),
(12794, 19, 12786, '凤阳县', '凤阳县', 40),
(12793, 19, 12786, '定远县', '定远县', 35),
(12792, 19, 12786, '南谯区', '南谯区', 30),
(12791, 19, 12786, '来安县', '来安县', 25),
(12790, 19, 12786, '全椒县', '全椒县', 20),
(12789, 19, 12786, '明光市', '明光市', 15),
(12788, 19, 12786, '天长市', '天长市', 10),
(12787, 19, 12786, '琅琊区', '琅琊区', 5),
(12786, 19, 12706, '滁州市', '滁州市', 50),
(12785, 19, 12778, '黄山区', '黄山区', 35),
(12784, 19, 12778, '祁门县', '祁门县', 30),
(12783, 19, 12778, '黟县', '黟县', 25),
(12782, 19, 12778, '歙县', '歙县', 20),
(12781, 19, 12778, '休宁县', '休宁县', 15),
(12780, 19, 12778, '屯溪区', '屯溪区', 10),
(12779, 19, 12778, '徽州区', '徽州区', 5),
(12778, 19, 12706, '黄山市', '黄山市', 45),
(12777, 19, 12765, '开发区', '开发区', 60),
(12776, 19, 12765, '迎江区', '迎江区', 55),
(12775, 19, 12765, '宜秀区', '宜秀区', 50),
(12774, 19, 12765, '大观区', '大观区', 45),
(12773, 19, 12765, '潜山县', '潜山县', 40),
(12772, 19, 12765, '望江县', '望江县', 35),
(12771, 19, 12765, '岳西县', '岳西县', 30),
(12770, 19, 12765, '怀宁县', '怀宁县', 25),
(12769, 19, 12765, '太湖县', '太湖县', 20),
(12768, 19, 12765, '枞阳县', '枞阳县', 15),
(12767, 19, 12765, '宿松县', '宿松县', 10),
(12766, 19, 12765, '桐城市', '桐城市', 5),
(12765, 19, 12706, '安庆市', '安庆市', 40),
(12764, 19, 12758, '和县', '和县', 30),
(12763, 19, 12758, '含山县', '含山县', 25),
(12762, 19, 12758, '当涂县', '当涂县', 20),
(12761, 19, 12758, '雨山区', '雨山区', 15),
(12760, 19, 12758, '花山区', '花山区', 10),
(12759, 19, 12758, '博望区', '博望区', 5),
(12758, 19, 12706, '马鞍山市', '马鞍山市', 35),
(12757, 19, 12750, '禹会区', '禹会区', 35),
(12756, 19, 12750, '龙子湖区', '龙子湖区', 30),
(12755, 19, 12750, '淮上区', '淮上区', 25),
(12754, 19, 12750, '五河县', '五河县', 20),
(12753, 19, 12750, '固镇县', '固镇县', 15),
(12752, 19, 12750, '怀远县', '怀远县', 10),
(12751, 19, 12750, '蚌山区', '蚌山区', 5),
(12750, 19, 12706, '蚌埠市', '蚌埠市', 30),
(12749, 19, 12741, '三山区', '三山区', 40),
(12748, 19, 12741, '鸠江区', '鸠江区', 35),
(12747, 19, 12741, '南陵县', '南陵县', 30),
(12746, 19, 12741, '繁昌县', '繁昌县', 25),
(12745, 19, 12741, '芜湖县', '芜湖县', 20),
(12744, 19, 12741, '无为县', '无为县', 15),
(12743, 19, 12741, '弋江区', '弋江区', 10),
(12742, 19, 12741, '镜湖区', '镜湖区', 5),
(12741, 19, 12706, '芜湖市', '芜湖市', 25),
(12740, 19, 12736, '相山区', '相山区', 20),
(12739, 19, 12736, '濉溪县', '濉溪县', 15),
(12738, 19, 12736, '烈山区', '烈山区', 10),
(12737, 19, 12736, '杜集区', '杜集区', 5),
(12736, 19, 12706, '淮北市', '淮北市', 20),
(12735, 19, 12728, '潘集区', '潘集区', 35),
(12734, 19, 12728, '凤台县', '凤台县', 30),
(12733, 19, 12728, '八公山区', '八公山区', 25),
(12732, 19, 12728, '谢家集区', '谢家集区', 20),
(12731, 19, 12728, '大通区', '大通区', 15),
(12730, 19, 12728, '田家庵区', '田家庵区', 10),
(12729, 19, 12728, '淮南高新技术开发区', '淮南高新技术开发区', 5),
(12728, 19, 12706, '淮南市', '淮南市', 15),
(12727, 19, 12712, '北城新区', '北城新区', 75),
(12726, 19, 12712, '庐江县', '庐江县', 70),
(12725, 19, 12712, '肥东县', '肥东县', 65),
(12724, 19, 12712, '长丰县', '长丰县', 60),
(12723, 19, 12712, '巢湖市', '巢湖市', 55),
(12722, 19, 12712, '政务文化新区', '政务文化新区', 50),
(12721, 19, 12712, '肥西县', '肥西县', 45),
(12720, 19, 12712, '新站综合开发试验区', '新站综合开发试验区', 40),
(12719, 19, 12712, '高新技术开发区', '高新技术开发区', 35),
(12718, 19, 12712, '经济技术开发区', '经济技术开发区', 30),
(12717, 19, 12712, '滨湖新区', '滨湖新区', 25),
(12716, 19, 12712, '庐阳区', '庐阳区', 20),
(12715, 19, 12712, '瑶海区', '瑶海区', 15),
(12714, 19, 12712, '蜀山区', '蜀山区', 10),
(12713, 19, 12712, '包河区', '包河区', 5),
(12712, 19, 12706, '合肥市', '合肥市', 10),
(12711, 19, 12707, '铜陵县', '铜陵县', 20),
(12710, 19, 12707, '狮子山区', '狮子山区', 15),
(12709, 19, 12707, '郊区', '郊区', 10),
(12708, 19, 12707, '铜官山区', '铜官山区', 5),
(12707, 19, 12706, '铜陵市', '铜陵市', 5),
(12706, 19, 0, '安徽省', '安徽省', 70),
(12705, 19, 12692, '任城区', '任城区', 65),
(12704, 19, 12692, '高新区', '高新区', 60),
(12703, 19, 12692, '曲阜市', '曲阜市', 55),
(12702, 19, 12692, '市中区', '市中区', 50),
(12701, 19, 12692, '邹城市', '邹城市', 45),
(12700, 19, 12692, '金乡县', '金乡县', 40),
(12699, 19, 12692, '鱼台县', '鱼台县', 35),
(12698, 19, 12692, '嘉祥县', '嘉祥县', 30),
(12697, 19, 12692, '泗水县', '泗水县', 25),
(12696, 19, 12692, '汶上县', '汶上县', 20),
(12695, 19, 12692, '微山县', '微山县', 15),
(12694, 19, 12692, '兖州市', '兖州市', 10),
(12693, 19, 12692, '梁山县', '梁山县', 5),
(12692, 19, 12543, '济宁市', '济宁市', 85),
(12691, 19, 12685, '宁阳县', '宁阳县', 30),
(12690, 19, 12685, '新泰市', '新泰市', 25),
(12689, 19, 12685, '肥城市', '肥城市', 20),
(12688, 19, 12685, '泰山区', '泰山区', 15),
(12687, 19, 12685, '岱岳区', '岱岳区', 10),
(12686, 19, 12685, '东平县', '东平县', 5),
(12685, 19, 12543, '泰安市', '泰安市', 80),
(12684, 19, 12679, '莒县', '莒县', 25),
(12683, 19, 12679, '东港区', '东港区', 20),
(12682, 19, 12679, '五莲县', '五莲县', 15),
(12681, 19, 12679, '新市区', '新市区', 10),
(12680, 19, 12679, '岚山区', '岚山区', 5),
(12679, 19, 12543, '日照市', '日照市', 75),
(12678, 19, 12669, '鄄城县', '鄄城县', 45),
(12677, 19, 12669, '郓城县', '郓城县', 40),
(12676, 19, 12669, '东明县', '东明县', 35),
(12675, 19, 12669, '成武县', '成武县', 30),
(12674, 19, 12669, '巨野县', '巨野县', 25),
(12673, 19, 12669, '定陶县', '定陶县', 20),
(12672, 19, 12669, '曹县', '曹县', 15),
(12671, 19, 12669, '单县', '单县', 10),
(12670, 19, 12669, '牡丹区', '牡丹区', 5),
(12669, 19, 12543, '菏泽市', '菏泽市', 70),
(12668, 19, 12660, '无棣县', '无棣县', 40),
(12667, 19, 12660, '阳信县', '阳信县', 35),
(12666, 19, 12660, '博兴县', '博兴县', 30),
(12665, 19, 12660, '惠民县', '惠民县', 25),
(12664, 19, 12660, '沾化县', '沾化县', 20),
(12663, 19, 12660, '邹平县', '邹平县', 15),
(12662, 19, 12660, '滨城区', '滨城区', 10),
(12661, 19, 12660, '北海新区', '北海新区', 5),
(12660, 19, 12543, '滨州市', '滨州市', 65),
(12659, 19, 12651, '高唐县', '高唐县', 40),
(12658, 19, 12651, '冠县', '冠县', 35),
(12657, 19, 12651, '东阿县', '东阿县', 30),
(12656, 19, 12651, '莘县', '莘县', 25),
(12655, 19, 12651, '茌平县', '茌平县', 20),
(12654, 19, 12651, '阳谷县', '阳谷县', 15),
(12653, 19, 12651, '临清市', '临清市', 10),
(12652, 19, 12651, '东昌府区', '东昌府区', 5),
(12651, 19, 12543, '聊城市', '聊城市', 60),
(12650, 19, 12638, '罗庄区', '罗庄区', 60),
(12649, 19, 12638, '郯城县', '郯城县', 55),
(12648, 19, 12638, '莒南县', '莒南县', 50),
(12647, 19, 12638, '临沭县', '临沭县', 45),
(12646, 19, 12638, '蒙阴县', '蒙阴县', 40),
(12645, 19, 12638, '平邑县', '平邑县', 35),
(12644, 19, 12638, '费县', '费县', 30),
(12643, 19, 12638, '沂水县', '沂水县', 25),
(12642, 19, 12638, '沂南县', '沂南县', 20),
(12641, 19, 12638, '河东区', '河东区', 15),
(12640, 19, 12638, '兰山区', '兰山区', 10),
(12639, 19, 12638, '兰陵县', '兰陵县', 5),
(12638, 19, 12543, '临沂市', '临沂市', 55),
(12637, 19, 12626, '夏津县', '夏津县', 55),
(12636, 19, 12626, '平原县', '平原县', 50),
(12635, 19, 12626, '庆云县', '庆云县', 45),
(12634, 19, 12626, '武城县', '武城县', 40),
(12633, 19, 12626, '宁津县', '宁津县', 35),
(12632, 19, 12626, '陵县', '陵县', 30),
(12631, 19, 12626, '禹城市', '禹城市', 25),
(12630, 19, 12626, '乐陵市', '乐陵市', 20),
(12629, 19, 12626, '齐河县', '齐河县', 15),
(12628, 19, 12626, '临邑县', '临邑县', 10),
(12627, 19, 12626, '德城区', '德城区', 5),
(12626, 19, 12543, '德州市', '德州市', 50),
(12625, 19, 12623, '钢城区', '钢城区', 10),
(12624, 19, 12623, '莱城区', '莱城区', 5),
(12623, 19, 12543, '莱芜市', '莱芜市', 45),
(12622, 19, 12618, '环翠区', '环翠区', 20),
(12621, 19, 12618, '乳山市', '乳山市', 15),
(12620, 19, 12618, '文登市', '文登市', 10),
(12619, 19, 12618, '荣成市', '荣成市', 5),
(12618, 19, 12543, '威海市', '威海市', 40),
(12617, 19, 12604, '长岛县', '长岛县', 65),
(12616, 19, 12604, '海阳市', '海阳市', 60),
(12615, 19, 12604, '栖霞市', '栖霞市', 55),
(12614, 19, 12604, '蓬莱市', '蓬莱市', 50),
(12613, 19, 12604, '招远市', '招远市', 45),
(12612, 19, 12604, '莱阳市', '莱阳市', 40),
(12611, 19, 12604, '莱州市', '莱州市', 35),
(12610, 19, 12604, '龙口市', '龙口市', 30),
(12609, 19, 12604, '牟平区', '牟平区', 25),
(12608, 19, 12604, '福山区', '福山区', 20),
(12607, 19, 12604, '开发区', '开发区', 15),
(12606, 19, 12604, '芝罘区', '芝罘区', 10),
(12605, 19, 12604, '莱山区', '莱山区', 5),
(12604, 19, 12543, '烟台市', '烟台市', 35),
(12603, 19, 12590, '坊子区', '坊子区', 65),
(12602, 19, 12590, '临朐县', '临朐县', 60),
(12601, 19, 12590, '昌乐县', '昌乐县', 55),
(12600, 19, 12590, '昌邑市', '昌邑市', 50),
(12599, 19, 12590, '高密市', '高密市', 45),
(12598, 19, 12590, '安丘市', '安丘市', 40),
(12597, 19, 12590, '诸城市', '诸城市', 35),
(12596, 19, 12590, '青州市', '青州市', 30),
(12595, 19, 12590, '寿光市', '寿光市', 25),
(12594, 19, 12590, '寒亭区', '寒亭区', 20),
(12593, 19, 12590, '高新区', '高新区', 15),
(12592, 19, 12590, '奎文区', '奎文区', 10),
(12591, 19, 12590, '潍城区', '潍城区', 5),
(12590, 19, 12543, '潍坊市', '潍坊市', 30),
(12589, 19, 12584, '东营区', '东营区', 25),
(12588, 19, 12584, '垦利县', '垦利县', 20),
(12587, 19, 12584, '利津县', '利津县', 15),
(12586, 19, 12584, '广饶县', '广饶县', 10),
(12585, 19, 12584, '河口区', '河口区', 5),
(12584, 19, 12543, '东营市', '东营市', 25),
(12583, 19, 12577, '市中区', '市中区', 30),
(12582, 19, 12577, '薛城区', '薛城区', 25),
(12581, 19, 12577, '峄城区', '峄城区', 20),
(12580, 19, 12577, '台儿庄区', '台儿庄区', 15),
(12579, 19, 12577, '山亭区', '山亭区', 10),
(12578, 19, 12577, '滕州市', '滕州市', 5),
(12577, 19, 12543, '枣庄市', '枣庄市', 20),
(12576, 19, 12568, '桓台县', '桓台县', 40),
(12575, 19, 12568, '沂源县', '沂源县', 35),
(12574, 19, 12568, '高青县', '高青县', 30),
(12573, 19, 12568, '博山区', '博山区', 25),
(12572, 19, 12568, '淄川区', '淄川区', 20),
(12571, 19, 12568, '周村区', '周村区', 15),
(12570, 19, 12568, '张店区', '张店区', 10),
(12569, 19, 12568, '临淄区', '临淄区', 5),
(12568, 19, 12543, '淄博市', '淄博市', 15),
(12567, 19, 12556, '莱西市', '莱西市', 55),
(12566, 19, 12556, '平度市', '平度市', 50),
(12565, 19, 12556, '胶州市', '胶州市', 45),
(12564, 19, 12556, '崂山区', '崂山区', 40),
(12563, 19, 12556, '城阳区', '城阳区', 35),
(12562, 19, 12556, '即墨市', '即墨市', 30),
(12561, 19, 12556, '李沧区', '李沧区', 25),
(12560, 19, 12556, '黄岛区', '黄岛区', 20),
(12559, 19, 12556, '市南区', '市南区', 15),
(12558, 19, 12556, '市北区', '市北区', 10),
(12557, 19, 12556, '四方区', '四方区', 5),
(12556, 19, 12543, '青岛市', '青岛市', 10),
(12555, 19, 12544, '商河县', '商河县', 55),
(12554, 19, 12544, '济阳县', '济阳县', 50),
(12553, 19, 12544, '平阴县', '平阴县', 45),
(12552, 19, 12544, '章丘市', '章丘市', 40),
(12551, 19, 12544, '市中区', '市中区', 35),
(12550, 19, 12544, '历下区', '历下区', 30),
(12549, 19, 12544, '槐荫区', '槐荫区', 25),
(12548, 19, 12544, '天桥区', '天桥区', 20),
(12547, 19, 12544, '历城区', '历城区', 15),
(12546, 19, 12544, '长清区', '长清区', 10),
(12545, 19, 12544, '高新区', '高新区', 5),
(12544, 19, 12543, '济南市', '济南市', 5),
(12543, 19, 0, '山东省', '山东省', 65),
(12542, 19, 12529, '昆山市', '昆山市', 65),
(12541, 19, 12529, '吴中区', '吴中区', 60),
(12540, 19, 12529, '吴江区', '吴江区', 55),
(12539, 19, 12529, '高新区', '高新区', 50),
(12538, 19, 12529, '工业园区', '工业园区', 45),
(12537, 19, 12529, '沧浪区', '沧浪区', 40),
(12536, 19, 12529, '平江区', '平江区', 35),
(12535, 19, 12529, '虎丘区', '虎丘区', 30),
(12534, 19, 12529, '金阊区', '金阊区', 25),
(12533, 19, 12529, '相城区', '相城区', 20),
(12532, 19, 12529, '太仓市', '太仓市', 15),
(12531, 19, 12529, '张家港市', '张家港市', 10),
(12530, 19, 12529, '常熟市', '常熟市', 5),
(12529, 19, 12416, '苏州市', '苏州市', 65),
(12528, 19, 12519, '滨湖区', '滨湖区', 45),
(12527, 19, 12519, '宜兴市', '宜兴市', 40),
(12526, 19, 12519, '江阴市', '江阴市', 35),
(12525, 19, 12519, '新区', '新区', 30),
(12524, 19, 12519, '惠山区', '惠山区', 25),
(12523, 19, 12519, '锡山区', '锡山区', 20),
(12522, 19, 12519, '北塘区', '北塘区', 15),
(12521, 19, 12519, '南长区', '南长区', 10),
(12520, 19, 12519, '崇安区', '崇安区', 5),
(12519, 19, 12416, '无锡市', '无锡市', 60),
(12518, 19, 12511, '溧阳市', '溧阳市', 35),
(12517, 19, 12511, '金坛市', '金坛市', 30),
(12516, 19, 12511, '戚墅堰区', '戚墅堰区', 25),
(12515, 19, 12511, '新北区', '新北区', 20),
(12514, 19, 12511, '武进区', '武进区', 15),
(12513, 19, 12511, '天宁区', '天宁区', 10),
(12512, 19, 12511, '钟楼区', '钟楼区', 5),
(12511, 19, 12416, '常州市', '常州市', 55),
(12510, 19, 12502, '丹徒新区', '丹徒新区', 40),
(12509, 19, 12502, '扬中市', '扬中市', 35),
(12508, 19, 12502, '句容市', '句容市', 30),
(12507, 19, 12502, '丹阳市', '丹阳市', 25),
(12506, 19, 12502, '镇江新区', '镇江新区', 20),
(12505, 19, 12502, '丹徒区', '丹徒区', 15),
(12504, 19, 12502, '京口区', '京口区', 10),
(12503, 19, 12502, '润州区', '润州区', 5),
(12502, 19, 12416, '镇江市', '镇江市', 50),
(12501, 19, 12492, '启东市', '启东市', 45),
(12500, 19, 12492, '海门市', '海门市', 40),
(12499, 19, 12492, '如皋市', '如皋市', 35),
(12498, 19, 12492, '海安县', '海安县', 30),
(12497, 19, 12492, '如东县', '如东县', 25),
(12496, 19, 12492, '南通经济技术开发区', '南通经济技术开发区', 20),
(12495, 19, 12492, '通州区', '通州区', 15),
(12494, 19, 12492, '崇川区', '崇川区', 10),
(12493, 19, 12492, '港闸区', '港闸区', 5),
(12492, 19, 12416, '南通市', '南通市', 45),
(12491, 19, 12485, '姜堰市', '姜堰市', 30),
(12490, 19, 12485, '兴化市', '兴化市', 25),
(12489, 19, 12485, '靖江市', '靖江市', 20),
(12488, 19, 12485, '泰兴市', '泰兴市', 15),
(12487, 19, 12485, '高港区', '高港区', 10),
(12486, 19, 12485, '海陵区', '海陵区', 5),
(12485, 19, 12416, '泰州市', '泰州市', 40),
(12484, 19, 12478, '江都区', '江都区', 30),
(12483, 19, 12478, '高邮市', '高邮市', 25),
(12482, 19, 12478, '仪征市', '仪征市', 20),
(12481, 19, 12478, '宝应县', '宝应县', 15),
(12480, 19, 12478, '邗江区', '邗江区', 10),
(12479, 19, 12478, '广陵区', '广陵区', 5),
(12478, 19, 12416, '扬州市', '扬州市', 35),
(12477, 19, 12468, '滨海县', '滨海县', 45),
(12476, 19, 12468, '阜宁县', '阜宁县', 40),
(12475, 19, 12468, '响水县', '响水县', 35),
(12474, 19, 12468, '建湖县', '建湖县', 30),
(12473, 19, 12468, '大丰市', '大丰市', 25),
(12472, 19, 12468, '东台市', '东台市', 20),
(12471, 19, 12468, '盐都区', '盐都区', 15),
(12470, 19, 12468, '亭湖区', '亭湖区', 10),
(12469, 19, 12468, '射阳县', '射阳县', 5),
(12468, 19, 12416, '盐城市', '盐城市', 30),
(12467, 19, 12461, '宿迁经济开发区', '宿迁经济开发区', 30),
(12466, 19, 12461, '泗洪县', '泗洪县', 25),
(12465, 19, 12461, '宿豫区', '宿豫区', 20),
(12464, 19, 12461, '泗阳县', '泗阳县', 15),
(12463, 19, 12461, '沭阳县', '沭阳县', 10),
(12462, 19, 12461, '宿城区', '宿城区', 5),
(12461, 19, 12416, '宿迁市', '宿迁市', 25),
(12460, 19, 12451, '涟水县', '涟水县', 45),
(12459, 19, 12451, '清浦区', '清浦区', 40),
(12458, 19, 12451, '淮阴区', '淮阴区', 35),
(12457, 19, 12451, '清河区', '清河区', 30),
(12456, 19, 12451, '盱眙县', '盱眙县', 25),
(12455, 19, 12451, '金湖县', '金湖县', 20),
(12454, 19, 12451, '洪泽县', '洪泽县', 15),
(12453, 19, 12451, '楚州区', '楚州区', 10),
(12452, 19, 12451, '经济开发区', '经济开发区', 5),
(12451, 19, 12416, '淮安市', '淮安市', 20),
(12450, 19, 12443, '灌南县', '灌南县', 35);
INSERT INTO `qinggan_opt` (`id`, `group_id`, `parent_id`, `title`, `val`, `taxis`) VALUES
(12449, 19, 12443, '东海县', '东海县', 30),
(12448, 19, 12443, '灌云县', '灌云县', 25),
(12447, 19, 12443, '连云区', '连云区', 20),
(12446, 19, 12443, '赣榆县', '赣榆县', 15),
(12445, 19, 12443, '新浦区', '新浦区', 10),
(12444, 19, 12443, '海州区', '海州区', 5),
(12443, 19, 12416, '连云港市', '连云港市', 15),
(12442, 19, 12429, '丰县', '丰县', 65),
(12441, 19, 12429, '沛县', '沛县', 60),
(12440, 19, 12429, '睢宁县', '睢宁县', 55),
(12439, 19, 12429, '铜山区', '铜山区', 50),
(12438, 19, 12429, '云龙区', '云龙区', 45),
(12437, 19, 12429, '新沂市', '新沂市', 40),
(12436, 19, 12429, '泉山区', '泉山区', 35),
(12435, 19, 12429, '邳州市', '邳州市', 30),
(12434, 19, 12429, '鼓楼区', '鼓楼区', 25),
(12433, 19, 12429, '八段工业园区', '八段工业园区', 20),
(12432, 19, 12429, '铜山经济技术开发区', '铜山经济技术开发区', 15),
(12431, 19, 12429, '金山桥开发区', '金山桥开发区', 10),
(12430, 19, 12429, '贾汪区', '贾汪区', 5),
(12429, 19, 12416, '徐州市', '徐州市', 10),
(12428, 19, 12417, '浦口区', '浦口区', 55),
(12427, 19, 12417, '溧水区', '溧水区', 50),
(12426, 19, 12417, '高淳区', '高淳区', 45),
(12425, 19, 12417, '雨花台区', '雨花台区', 40),
(12424, 19, 12417, '六合区', '六合区', 35),
(12423, 19, 12417, '江宁区', '江宁区', 30),
(12422, 19, 12417, '栖霞区', '栖霞区', 25),
(12421, 19, 12417, '鼓楼区', '鼓楼区', 20),
(12420, 19, 12417, '建邺区', '建邺区', 15),
(12419, 19, 12417, '秦淮区', '秦淮区', 10),
(12418, 19, 12417, '玄武区', '玄武区', 5),
(12417, 19, 12416, '南京市', '南京市', 5),
(12416, 19, 0, '江苏省', '江苏省', 60),
(12415, 19, 12407, '科尔沁左翼后旗', '科尔沁左翼后旗', 40),
(12414, 19, 12407, '科尔沁左翼中旗', '科尔沁左翼中旗', 35),
(12413, 19, 12407, '扎鲁特旗', '扎鲁特旗', 30),
(12412, 19, 12407, '奈曼旗', '奈曼旗', 25),
(12411, 19, 12407, '库伦旗', '库伦旗', 20),
(12410, 19, 12407, '开鲁县', '开鲁县', 15),
(12409, 19, 12407, '霍林郭勒市', '霍林郭勒市', 10),
(12408, 19, 12407, '科尔沁区', '科尔沁区', 5),
(12407, 19, 12301, '通辽市', '通辽市', 60),
(12406, 19, 12400, '科尔沁右翼中旗', '科尔沁右翼中旗', 30),
(12405, 19, 12400, '科尔沁右翼前旗', '科尔沁右翼前旗', 25),
(12404, 19, 12400, '扎赉特旗', '扎赉特旗', 20),
(12403, 19, 12400, '突泉县', '突泉县', 15),
(12402, 19, 12400, '阿尔山市', '阿尔山市', 10),
(12401, 19, 12400, '乌兰浩特市', '乌兰浩特市', 5),
(12400, 19, 12301, '兴安盟', '兴安盟', 55),
(12399, 19, 12396, '额济纳旗', '额济纳旗', 15),
(12398, 19, 12396, '阿拉善左旗', '阿拉善左旗', 10),
(12397, 19, 12396, '阿拉善右旗', '阿拉善右旗', 5),
(12396, 19, 12301, '阿拉善盟', '阿拉善盟', 50),
(12395, 19, 12388, '乌拉特前旗', '乌拉特前旗', 35),
(12394, 19, 12388, '乌拉特后旗 ', '乌拉特后旗 ', 30),
(12393, 19, 12388, '乌拉特中旗', '乌拉特中旗', 25),
(12392, 19, 12388, '杭锦后旗', '杭锦后旗', 20),
(12391, 19, 12388, '磴口县', '磴口县', 15),
(12390, 19, 12388, '五原县', '五原县', 10),
(12389, 19, 12388, '临河区', '临河区', 5),
(12388, 19, 12301, '巴彦淖尔市', '巴彦淖尔市', 45),
(12387, 19, 12378, '康巴什新区', '康巴什新区', 45),
(12386, 19, 12378, '达拉特旗', '达拉特旗', 40),
(12385, 19, 12378, '鄂托克前旗', '鄂托克前旗', 35),
(12384, 19, 12378, '鄂托克旗', '鄂托克旗', 30),
(12383, 19, 12378, '杭锦旗', '杭锦旗', 25),
(12382, 19, 12378, '乌审旗', '乌审旗', 20),
(12381, 19, 12378, '伊金霍洛旗', '伊金霍洛旗', 15),
(12380, 19, 12378, '准格尔旗', '准格尔旗', 10),
(12379, 19, 12378, '东胜区', '东胜区', 5),
(12378, 19, 12301, '鄂尔多斯市', '鄂尔多斯市', 40),
(12377, 19, 12364, '鄂温克族旗', '鄂温克族旗', 65),
(12376, 19, 12364, '莫力达瓦旗', '莫力达瓦旗', 60),
(12375, 19, 12364, '鄂伦春旗', '鄂伦春旗', 55),
(12374, 19, 12364, '新巴尔虎右旗', '新巴尔虎右旗', 50),
(12373, 19, 12364, '新巴尔虎左旗', '新巴尔虎左旗', 45),
(12372, 19, 12364, '阿荣旗', '阿荣旗', 40),
(12371, 19, 12364, '陈巴尔虎旗', '陈巴尔虎旗', 35),
(12370, 19, 12364, '额尔古纳市', '额尔古纳市', 30),
(12369, 19, 12364, '根河市', '根河市', 25),
(12368, 19, 12364, '扎兰屯市', '扎兰屯市', 20),
(12367, 19, 12364, '牙克石市', '牙克石市', 15),
(12366, 19, 12364, '满洲里市', '满洲里市', 10),
(12365, 19, 12364, '海拉尔区', '海拉尔区', 5),
(12364, 19, 12301, '呼伦贝尔市', '呼伦贝尔市', 35),
(12363, 19, 12351, '镶黄旗', '镶黄旗', 60),
(12362, 19, 12351, '正蓝旗', '正蓝旗', 55),
(12361, 19, 12351, '正镶白旗', '正镶白旗', 50),
(12360, 19, 12351, '太仆寺旗', '太仆寺旗', 45),
(12359, 19, 12351, '苏尼特左旗', '苏尼特左旗', 40),
(12358, 19, 12351, '苏尼特右旗', '苏尼特右旗', 35),
(12357, 19, 12351, '东乌珠穆沁旗', '东乌珠穆沁旗', 30),
(12356, 19, 12351, '西乌珠穆沁旗', '西乌珠穆沁旗', 25),
(12355, 19, 12351, '阿巴嘎旗', '阿巴嘎旗', 20),
(12354, 19, 12351, '多伦县', '多伦县', 15),
(12353, 19, 12351, '二连浩特市', '二连浩特市', 10),
(12352, 19, 12351, '锡林浩特市', '锡林浩特市', 5),
(12351, 19, 12301, '锡林郭勒盟', '锡林郭勒盟', 30),
(12350, 19, 12339, '四子王旗', '四子王旗', 55),
(12349, 19, 12339, '察哈尔右翼后旗', '察哈尔右翼后旗', 50),
(12348, 19, 12339, '察哈尔右翼中旗', '察哈尔右翼中旗', 45),
(12347, 19, 12339, '察哈尔右翼前旗', '察哈尔右翼前旗', 40),
(12346, 19, 12339, '化德县', '化德县', 35),
(12345, 19, 12339, '凉城县', '凉城县', 30),
(12344, 19, 12339, '商都县', '商都县', 25),
(12343, 19, 12339, '卓资县', '卓资县', 20),
(12342, 19, 12339, '兴和县', '兴和县', 15),
(12341, 19, 12339, '丰镇市', '丰镇市', 10),
(12340, 19, 12339, '集宁区', '集宁区', 5),
(12339, 19, 12301, '乌兰察布市', '乌兰察布市', 25),
(12338, 19, 12326, '松山区', '松山区', 60),
(12337, 19, 12326, '红山区', '红山区', 55),
(12336, 19, 12326, '元宝山区', '元宝山区', 50),
(12335, 19, 12326, '阿鲁科尔沁旗', '阿鲁科尔沁旗', 45),
(12334, 19, 12326, '巴林左旗', '巴林左旗', 40),
(12333, 19, 12326, '克什克腾旗', '克什克腾旗', 35),
(12332, 19, 12326, '林西县', '林西县', 30),
(12331, 19, 12326, '巴林右旗', '巴林右旗', 25),
(12330, 19, 12326, '翁牛特旗', '翁牛特旗', 20),
(12329, 19, 12326, '喀喇沁旗', '喀喇沁旗', 15),
(12328, 19, 12326, '敖汉旗', '敖汉旗', 10),
(12327, 19, 12326, '宁城县', '宁城县', 5),
(12326, 19, 12301, '赤峰市', '赤峰市', 20),
(12325, 19, 12322, '乌达区', '乌达区', 15),
(12324, 19, 12322, '海南区', '海南区', 10),
(12323, 19, 12322, '海勃湾区', '海勃湾区', 5),
(12322, 19, 12301, '乌海市', '乌海市', 15),
(12321, 19, 12312, '白云矿区', '白云矿区', 45),
(12320, 19, 12312, '石拐区', '石拐区', 40),
(12319, 19, 12312, '昆都仑区', '昆都仑区', 35),
(12318, 19, 12312, '青山区', '青山区', 30),
(12317, 19, 12312, '九原区', '九原区', 25),
(12316, 19, 12312, '东河区', '东河区', 20),
(12315, 19, 12312, '达茂联合旗', '达茂联合旗', 15),
(12314, 19, 12312, '土默特右旗', '土默特右旗', 10),
(12313, 19, 12312, '固阳县', '固阳县', 5),
(12312, 19, 12301, '包头市', '包头市', 10),
(12311, 19, 12302, '新城区', '新城区', 45),
(12310, 19, 12302, '回民区', '回民区', 40),
(12309, 19, 12302, '清水河县', '清水河县', 35),
(12308, 19, 12302, '托克托县', '托克托县', 30),
(12307, 19, 12302, '武川县', '武川县', 25),
(12306, 19, 12302, '和林格尔县', '和林格尔县', 20),
(12305, 19, 12302, '土默特左旗', '土默特左旗', 15),
(12304, 19, 12302, '赛罕区', '赛罕区', 10),
(12303, 19, 12302, '玉泉区', '玉泉区', 5),
(12302, 19, 12301, '呼和浩特市', '呼和浩特市', 5),
(12301, 19, 0, '内蒙古自治区', '内蒙古自治区', 55),
(12300, 19, 12293, '新林区', '新林区', 35),
(12299, 19, 12293, '漠河县', '漠河县', 30),
(12298, 19, 12293, '塔河县', '塔河县', 25),
(12297, 19, 12293, '呼玛县', '呼玛县', 20),
(12296, 19, 12293, '呼中区', '呼中区', 15),
(12295, 19, 12293, '松岭区', '松岭区', 10),
(12294, 19, 12293, '加格达奇区', '加格达奇区', 5),
(12293, 19, 12155, '大兴安岭地区', '大兴安岭地区', 65),
(12292, 19, 12282, '望奎县', '望奎县', 50),
(12291, 19, 12282, '庆安县', '庆安县', 45),
(12290, 19, 12282, '青冈县', '青冈县', 40),
(12289, 19, 12282, '明水县', '明水县', 35),
(12288, 19, 12282, '兰西县', '兰西县', 30),
(12287, 19, 12282, '绥棱县', '绥棱县', 25),
(12286, 19, 12282, '海伦市', '海伦市', 20),
(12285, 19, 12282, '肇东市', '肇东市', 15),
(12284, 19, 12282, '安达市', '安达市', 10),
(12283, 19, 12282, '北林区', '北林区', 5),
(12282, 19, 12155, '绥化市', '绥化市', 60),
(12281, 19, 12275, '爱辉区', '爱辉区', 30),
(12280, 19, 12275, '嫩江县', '嫩江县', 25),
(12279, 19, 12275, '孙吴县', '孙吴县', 20),
(12278, 19, 12275, '逊克县', '逊克县', 15),
(12277, 19, 12275, '五大连池市', '五大连池市', 10),
(12276, 19, 12275, '北安市', '北安市', 5),
(12275, 19, 12155, '黑河市', '黑河市', 55),
(12274, 19, 12270, '茄子河区', '茄子河区', 20),
(12273, 19, 12270, '新兴区', '新兴区', 15),
(12272, 19, 12270, '桃山区', '桃山区', 10),
(12271, 19, 12270, '勃利县', '勃利县', 5),
(12270, 19, 12155, '七台河市', '七台河市', 50),
(12269, 19, 12259, '富锦市', '富锦市', 50),
(12268, 19, 12259, '同江市', '同江市', 45),
(12267, 19, 12259, '郊区', '郊区', 40),
(12266, 19, 12259, '东风区', '东风区', 35),
(12265, 19, 12259, '向阳区', '向阳区', 30),
(12264, 19, 12259, '前进区', '前进区', 25),
(12263, 19, 12259, '汤原县', '汤原县', 20),
(12262, 19, 12259, '桦南县', '桦南县', 15),
(12261, 19, 12259, '抚远县', '抚远县', 10),
(12260, 19, 12259, '桦川县', '桦川县', 5),
(12259, 19, 12155, '佳木斯市', '佳木斯市', 45),
(12258, 19, 12248, '东宁县', '东宁县', 50),
(12257, 19, 12248, '林口县', '林口县', 45),
(12256, 19, 12248, '穆棱市', '穆棱市', 40),
(12255, 19, 12248, '宁安市', '宁安市', 35),
(12254, 19, 12248, '海林市', '海林市', 30),
(12253, 19, 12248, '绥芬河市', '绥芬河市', 25),
(12252, 19, 12248, '西安区', '西安区', 20),
(12251, 19, 12248, '阳明区', '阳明区', 15),
(12250, 19, 12248, '东安区', '东安区', 10),
(12249, 19, 12248, '爱民区', '爱民区', 5),
(12248, 19, 12155, '牡丹江市', '牡丹江市', 40),
(12247, 19, 12230, '嘉荫县', '嘉荫县', 85),
(12246, 19, 12230, '铁力市', '铁力市', 80),
(12245, 19, 12230, '上甘岭区', '上甘岭区', 75),
(12244, 19, 12230, '红星区', '红星区', 70),
(12243, 19, 12230, '乌伊岭区', '乌伊岭区', 65),
(12242, 19, 12230, '带岭区', '带岭区', 60),
(12241, 19, 12230, '汤旺河区', '汤旺河区', 55),
(12240, 19, 12230, '乌马河区', '乌马河区', 50),
(12239, 19, 12230, '五营区', '五营区', 45),
(12238, 19, 12230, '金山屯区', '金山屯区', 40),
(12237, 19, 12230, '美溪区', '美溪区', 35),
(12236, 19, 12230, '新青区', '新青区', 30),
(12235, 19, 12230, '翠峦区', '翠峦区', 25),
(12234, 19, 12230, '西林区', '西林区', 20),
(12233, 19, 12230, '友好区', '友好区', 15),
(12232, 19, 12230, '南岔区', '南岔区', 10),
(12231, 19, 12230, '伊春区', '伊春区', 5),
(12230, 19, 12155, '伊春市', '伊春市', 35),
(12229, 19, 12220, '杜尔伯特县', '杜尔伯特县', 45),
(12228, 19, 12220, '肇源县', '肇源县', 40),
(12227, 19, 12220, '肇州县', '肇州县', 35),
(12226, 19, 12220, '林甸县', '林甸县', 30),
(12225, 19, 12220, '大同区', '大同区', 25),
(12224, 19, 12220, '红岗区', '红岗区', 20),
(12223, 19, 12220, '让胡路区', '让胡路区', 15),
(12222, 19, 12220, '龙凤区', '龙凤区', 10),
(12221, 19, 12220, '萨尔图区', '萨尔图区', 5),
(12220, 19, 12155, '大庆市', '大庆市', 30),
(12219, 19, 12210, '鸡东县', '鸡东县', 45),
(12218, 19, 12210, '虎林市', '虎林市', 40),
(12217, 19, 12210, '密山市', '密山市', 35),
(12216, 19, 12210, '鸡冠区', '鸡冠区', 30),
(12215, 19, 12210, '麻山区', '麻山区', 25),
(12214, 19, 12210, '城子河区', '城子河区', 20),
(12213, 19, 12210, '梨树区', '梨树区', 15),
(12212, 19, 12210, '滴道区', '滴道区', 10),
(12211, 19, 12210, '恒山区', '恒山区', 5),
(12210, 19, 12155, '鸡西市', '鸡西市', 25),
(12209, 19, 12201, '饶河县', '饶河县', 40),
(12208, 19, 12201, '友谊县', '友谊县', 35),
(12207, 19, 12201, '宝清县', '宝清县', 30),
(12206, 19, 12201, '集贤县', '集贤县', 25),
(12205, 19, 12201, '宝山区', '宝山区', 20),
(12204, 19, 12201, '四方台区', '四方台区', 15),
(12203, 19, 12201, '岭东区', '岭东区', 10),
(12202, 19, 12201, '尖山区', '尖山区', 5),
(12201, 19, 12155, '双鸭山市', '双鸭山市', 20),
(12200, 19, 12192, '绥滨县', '绥滨县', 40),
(12199, 19, 12192, '萝北县', '萝北县', 35),
(12198, 19, 12192, '东山区', '东山区', 30),
(12197, 19, 12192, '兴安区', '兴安区', 25),
(12196, 19, 12192, '南山区', '南山区', 20),
(12195, 19, 12192, '工农区', '工农区', 15),
(12194, 19, 12192, '向阳区', '向阳区', 10),
(12193, 19, 12192, '兴山区', '兴山区', 5),
(12192, 19, 12155, '鹤岗市', '鹤岗市', 15),
(12191, 19, 12175, '泰来县', '泰来县', 80),
(12190, 19, 12175, '克东县', '克东县', 75),
(12189, 19, 12175, '龙江县', '龙江县', 70),
(12188, 19, 12175, '克山县', '克山县', 65),
(12187, 19, 12175, '依安县', '依安县', 60),
(12186, 19, 12175, '甘南县', '甘南县', 55),
(12185, 19, 12175, '拜泉县', '拜泉县', 50),
(12184, 19, 12175, '富裕县', '富裕县', 45),
(12183, 19, 12175, '讷河市', '讷河市', 40),
(12182, 19, 12175, '碾子山区', '碾子山区', 35),
(12181, 19, 12175, '富拉尔基区', '富拉尔基区', 30),
(12180, 19, 12175, '昂昂溪区', '昂昂溪区', 25),
(12179, 19, 12175, '梅里斯区', '梅里斯区', 20),
(12178, 19, 12175, '铁锋区', '铁锋区', 15),
(12177, 19, 12175, '龙沙区', '龙沙区', 10),
(12176, 19, 12175, '建华区', '建华区', 5),
(12175, 19, 12155, '齐齐哈尔市', '齐齐哈尔市', 10),
(12174, 19, 12156, '平房区', '平房区', 90),
(12173, 19, 12156, '香坊区', '香坊区', 85),
(12172, 19, 12156, '道外区', '道外区', 80),
(12171, 19, 12156, '南岗区', '南岗区', 75),
(12170, 19, 12156, '道里区', '道里区', 70),
(12169, 19, 12156, '松北区', '松北区', 65),
(12168, 19, 12156, '呼兰区', '呼兰区', 60),
(12167, 19, 12156, '延寿县', '延寿县', 55),
(12166, 19, 12156, '木兰县', '木兰县', 50),
(12165, 19, 12156, '通河县', '通河县', 45),
(12164, 19, 12156, '巴彦县', '巴彦县', 40),
(12163, 19, 12156, '依兰县', '依兰县', 35),
(12162, 19, 12156, '宾县', '宾县', 30),
(12161, 19, 12156, '方正县', '方正县', 25),
(12160, 19, 12156, '五常市', '五常市', 20),
(12159, 19, 12156, '双城市', '双城市', 15),
(12158, 19, 12156, '尚志市', '尚志市', 10),
(12157, 19, 12156, '阿城区', '阿城区', 5),
(12156, 19, 12155, '哈尔滨市', '哈尔滨市', 5),
(12155, 19, 0, '黑龙江省', '黑龙江省', 50),
(12154, 19, 12150, '东辽县', '东辽县', 20),
(12153, 19, 12150, '东丰县', '东丰县', 15),
(12152, 19, 12150, '西安区', '西安区', 10),
(12151, 19, 12150, '龙山区', '龙山区', 5),
(12150, 19, 12081, '辽源市', '辽源市', 45),
(12149, 19, 12141, '安图县', '安图县', 40),
(12148, 19, 12141, '汪清县', '汪清县', 35),
(12147, 19, 12141, '和龙市', '和龙市', 30),
(12146, 19, 12141, '龙井市', '龙井市', 25),
(12145, 19, 12141, '珲春市', '珲春市', 20),
(12144, 19, 12141, '敦化市', '敦化市', 15),
(12143, 19, 12141, '图们市', '图们市', 10),
(12142, 19, 12141, '延吉市', '延吉市', 5),
(12141, 19, 12081, '延边州', '延边州', 40),
(12140, 19, 12135, '洮北区', '洮北区', 25),
(12139, 19, 12135, '镇赉县', '镇赉县', 20),
(12138, 19, 12135, '通榆县', '通榆县', 15),
(12137, 19, 12135, '洮南市', '洮南市', 10),
(12136, 19, 12135, '大安市', '大安市', 5),
(12135, 19, 12081, '白城市', '白城市', 35),
(12134, 19, 12129, '扶余县', '扶余县', 25),
(12133, 19, 12129, '长岭县', '长岭县', 20),
(12132, 19, 12129, '乾安县', '乾安县', 15),
(12131, 19, 12129, '前郭县', '前郭县', 10),
(12130, 19, 12129, '宁江区', '宁江区', 5),
(12129, 19, 12081, '松原市', '松原市', 30),
(12128, 19, 12122, '长白县', '长白县', 30),
(12127, 19, 12122, '抚松县', '抚松县', 25),
(12126, 19, 12122, '靖宇县', '靖宇县', 20),
(12125, 19, 12122, '江源区', '江源区', 15),
(12124, 19, 12122, '临江市', '临江市', 10),
(12123, 19, 12122, '浑江区', '浑江区', 5),
(12122, 19, 12081, '白山市', '白山市', 25),
(12121, 19, 12114, '二道江区', '二道江区', 35),
(12120, 19, 12114, '柳河县', '柳河县', 30),
(12119, 19, 12114, '辉南县', '辉南县', 25),
(12118, 19, 12114, '通化县', '通化县', 20),
(12117, 19, 12114, '集安市', '集安市', 15),
(12116, 19, 12114, '梅河口市', '梅河口市', 10),
(12115, 19, 12114, '东昌区', '东昌区', 5),
(12114, 19, 12081, '通化市', '通化市', 20),
(12113, 19, 12107, '伊通县', '伊通县', 30),
(12112, 19, 12107, '梨树县', '梨树县', 25),
(12111, 19, 12107, '双辽市', '双辽市', 20),
(12110, 19, 12107, '公主岭市', '公主岭市', 15),
(12109, 19, 12107, '铁西区', '铁西区', 10),
(12108, 19, 12107, '铁东区', '铁东区', 5),
(12107, 19, 12081, '四平市', '四平市', 15),
(12106, 19, 12097, '永吉县', '永吉县', 45),
(12105, 19, 12097, '磐石市', '磐石市', 40),
(12104, 19, 12097, '蛟河市', '蛟河市', 35),
(12103, 19, 12097, '桦甸市', '桦甸市', 30),
(12102, 19, 12097, '舒兰市', '舒兰市', 25),
(12101, 19, 12097, '丰满区', '丰满区', 20),
(12100, 19, 12097, '船营区', '船营区', 15),
(12099, 19, 12097, '龙潭区', '龙潭区', 10),
(12098, 19, 12097, '昌邑区', '昌邑区', 5),
(12097, 19, 12081, '吉林市', '吉林市', 10),
(12096, 19, 12082, '经济技术开发区', '经济技术开发区', 70),
(12095, 19, 12082, '高新技术开发区', '高新技术开发区', 65),
(12094, 19, 12082, '汽车产业开发区', '汽车产业开发区', 60),
(12093, 19, 12082, '净月区', '净月区', 55),
(12092, 19, 12082, '绿园区', '绿园区', 50),
(12091, 19, 12082, '双阳区', '双阳区', 45),
(12090, 19, 12082, '二道区', '二道区', 40),
(12089, 19, 12082, '宽城区', '宽城区', 35),
(12088, 19, 12082, '南关区', '南关区', 30),
(12087, 19, 12082, '朝阳区', '朝阳区', 25),
(12086, 19, 12082, '农安县', '农安县', 20),
(12085, 19, 12082, '九台市', '九台市', 15),
(12084, 19, 12082, '榆树市', '榆树市', 10),
(12083, 19, 12082, '德惠市', '德惠市', 5),
(12082, 19, 12081, '长春市', '长春市', 5),
(12081, 19, 0, '吉林省', '吉林省', 45),
(12080, 19, 12073, '调兵山市', '调兵山市', 35),
(12079, 19, 12073, '昌图县', '昌图县', 30),
(12078, 19, 12073, '西丰县', '西丰县', 25),
(12077, 19, 12073, '铁岭县', '铁岭县', 20),
(12076, 19, 12073, '开原市', '开原市', 15),
(12075, 19, 12073, '清河区', '清河区', 10),
(12074, 19, 12073, '银州区', '银州区', 5),
(12073, 19, 11962, '铁岭市', '铁岭市', 70),
(12072, 19, 12065, '龙城区', '龙城区', 35),
(12071, 19, 12065, '建平县', '建平县', 30),
(12070, 19, 12065, '双塔区', '双塔区', 25),
(12069, 19, 12065, '朝阳县', '朝阳县', 20),
(12068, 19, 12065, '喀喇沁左翼县', '喀喇沁左翼县', 15),
(12067, 19, 12065, '北票市', '北票市', 10),
(12066, 19, 12065, '凌源市', '凌源市', 5),
(12065, 19, 11962, '朝阳市', '朝阳市', 65),
(12064, 19, 12057, '宏伟区', '宏伟区', 35),
(12063, 19, 12057, '弓长岭区', '弓长岭区', 30),
(12062, 19, 12057, '太子河区', '太子河区', 25),
(12061, 19, 12057, '灯塔市', '灯塔市', 20),
(12060, 19, 12057, '文圣区', '文圣区', 15),
(12059, 19, 12057, '白塔区', '白塔区', 10),
(12058, 19, 12057, '辽阳县', '辽阳县', 5),
(12057, 19, 11962, '辽阳市', '辽阳市', 60),
(12056, 19, 12049, '新邱区', '新邱区', 35),
(12055, 19, 12049, '清河门区', '清河门区', 30),
(12054, 19, 12049, '细河区', '细河区', 25),
(12053, 19, 12049, '太平区', '太平区', 20),
(12052, 19, 12049, '海州区', '海州区', 15),
(12051, 19, 12049, '彰武县', '彰武县', 10),
(12050, 19, 12049, '阜新县', '阜新县', 5),
(12049, 19, 11962, '阜新市', '阜新市', 55),
(12048, 19, 12044, '双台子区', '双台子区', 20),
(12047, 19, 12044, '兴隆台区', '兴隆台区', 15),
(12046, 19, 12044, '大洼县', '大洼县', 10),
(12045, 19, 12044, '盘山县', '盘山县', 5),
(12044, 19, 11962, '盘锦市', '盘锦市', 50),
(12043, 19, 12037, '鲅鱼圈区', '鲅鱼圈区', 30),
(12042, 19, 12037, '老边区', '老边区', 25),
(12041, 19, 12037, '盖州市', '盖州市', 20),
(12040, 19, 12037, '大石桥市', '大石桥市', 15),
(12039, 19, 12037, '站前区', '站前区', 10),
(12038, 19, 12037, '西市区', '西市区', 5),
(12037, 19, 11962, '营口市', '营口市', 45),
(12036, 19, 12030, '南票区', '南票区', 30),
(12035, 19, 12030, '建昌县', '建昌县', 25),
(12034, 19, 12030, '绥中县', '绥中县', 20),
(12033, 19, 12030, '兴城市', '兴城市', 15),
(12032, 19, 12030, '连山区', '连山区', 10),
(12031, 19, 12030, '龙港区', '龙港区', 5),
(12030, 19, 11962, '葫芦岛市', '葫芦岛市', 40),
(12029, 19, 12021, '经济技术开发区', '经济技术开发区', 40),
(12028, 19, 12021, '黑山县', '黑山县', 35),
(12027, 19, 12021, '北镇市', '北镇市', 30),
(12026, 19, 12021, '凌海市', '凌海市', 25),
(12025, 19, 12021, '义县', '义县', 20),
(12024, 19, 12021, '太和区', '太和区', 15),
(12023, 19, 12021, '古塔区', '古塔区', 10),
(12022, 19, 12021, '凌河区', '凌河区', 5),
(12021, 19, 11962, '锦州市', '锦州市', 35),
(12020, 19, 12014, '宽甸县', '宽甸县', 30),
(12019, 19, 12014, '凤城市', '凤城市', 25),
(12018, 19, 12014, '东港市', '东港市', 20),
(12017, 19, 12014, '振安区', '振安区', 15),
(12016, 19, 12014, '振兴区', '振兴区', 10),
(12015, 19, 12014, '元宝区', '元宝区', 5),
(12014, 19, 11962, '丹东市', '丹东市', 30),
(12013, 19, 12007, '南芬区', '南芬区', 30),
(12012, 19, 12007, '明山区', '明山区', 25),
(12011, 19, 12007, '溪湖区', '溪湖区', 20),
(12010, 19, 12007, '平山区', '平山区', 15),
(12009, 19, 12007, '本溪县', '本溪县', 10),
(12008, 19, 12007, '桓仁县', '桓仁县', 5),
(12007, 19, 11962, '本溪市', '本溪市', 25),
(12006, 19, 11999, '清原县', '清原县', 35),
(12005, 19, 11999, '新宾县', '新宾县', 30),
(12004, 19, 11999, '抚顺县', '抚顺县', 25),
(12003, 19, 11999, '顺城区', '顺城区', 20),
(12002, 19, 11999, '新抚区', '新抚区', 15),
(12001, 19, 11999, '东洲区', '东洲区', 10),
(12000, 19, 11999, '望花区', '望花区', 5),
(11999, 19, 11962, '抚顺市', '抚顺市', 20),
(11998, 19, 11991, '千山区', '千山区', 35),
(11997, 19, 11991, '铁西区', '铁西区', 30),
(11996, 19, 11991, '岫岩县', '岫岩县', 25),
(11995, 19, 11991, '海城市', '海城市', 20),
(11994, 19, 11991, '台安县', '台安县', 15),
(11993, 19, 11991, '立山区', '立山区', 10),
(11992, 19, 11991, '铁东区', '铁东区', 5),
(11991, 19, 11962, '鞍山市', '鞍山市', 15),
(11990, 19, 11978, '长海县', '长海县', 60),
(11989, 19, 11978, '庄河市', '庄河市', 55),
(11988, 19, 11978, '瓦房店市', '瓦房店市', 50),
(11987, 19, 11978, '普兰店市', '普兰店市', 45),
(11986, 19, 11978, '旅顺口区', '旅顺口区', 40),
(11985, 19, 11978, '金州区', '金州区', 35),
(11984, 19, 11978, '大连开发区', '大连开发区', 30),
(11983, 19, 11978, '高新园区', '高新园区', 25),
(11982, 19, 11978, '甘井子区', '甘井子区', 20),
(11981, 19, 11978, '西岗区', '西岗区', 15),
(11980, 19, 11978, '沙河口区', '沙河口区', 10),
(11979, 19, 11978, '中山区', '中山区', 5),
(11978, 19, 11962, '大连市', '大连市', 10),
(11977, 19, 11963, '沈北新区', '沈北新区', 70),
(11976, 19, 11963, '浑南新区', '浑南新区', 65),
(11975, 19, 11963, '和平区', '和平区', 60),
(11974, 19, 11963, '于洪区', '于洪区', 55),
(11973, 19, 11963, '东陵区', '东陵区', 50),
(11972, 19, 11963, '沈河区', '沈河区', 45),
(11971, 19, 11963, '大东区', '大东区', 40),
(11970, 19, 11963, '铁西区', '铁西区', 35),
(11969, 19, 11963, '皇姑区', '皇姑区', 30),
(11968, 19, 11963, '康平县', '康平县', 25),
(11967, 19, 11963, '辽中县', '辽中县', 20),
(11966, 19, 11963, '法库县', '法库县', 15),
(11965, 19, 11963, '新民市', '新民市', 10),
(11964, 19, 11963, '苏家屯区', '苏家屯区', 5),
(11963, 19, 11962, '沈阳市', '沈阳市', 5),
(11962, 19, 0, '辽宁省', '辽宁省', 40),
(11961, 19, 11949, '承留镇', '承留镇', 60),
(11960, 19, 11949, '大峪镇', '大峪镇', 55),
(11959, 19, 11949, '克井镇', '克井镇', 50),
(11958, 19, 11949, '梨林镇', '梨林镇', 45),
(11957, 19, 11949, '坡头镇', '坡头镇', 40),
(11956, 19, 11949, '邵原镇', '邵原镇', 35),
(11955, 19, 11949, '思礼镇', '思礼镇', 30),
(11954, 19, 11949, '王屋镇', '王屋镇', 25),
(11953, 19, 11949, '轵城镇', '轵城镇', 20),
(11952, 19, 11949, '下冶镇', '下冶镇', 15),
(11951, 19, 11949, '五龙口镇', '五龙口镇', 10),
(11950, 19, 11949, '城区', '城区', 5),
(11949, 19, 11766, '济源市', '济源市', 90),
(11948, 19, 11938, '浉河区', '浉河区', 50),
(11947, 19, 11938, '平桥区', '平桥区', 45),
(11946, 19, 11938, '商城县', '商城县', 40),
(11945, 19, 11938, '光山县', '光山县', 35),
(11944, 19, 11938, '罗山县', '罗山县', 30),
(11943, 19, 11938, '固始县', '固始县', 25),
(11942, 19, 11938, '新县', '新县', 20),
(11941, 19, 11938, '息县', '息县', 15),
(11940, 19, 11938, '淮滨县', '淮滨县', 10),
(11939, 19, 11938, '潢川县', '潢川县', 5),
(11938, 19, 11766, '信阳市', '信阳市', 85),
(11937, 19, 11927, '驿城区', '驿城区', 50),
(11936, 19, 11927, '正阳县', '正阳县', 45),
(11935, 19, 11927, '平舆县', '平舆县', 40),
(11934, 19, 11927, '汝南县', '汝南县', 35),
(11933, 19, 11927, '遂平县', '遂平县', 30),
(11932, 19, 11927, '西平县', '西平县', 25),
(11931, 19, 11927, '泌阳县', '泌阳县', 20),
(11930, 19, 11927, '上蔡县', '上蔡县', 15),
(11929, 19, 11927, '新蔡县', '新蔡县', 10),
(11928, 19, 11927, '确山县', '确山县', 5),
(11927, 19, 11766, '驻马店市', '驻马店市', 80),
(11926, 19, 11914, '经济开发区', '经济开发区', 60),
(11925, 19, 11914, '东新区', '东新区', 55),
(11924, 19, 11914, '川汇区', '川汇区', 50),
(11923, 19, 11914, '郸城县', '郸城县', 45),
(11922, 19, 11914, '沈丘县', '沈丘县', 40),
(11921, 19, 11914, '扶沟县', '扶沟县', 35),
(11920, 19, 11914, '西华县', '西华县', 30),
(11919, 19, 11914, '鹿邑县', '鹿邑县', 25),
(11918, 19, 11914, '太康县', '太康县', 20),
(11917, 19, 11914, '淮阳县', '淮阳县', 15),
(11916, 19, 11914, '商水县', '商水县', 10),
(11915, 19, 11914, '项城市', '项城市', 5),
(11914, 19, 11766, '周口市', '周口市', 75),
(11913, 19, 11904, '梁园区', '梁园区', 45),
(11912, 19, 11904, '睢阳区', '睢阳区', 40),
(11911, 19, 11904, '睢县', '睢县', 35),
(11910, 19, 11904, '柘城县', '柘城县', 30),
(11909, 19, 11904, '夏邑县', '夏邑县', 25),
(11908, 19, 11904, '民权县', '民权县', 20),
(11907, 19, 11904, '虞城县', '虞城县', 15),
(11906, 19, 11904, '宁陵县', '宁陵县', 10),
(11905, 19, 11904, '永城市', '永城市', 5),
(11904, 19, 11766, '商丘市', '商丘市', 70),
(11903, 19, 11890, '新野县', '新野县', 65),
(11902, 19, 11890, '内乡县', '内乡县', 60),
(11901, 19, 11890, '南召县', '南召县', 55),
(11900, 19, 11890, '唐河县', '唐河县', 50),
(11899, 19, 11890, '镇平县', '镇平县', 45),
(11898, 19, 11890, '淅川县', '淅川县', 40),
(11897, 19, 11890, '方城县', '方城县', 35),
(11896, 19, 11890, '桐柏县', '桐柏县', 30),
(11895, 19, 11890, '邓州市', '邓州市', 25),
(11894, 19, 11890, '宛城区', '宛城区', 20),
(11893, 19, 11890, '卧龙区', '卧龙区', 15),
(11892, 19, 11890, '西峡县', '西峡县', 10),
(11891, 19, 11890, '社旗县', '社旗县', 5),
(11890, 19, 11766, '南阳市', '南阳市', 65),
(11889, 19, 11883, '卢氏县', '卢氏县', 30),
(11888, 19, 11883, '陕县', '陕县', 25),
(11887, 19, 11883, '灵宝市', '灵宝市', 20),
(11886, 19, 11883, '义马市', '义马市', 15),
(11885, 19, 11883, '湖滨区', '湖滨区', 10),
(11884, 19, 11883, '渑池县', '渑池县', 5),
(11883, 19, 11766, '三门峡市', '三门峡市', 60),
(11882, 19, 11877, '源汇区', '源汇区', 25),
(11881, 19, 11877, '舞阳县', '舞阳县', 20),
(11880, 19, 11877, '召陵区', '召陵区', 15),
(11879, 19, 11877, '临颍县', '临颍县', 10),
(11878, 19, 11877, '郾城区', '郾城区', 5),
(11877, 19, 11766, '漯河市', '漯河市', 55),
(11876, 19, 11870, '襄城县', '襄城县', 30),
(11875, 19, 11870, '鄢陵县', '鄢陵县', 25),
(11874, 19, 11870, '许昌县', '许昌县', 20),
(11873, 19, 11870, '长葛市', '长葛市', 15),
(11872, 19, 11870, '禹州市', '禹州市', 10),
(11871, 19, 11870, '魏都区', '魏都区', 5),
(11870, 19, 11766, '许昌市', '许昌市', 50),
(11869, 19, 11863, '华龙区', '华龙区', 30),
(11868, 19, 11863, '范县', '范县', 25),
(11867, 19, 11863, '清丰县', '清丰县', 20),
(11866, 19, 11863, '台前县', '台前县', 15),
(11865, 19, 11863, '南乐县', '南乐县', 10),
(11864, 19, 11863, '濮阳县', '濮阳县', 5),
(11863, 19, 11766, '濮阳市', '濮阳市', 45),
(11862, 19, 11852, '内黄县', '内黄县', 50),
(11861, 19, 11852, '汤阴县', '汤阴县', 45),
(11860, 19, 11852, '滑县', '滑县', 40),
(11859, 19, 11852, '安阳县', '安阳县', 35),
(11858, 19, 11852, '林州市', '林州市', 30),
(11857, 19, 11852, '北关区', '北关区', 25),
(11856, 19, 11852, '开发区', '开发区', 20),
(11855, 19, 11852, '文峰区', '文峰区', 15),
(11854, 19, 11852, '殷都区', '殷都区', 10),
(11853, 19, 11852, '龙安区', '龙安区', 5),
(11852, 19, 11766, '安阳市', '安阳市', 40),
(11851, 19, 11839, '凤泉区', '凤泉区', 60),
(11850, 19, 11839, '封丘县', '封丘县', 55),
(11849, 19, 11839, '延津县', '延津县', 50),
(11848, 19, 11839, '长垣县', '长垣县', 45),
(11847, 19, 11839, '原阳县', '原阳县', 40),
(11846, 19, 11839, '获嘉县', '获嘉县', 35),
(11845, 19, 11839, '新乡县', '新乡县', 30),
(11844, 19, 11839, '辉县市', '辉县市', 25),
(11843, 19, 11839, '卫辉市', '卫辉市', 20),
(11842, 19, 11839, '卫滨区', '卫滨区', 15),
(11841, 19, 11839, '红旗区', '红旗区', 10),
(11840, 19, 11839, '牧野区', '牧野区', 5),
(11839, 19, 11766, '新乡市', '新乡市', 35),
(11838, 19, 11833, '山城区', '山城区', 25),
(11837, 19, 11833, '鹤山区', '鹤山区', 20),
(11836, 19, 11833, '淇县', '淇县', 15),
(11835, 19, 11833, '浚县', '浚县', 10),
(11834, 19, 11833, '淇滨区', '淇滨区', 5),
(11833, 19, 11766, '鹤壁市', '鹤壁市', 30),
(11832, 19, 11822, '中站区', '中站区', 50),
(11831, 19, 11822, '马村区', '马村区', 45),
(11830, 19, 11822, '解放区', '解放区', 40),
(11829, 19, 11822, '山阳区', '山阳区', 35),
(11828, 19, 11822, '博爱县', '博爱县', 30),
(11827, 19, 11822, '武陟县', '武陟县', 25),
(11826, 19, 11822, '温县', '温县', 20),
(11825, 19, 11822, '修武县', '修武县', 15),
(11824, 19, 11822, '孟州市', '孟州市', 10),
(11823, 19, 11822, '沁阳市', '沁阳市', 5),
(11822, 19, 11766, '焦作市', '焦作市', 25),
(11821, 19, 11811, '石龙区', '石龙区', 50),
(11820, 19, 11811, '宝丰县', '宝丰县', 45),
(11819, 19, 11811, '鲁山县', '鲁山县', 40),
(11818, 19, 11811, '叶县', '叶县', 35),
(11817, 19, 11811, '郏县', '郏县', 30),
(11816, 19, 11811, '舞钢市', '舞钢市', 25),
(11815, 19, 11811, '汝州市', '汝州市', 20),
(11814, 19, 11811, '新华区', '新华区', 15),
(11813, 19, 11811, '卫东区', '卫东区', 10),
(11812, 19, 11811, '湛河区', '湛河区', 5),
(11811, 19, 11766, '平顶山市', '平顶山市', 20),
(11810, 19, 11794, '老城区', '老城区', 80),
(11809, 19, 11794, '瀍河区', '瀍河区', 75),
(11808, 19, 11794, '吉利区', '吉利区', 70),
(11807, 19, 11794, '伊滨区', '伊滨区', 65),
(11806, 19, 11794, '新安县', '新安县', 60),
(11805, 19, 11794, '栾川县', '栾川县', 55),
(11804, 19, 11794, '宜阳县', '宜阳县', 50),
(11803, 19, 11794, '洛宁县', '洛宁县', 45),
(11802, 19, 11794, '伊川县', '伊川县', 40),
(11801, 19, 11794, '汝阳县', '汝阳县', 35),
(11800, 19, 11794, '孟津县', '孟津县', 30),
(11799, 19, 11794, '偃师市', '偃师市', 25),
(11798, 19, 11794, '嵩县', '嵩县', 20),
(11797, 19, 11794, '洛龙区', '洛龙区', 15),
(11796, 19, 11794, '西工区', '西工区', 10),
(11795, 19, 11794, '涧西区', '涧西区', 5),
(11794, 19, 11766, '洛阳市', '洛阳市', 15),
(11793, 19, 11783, '尉氏县', '尉氏县', 50),
(11792, 19, 11783, '兰考县', '兰考县', 45),
(11791, 19, 11783, '杞县', '杞县', 40),
(11790, 19, 11783, '开封县', '开封县', 35),
(11789, 19, 11783, '通许县', '通许县', 30),
(11788, 19, 11783, '禹王台区', '禹王台区', 25),
(11787, 19, 11783, '鼓楼区', '鼓楼区', 20),
(11786, 19, 11783, '顺河区', '顺河区', 15),
(11785, 19, 11783, '龙亭区', '龙亭区', 10),
(11784, 19, 11783, '金明区', '金明区', 5),
(11783, 19, 11766, '开封市', '开封市', 10),
(11782, 19, 11767, '上街区', '上街区', 75),
(11781, 19, 11767, '惠济区', '惠济区', 70),
(11780, 19, 11767, '登封市', '登封市', 65),
(11779, 19, 11767, '新密市', '新密市', 60),
(11778, 19, 11767, '中牟县', '中牟县', 55),
(11777, 19, 11767, '荥阳市', '荥阳市', 50),
(11776, 19, 11767, '巩义市', '巩义市', 45),
(11775, 19, 11767, '新郑市', '新郑市', 40),
(11774, 19, 11767, '高新技术开发区', '高新技术开发区', 35),
(11773, 19, 11767, '经济开发区', '经济开发区', 30),
(11772, 19, 11767, '金水区', '金水区', 25),
(11771, 19, 11767, '管城区', '管城区', 20),
(11770, 19, 11767, '郑东新区', '郑东新区', 15),
(11769, 19, 11767, '中原区', '中原区', 10),
(11768, 19, 11767, '二七区', '二七区', 5),
(11767, 19, 11766, '郑州市', '郑州市', 5),
(11766, 19, 0, '河南省', '河南省', 35),
(11765, 19, 11752, '城区', '城区', 65),
(11764, 19, 11752, '沁源县', '沁源县', 60),
(11763, 19, 11752, '沁县', '沁县', 55),
(11762, 19, 11752, '武乡县', '武乡县', 50),
(11761, 19, 11752, '长子县', '长子县', 45),
(11760, 19, 11752, '壶关县', '壶关县', 40),
(11759, 19, 11752, '黎城县', '黎城县', 35),
(11758, 19, 11752, '平顺县', '平顺县', 30),
(11757, 19, 11752, '屯留县', '屯留县', 25),
(11756, 19, 11752, '襄垣县', '襄垣县', 20),
(11755, 19, 11752, '郊区', '郊区', 15),
(11754, 19, 11752, '潞城市', '潞城市', 10),
(11753, 19, 11752, '长治县', '长治县', 5),
(11752, 19, 11635, '长治市', '长治市', 55),
(11751, 19, 11738, '闻喜县', '闻喜县', 65),
(11750, 19, 11738, '万荣县', '万荣县', 60),
(11749, 19, 11738, '临猗县', '临猗县', 55),
(11748, 19, 11738, '夏县', '夏县', 50),
(11747, 19, 11738, '芮城县', '芮城县', 45),
(11746, 19, 11738, '稷山县', '稷山县', 40),
(11745, 19, 11738, '绛县', '绛县', 35),
(11744, 19, 11738, '垣曲县', '垣曲县', 30),
(11743, 19, 11738, '平陆县', '平陆县', 25),
(11742, 19, 11738, '新绛县', '新绛县', 20),
(11741, 19, 11738, '永济市', '永济市', 15),
(11740, 19, 11738, '河津市', '河津市', 10),
(11739, 19, 11738, '盐湖区', '盐湖区', 5),
(11738, 19, 11635, '运城市', '运城市', 50),
(11737, 19, 11720, '尧都区', '尧都区', 85),
(11736, 19, 11720, '蒲县', '蒲县', 80),
(11735, 19, 11720, '洪洞县', '洪洞县', 75),
(11734, 19, 11720, '乡宁县', '乡宁县', 70),
(11733, 19, 11720, '永和县', '永和县', 65),
(11732, 19, 11720, '翼城县', '翼城县', 60),
(11731, 19, 11720, '襄汾县', '襄汾县', 55),
(11730, 19, 11720, '隰县', '隰县', 50),
(11729, 19, 11720, '古县', '古县', 45),
(11728, 19, 11720, '大宁县', '大宁县', 40),
(11727, 19, 11720, '浮山县', '浮山县', 35),
(11726, 19, 11720, '安泽县', '安泽县', 30),
(11725, 19, 11720, '吉县', '吉县', 25),
(11724, 19, 11720, '汾西县', '汾西县', 20),
(11723, 19, 11720, '霍州市', '霍州市', 15),
(11722, 19, 11720, '侯马市', '侯马市', 10),
(11721, 19, 11720, '曲沃县', '曲沃县', 5),
(11720, 19, 11635, '临汾市', '临汾市', 45),
(11719, 19, 11706, '石楼县', '石楼县', 65),
(11718, 19, 11706, '交城县', '交城县', 60),
(11717, 19, 11706, '交口县', '交口县', 55),
(11716, 19, 11706, '岚县', '岚县', 50),
(11715, 19, 11706, '柳林县', '柳林县', 45),
(11714, 19, 11706, '方山县', '方山县', 40),
(11713, 19, 11706, '临县', '临县', 35),
(11712, 19, 11706, '兴县', '兴县', 30),
(11711, 19, 11706, '中阳县', '中阳县', 25),
(11710, 19, 11706, '文水县', '文水县', 20),
(11709, 19, 11706, '汾阳市', '汾阳市', 15),
(11708, 19, 11706, '孝义市', '孝义市', 10),
(11707, 19, 11706, '离石区', '离石区', 5),
(11706, 19, 11635, '吕梁市', '吕梁市', 40),
(11705, 19, 11691, '岢岚县', '岢岚县', 70),
(11704, 19, 11691, '忻府区', '忻府区', 65),
(11703, 19, 11691, '定襄县', '定襄县', 60),
(11702, 19, 11691, '保德县', '保德县', 55),
(11701, 19, 11691, '河曲县', '河曲县', 50),
(11700, 19, 11691, '繁峙县', '繁峙县', 45),
(11699, 19, 11691, '静乐县', '静乐县', 40),
(11698, 19, 11691, '宁武县', '宁武县', 35),
(11697, 19, 11691, '偏关县', '偏关县', 30),
(11696, 19, 11691, '五台县', '五台县', 25),
(11695, 19, 11691, '五寨县', '五寨县', 20),
(11694, 19, 11691, '神池县', '神池县', 15),
(11693, 19, 11691, '代县', '代县', 10),
(11692, 19, 11691, '原平市', '原平市', 5),
(11691, 19, 11635, '忻州市', '忻州市', 35),
(11690, 19, 11679, '榆次区', '榆次区', 55),
(11689, 19, 11679, '榆社县', '榆社县', 50),
(11688, 19, 11679, '平遥县', '平遥县', 45),
(11687, 19, 11679, '灵石县', '灵石县', 40),
(11686, 19, 11679, '和顺县', '和顺县', 35),
(11685, 19, 11679, '太谷县', '太谷县', 30),
(11684, 19, 11679, '寿阳县', '寿阳县', 25),
(11683, 19, 11679, '左权县', '左权县', 20),
(11682, 19, 11679, '祁县', '祁县', 15),
(11681, 19, 11679, '昔阳县', '昔阳县', 10),
(11680, 19, 11679, '介休市', '介休市', 5),
(11679, 19, 11635, '晋中市', '晋中市', 30),
(11678, 19, 11672, '朔城区', '朔城区', 30),
(11677, 19, 11672, '怀仁县', '怀仁县', 25),
(11676, 19, 11672, '应县', '应县', 20),
(11675, 19, 11672, '右玉县', '右玉县', 15),
(11674, 19, 11672, '山阴县', '山阴县', 10),
(11673, 19, 11672, '平鲁区', '平鲁区', 5),
(11672, 19, 11635, '朔州市', '朔州市', 25),
(11671, 19, 11665, '泽州县', '泽州县', 30),
(11670, 19, 11665, '陵川县', '陵川县', 25),
(11669, 19, 11665, '沁水县', '沁水县', 20),
(11668, 19, 11665, '阳城县', '阳城县', 15),
(11667, 19, 11665, '高平市', '高平市', 10),
(11666, 19, 11665, '城区', '城区', 5),
(11665, 19, 11635, '晋城市', '晋城市', 20),
(11664, 19, 11659, '矿区', '矿区', 25),
(11663, 19, 11659, '城区', '城区', 20),
(11662, 19, 11659, '郊区', '郊区', 15),
(11661, 19, 11659, '平定县', '平定县', 10),
(11660, 19, 11659, '盂县', '盂县', 5),
(11659, 19, 11635, '阳泉市', '阳泉市', 15),
(11658, 19, 11647, '矿区', '矿区', 55),
(11657, 19, 11647, '南郊区', '南郊区', 50),
(11656, 19, 11647, '新荣区', '新荣区', 45),
(11655, 19, 11647, '城区', '城区', 40),
(11654, 19, 11647, '广灵县', '广灵县', 35),
(11653, 19, 11647, '浑源县', '浑源县', 30),
(11652, 19, 11647, '左云县', '左云县', 25),
(11651, 19, 11647, '阳高县', '阳高县', 20),
(11650, 19, 11647, '灵丘县', '灵丘县', 15),
(11649, 19, 11647, '天镇县', '天镇县', 10),
(11648, 19, 11647, '大同县', '大同县', 5),
(11647, 19, 11635, '大同市', '大同市', 10),
(11646, 19, 11636, '清徐县', '清徐县', 50),
(11645, 19, 11636, '娄烦县', '娄烦县', 45),
(11644, 19, 11636, '阳曲县', '阳曲县', 40),
(11643, 19, 11636, '古交市', '古交市', 35),
(11642, 19, 11636, '杏花岭区', '杏花岭区', 30),
(11641, 19, 11636, '尖草坪区', '尖草坪区', 25),
(11640, 19, 11636, '万柏林区', '万柏林区', 20),
(11639, 19, 11636, '晋源区', '晋源区', 15),
(11638, 19, 11636, '迎泽区', '迎泽区', 10),
(11637, 19, 11636, '小店区', '小店区', 5),
(11636, 19, 11635, '太原市', '太原市', 5),
(11635, 19, 0, '山西省', '山西省', 30),
(11634, 19, 11623, '武强县', '武强县', 55),
(11633, 19, 11623, '景县', '景县', 50),
(11632, 19, 11623, '武邑县', '武邑县', 45),
(11631, 19, 11623, '安平县', '安平县', 40),
(11630, 19, 11623, '阜城县', '阜城县', 35),
(11629, 19, 11623, '故城县', '故城县', 30),
(11628, 19, 11623, '桃城区', '桃城区', 25),
(11627, 19, 11623, '枣强县', '枣强县', 20),
(11626, 19, 11623, '饶阳县', '饶阳县', 15),
(11625, 19, 11623, '深州市', '深州市', 10),
(11624, 19, 11623, '冀州市', '冀州市', 5),
(11623, 19, 11450, '衡水市', '衡水市', 55),
(11622, 19, 11611, '霸州市', '霸州市', 55),
(11621, 19, 11611, '大厂县', '大厂县', 50),
(11620, 19, 11611, '文安县', '文安县', 45),
(11619, 19, 11611, '大城县', '大城县', 40),
(11618, 19, 11611, '香河县', '香河县', 35),
(11617, 19, 11611, '永清县', '永清县', 30),
(11616, 19, 11611, '安次区', '安次区', 25),
(11615, 19, 11611, '固安县', '固安县', 20),
(11614, 19, 11611, '开发区', '开发区', 15),
(11613, 19, 11611, '广阳区', '广阳区', 10),
(11612, 19, 11611, '三河市', '三河市', 5),
(11611, 19, 11450, '廊坊市', '廊坊市', 50),
(11610, 19, 11594, '黄骅市', '黄骅市', 80),
(11609, 19, 11594, '任丘市', '任丘市', 75),
(11608, 19, 11594, '新华区', '新华区', 70),
(11607, 19, 11594, '运河区', '运河区', 65),
(11606, 19, 11594, '孟村县', '孟村县', 60),
(11605, 19, 11594, '海兴县', '海兴县', 55),
(11604, 19, 11594, '盐山县', '盐山县', 50),
(11603, 19, 11594, '南皮县', '南皮县', 45),
(11602, 19, 11594, '吴桥县', '吴桥县', 40),
(11601, 19, 11594, '东光县', '东光县', 35),
(11600, 19, 11594, '青县', '青县', 30),
(11599, 19, 11594, '肃宁县', '肃宁县', 25),
(11598, 19, 11594, '献县', '献县', 20),
(11597, 19, 11594, '河间市', '河间市', 15),
(11596, 19, 11594, '泊头市', '泊头市', 10),
(11595, 19, 11594, '沧县', '沧县', 5),
(11594, 19, 11450, '沧州市', '沧州市', 45),
(11593, 19, 11579, '滦县', '滦县', 70),
(11592, 19, 11579, '乐亭县', '乐亭县', 65),
(11591, 19, 11579, '曹妃甸区', '曹妃甸区', 60),
(11590, 19, 11579, '玉田县', '玉田县', 55),
(11589, 19, 11579, '滦南县', '滦南县', 50),
(11588, 19, 11579, '迁西县', '迁西县', 45),
(11587, 19, 11579, '丰南区', '丰南区', 40),
(11586, 19, 11579, '遵化市', '遵化市', 35),
(11585, 19, 11579, '开平区', '开平区', 30),
(11584, 19, 11579, '古冶区', '古冶区', 25),
(11583, 19, 11579, '丰润区', '丰润区', 20),
(11582, 19, 11579, '迁安市', '迁安市', 15),
(11581, 19, 11579, '路南区', '路南区', 10),
(11580, 19, 11579, '路北区', '路北区', 5),
(11579, 19, 11450, '唐山市', '唐山市', 40),
(11578, 19, 11571, '抚宁县', '抚宁县', 35),
(11577, 19, 11571, '山海关区', '山海关区', 30),
(11576, 19, 11571, '海港区', '海港区', 25),
(11575, 19, 11571, '北戴河区', '北戴河区', 20),
(11574, 19, 11571, '昌黎县', '昌黎县', 15),
(11573, 19, 11571, '青龙县', '青龙县', 10),
(11572, 19, 11571, '卢龙县', '卢龙县', 5),
(11571, 19, 11450, '秦皇岛市', '秦皇岛市', 35),
(11570, 19, 11559, '承德县', '承德县', 55),
(11569, 19, 11559, '双桥区', '双桥区', 50),
(11568, 19, 11559, '宽城县', '宽城县', 45),
(11567, 19, 11559, '围场县', '围场县', 40),
(11566, 19, 11559, '丰宁县', '丰宁县', 35),
(11565, 19, 11559, '滦平县', '滦平县', 30),
(11564, 19, 11559, '平泉县', '平泉县', 25),
(11563, 19, 11559, '兴隆县', '兴隆县', 20),
(11562, 19, 11559, '隆化县', '隆化县', 15),
(11561, 19, 11559, '鹰手营子矿区', '鹰手营子矿区', 10),
(11560, 19, 11559, '双滦区', '双滦区', 5),
(11559, 19, 11450, '承德市', '承德市', 30),
(11558, 19, 11541, '怀来县', '怀来县', 85),
(11557, 19, 11541, '桥东区', '桥东区', 80),
(11556, 19, 11541, '桥西区', '桥西区', 75),
(11555, 19, 11541, '下花园区', '下花园区', 70),
(11554, 19, 11541, '万全县', '万全县', 65),
(11553, 19, 11541, '涿鹿县', '涿鹿县', 60),
(11552, 19, 11541, '蔚县', '蔚县', 55),
(11551, 19, 11541, '尚义县', '尚义县', 50),
(11550, 19, 11541, '崇礼县', '崇礼县', 45),
(11549, 19, 11541, '赤城县', '赤城县', 40),
(11548, 19, 11541, '阳原县', '阳原县', 35),
(11547, 19, 11541, '张北县', '张北县', 30),
(11546, 19, 11541, '康保县', '康保县', 25),
(11545, 19, 11541, '宣化县', '宣化县', 20),
(11544, 19, 11541, '宣化区', '宣化区', 15),
(11543, 19, 11541, '沽源县', '沽源县', 10),
(11542, 19, 11541, '怀安县', '怀安县', 5),
(11541, 19, 11450, '张家口市', '张家口市', 25),
(11540, 19, 11515, '雄县', '雄县', 125),
(11539, 19, 11515, '博野县', '博野县', 120),
(11538, 19, 11515, '顺平县', '顺平县', 115),
(11537, 19, 11515, '蠡县', '蠡县', 110),
(11536, 19, 11515, '曲阳县', '曲阳县', 105),
(11535, 19, 11515, '易县', '易县', 100),
(11534, 19, 11515, '望都县', '望都县', 95),
(11533, 19, 11515, '涞源县', '涞源县', 90),
(11532, 19, 11515, '容城县', '容城县', 85),
(11531, 19, 11515, '高阳县', '高阳县', 80),
(11530, 19, 11515, '唐县', '唐县', 75),
(11529, 19, 11515, '定兴县', '定兴县', 70),
(11528, 19, 11515, '阜平县', '阜平县', 65),
(11527, 19, 11515, '涞水县', '涞水县', 60),
(11526, 19, 11515, '清苑县', '清苑县', 55),
(11525, 19, 11515, '满城县', '满城县', 50),
(11524, 19, 11515, '安新县', '安新县', 45),
(11523, 19, 11515, '安国市', '安国市', 40),
(11522, 19, 11515, '南市区', '南市区', 35),
(11521, 19, 11515, '北市区', '北市区', 30),
(11520, 19, 11515, '新市区', '新市区', 25),
(11519, 19, 11515, '高碑店市', '高碑店市', 20),
(11518, 19, 11515, '徐水县', '徐水县', 15),
(11517, 19, 11515, '定州市', '定州市', 10),
(11516, 19, 11515, '涿州市', '涿州市', 5),
(11515, 19, 11450, '保定市', '保定市', 20),
(11514, 19, 11495, '南和县', '南和县', 95),
(11513, 19, 11495, '新河县', '新河县', 90),
(11512, 19, 11495, '巨鹿县', '巨鹿县', 85),
(11511, 19, 11495, '平乡县', '平乡县', 80),
(11510, 19, 11495, '内丘县', '内丘县', 75),
(11509, 19, 11495, '临西县', '临西县', 70),
(11508, 19, 11495, '广宗县', '广宗县', 65),
(11507, 19, 11495, '临城县', '临城县', 60),
(11506, 19, 11495, '隆尧县', '隆尧县', 55),
(11505, 19, 11495, '清河县', '清河县', 50),
(11504, 19, 11495, '任县', '任县', 45),
(11503, 19, 11495, '柏乡县', '柏乡县', 40),
(11502, 19, 11495, '沙河市', '沙河市', 35),
(11501, 19, 11495, '南宫市', '南宫市', 30),
(11500, 19, 11495, '邢台县', '邢台县', 25),
(11499, 19, 11495, '桥东区', '桥东区', 20),
(11498, 19, 11495, '桥西区', '桥西区', 15),
(11497, 19, 11495, '威县', '威县', 10),
(11496, 19, 11495, '宁晋县', '宁晋县', 5),
(11495, 19, 11450, '邢台市', '邢台市', 15),
(11494, 19, 11475, '磁县', '磁县', 95),
(11493, 19, 11475, '肥乡县', '肥乡县', 90),
(11492, 19, 11475, '广平县', '广平县', 85),
(11491, 19, 11475, '邱县', '邱县', 80),
(11490, 19, 11475, '鸡泽县', '鸡泽县', 75),
(11489, 19, 11475, '涉县', '涉县', 70),
(11488, 19, 11475, '大名县', '大名县', 65),
(11487, 19, 11475, '成安县', '成安县', 60),
(11486, 19, 11475, '魏县', '魏县', 55),
(11485, 19, 11475, '馆陶县', '馆陶县', 50),
(11484, 19, 11475, '曲周县', '曲周县', 45),
(11483, 19, 11475, '峰峰矿区', '峰峰矿区', 40),
(11482, 19, 11475, '邯郸县', '邯郸县', 35),
(11481, 19, 11475, '永年县', '永年县', 30),
(11480, 19, 11475, '临漳县', '临漳县', 25),
(11479, 19, 11475, '武安市', '武安市', 20),
(11478, 19, 11475, '复兴区', '复兴区', 15),
(11477, 19, 11475, '邯山区', '邯山区', 10),
(11476, 19, 11475, '丛台区', '丛台区', 5),
(11475, 19, 11450, '邯郸市', '邯郸市', 10),
(11474, 19, 11451, '元氏县', '元氏县', 115),
(11473, 19, 11451, '无极县', '无极县', 110),
(11472, 19, 11451, '深泽县', '深泽县', 105),
(11471, 19, 11451, '赞皇县', '赞皇县', 100),
(11470, 19, 11451, '赵县', '赵县', 95),
(11469, 19, 11451, '高邑县', '高邑县', 90),
(11468, 19, 11451, '灵寿县', '灵寿县', 85),
(11467, 19, 11451, '行唐县', '行唐县', 80),
(11466, 19, 11451, '栾城县', '栾城县', 75),
(11465, 19, 11451, '井陉县', '井陉县', 70),
(11464, 19, 11451, '井陉矿区', '井陉矿区', 65),
(11463, 19, 11451, '平山县', '平山县', 60),
(11462, 19, 11451, '新乐市', '新乐市', 55),
(11461, 19, 11451, '晋州市', '晋州市', 50),
(11460, 19, 11451, '辛集市', '辛集市', 45),
(11459, 19, 11451, '长安区', '长安区', 40),
(11458, 19, 11451, '裕华区', '裕华区', 35),
(11457, 19, 11451, '桥东区', '桥东区', 30),
(11456, 19, 11451, '桥西区', '桥西区', 25),
(11455, 19, 11451, '新华区', '新华区', 20),
(11454, 19, 11451, '正定县', '正定县', 15),
(11453, 19, 11451, '鹿泉市', '鹿泉市', 10),
(11452, 19, 11451, '藁城市', '藁城市', 5),
(11451, 19, 11450, '石家庄市', '石家庄市', 5),
(11450, 19, 0, '河北省', '河北省', 25),
(11449, 19, 10470, '北部新区', '北部新区', 200),
(11448, 19, 10470, '高新区', '高新区', 195),
(11447, 19, 10470, '渝中区', '渝中区', 190),
(11446, 19, 11419, '万东镇', '万东镇', 135),
(11445, 19, 11419, '石林镇', '石林镇', 130),
(11444, 19, 11419, '青年镇', '青年镇', 125),
(11443, 19, 11419, '南桐镇', '南桐镇', 120),
(11442, 19, 11419, '金桥镇', '金桥镇', 115),
(11441, 19, 11419, '黑山镇', '黑山镇', 110),
(11440, 19, 11419, '关坝镇', '关坝镇', 105),
(11439, 19, 11419, '丛林镇', '丛林镇', 100),
(11438, 19, 11419, '篆塘镇', '篆塘镇', 95),
(11437, 19, 11419, '中峰镇', '中峰镇', 90),
(11436, 19, 11419, '永新镇', '永新镇', 85),
(11435, 19, 11419, '永城镇', '永城镇', 80),
(11434, 19, 11419, '新盛镇', '新盛镇', 75),
(11433, 19, 11419, '石角镇', '石角镇', 70);
INSERT INTO `qinggan_opt` (`id`, `group_id`, `parent_id`, `title`, `val`, `taxis`) VALUES
(11432, 19, 11419, '石壕镇', '石壕镇', 65),
(11431, 19, 11419, '三角镇', '三角镇', 60),
(11430, 19, 11419, '隆盛镇', '隆盛镇', 55),
(11429, 19, 11419, '横山镇', '横山镇', 50),
(11428, 19, 11419, '郭扶镇', '郭扶镇', 45),
(11427, 19, 11419, '赶水镇', '赶水镇', 40),
(11426, 19, 11419, '扶欢镇', '扶欢镇', 35),
(11425, 19, 11419, '东溪镇', '东溪镇', 30),
(11424, 19, 11419, '丁山镇', '丁山镇', 25),
(11423, 19, 11419, '打通镇', '打通镇', 20),
(11422, 19, 11419, '安稳镇', '安稳镇', 15),
(11421, 19, 11419, '三江镇', '三江镇', 10),
(11420, 19, 11419, '城区', '城区', 5),
(11419, 19, 10470, '綦江区', '綦江区', 185),
(11418, 19, 11414, '内环以内', '内环以内', 20),
(11417, 19, 11414, '跳磴镇', '跳磴镇', 15),
(11416, 19, 11414, '建胜镇', '建胜镇', 10),
(11415, 19, 11414, '茄子溪镇', '茄子溪镇', 5),
(11414, 19, 10470, '大渡口区', '大渡口区', 180),
(11413, 19, 11400, '中梁镇', '中梁镇', 65),
(11412, 19, 11400, '凤凰镇', '凤凰镇', 60),
(11411, 19, 11400, '曾家镇', '曾家镇', 55),
(11410, 19, 11400, '井口镇', '井口镇', 50),
(11409, 19, 11400, '土主镇', '土主镇', 45),
(11408, 19, 11400, '西永镇', '西永镇', 40),
(11407, 19, 11400, '虎溪镇', '虎溪镇', 35),
(11406, 19, 11400, '大学城', '大学城', 30),
(11405, 19, 11400, '回龙坝镇', '回龙坝镇', 25),
(11404, 19, 11400, '青木关镇', '青木关镇', 20),
(11403, 19, 11400, '歌乐山镇', '歌乐山镇', 15),
(11402, 19, 11400, '陈家桥镇', '陈家桥镇', 10),
(11401, 19, 11400, '内环以内', '内环以内', 5),
(11400, 19, 10470, '沙坪坝区', '沙坪坝区', 175),
(11399, 19, 11388, '走马镇', '走马镇', 55),
(11398, 19, 11388, '西彭镇', '西彭镇', 50),
(11397, 19, 11388, '陶家镇', '陶家镇', 45),
(11396, 19, 11388, '石板镇', '石板镇', 40),
(11395, 19, 11388, '金凤镇', '金凤镇', 35),
(11394, 19, 11388, '含谷镇', '含谷镇', 30),
(11393, 19, 11388, '巴福镇', '巴福镇', 25),
(11392, 19, 11388, '华岩镇', '华岩镇', 20),
(11391, 19, 11388, '铜罐驿镇', '铜罐驿镇', 15),
(11390, 19, 11388, '白市驿镇', '白市驿镇', 10),
(11389, 19, 11388, '内环以内', '内环以内', 5),
(11388, 19, 10470, '九龙坡区', '九龙坡区', 170),
(11387, 19, 11379, '迎龙镇', '迎龙镇', 40),
(11386, 19, 11379, '广阳镇', '广阳镇', 35),
(11385, 19, 11379, '峡口镇', '峡口镇', 30),
(11384, 19, 11379, '长生桥镇', '长生桥镇', 25),
(11383, 19, 11379, '鸡冠石镇', '鸡冠石镇', 20),
(11382, 19, 11379, '茶园新区', '茶园新区', 15),
(11381, 19, 11379, '内环以内', '内环以内', 10),
(11380, 19, 11379, '城区', '城区', 5),
(11379, 19, 10470, '南岸区', '南岸区', 165),
(11378, 19, 11370, '大石坝镇', '大石坝镇', 40),
(11377, 19, 11370, '五宝镇', '五宝镇', 35),
(11376, 19, 11370, '复盛镇', '复盛镇', 30),
(11375, 19, 11370, '鱼嘴镇', '鱼嘴镇', 25),
(11374, 19, 11370, '铁山坪镇', '铁山坪镇', 20),
(11373, 19, 11370, '郭家沱镇', '郭家沱镇', 15),
(11372, 19, 11370, '寸滩镇', '寸滩镇', 10),
(11371, 19, 11370, '内环以内', '内环以内', 5),
(11370, 19, 10470, '江北区', '江北区', 160),
(11369, 19, 11348, '何埂镇', '何埂镇', 105),
(11368, 19, 11348, '朱沱镇', '朱沱镇', 100),
(11367, 19, 11348, '永荣镇', '永荣镇', 95),
(11366, 19, 11348, '仙龙镇', '仙龙镇', 90),
(11365, 19, 11348, '五间镇', '五间镇', 85),
(11364, 19, 11348, '松溉镇', '松溉镇', 80),
(11363, 19, 11348, '双石镇', '双石镇', 75),
(11362, 19, 11348, '三教镇', '三教镇', 70),
(11361, 19, 11348, '青峰镇', '青峰镇', 65),
(11360, 19, 11348, '来苏镇', '来苏镇', 60),
(11359, 19, 11348, '金龙镇', '金龙镇', 55),
(11358, 19, 11348, '吉安镇', '吉安镇', 50),
(11357, 19, 11348, '红炉镇', '红炉镇', 45),
(11356, 19, 11348, '临江镇', '临江镇', 40),
(11355, 19, 11348, '宝峰镇', '宝峰镇', 35),
(11354, 19, 11348, '板桥镇', '板桥镇', 30),
(11353, 19, 11348, '陈食镇', '陈食镇', 25),
(11352, 19, 11348, '大安镇', '大安镇', 20),
(11351, 19, 11348, '三教镇', '三教镇', 15),
(11350, 19, 11348, '双竹镇', '双竹镇', 10),
(11349, 19, 11348, '城区', '城区', 5),
(11348, 19, 10470, '永川区', '永川区', 155),
(11347, 19, 11332, '万顺镇', '万顺镇', 75),
(11346, 19, 11332, '洪湖镇', '洪湖镇', 70),
(11345, 19, 11332, '八颗镇', '八颗镇', 65),
(11344, 19, 11332, '新市镇', '新市镇', 60),
(11343, 19, 11332, '葛兰镇', '葛兰镇', 55),
(11342, 19, 11332, '海棠镇', '海棠镇', 50),
(11341, 19, 11332, '云台镇', '云台镇', 45),
(11340, 19, 11332, '石堰镇', '石堰镇', 40),
(11339, 19, 11332, '龙河镇', '龙河镇', 35),
(11338, 19, 11332, '双龙镇', '双龙镇', 30),
(11337, 19, 11332, '云集镇', '云集镇', 25),
(11336, 19, 11332, '但渡镇', '但渡镇', 20),
(11335, 19, 11332, '邻封镇', '邻封镇', 15),
(11334, 19, 11332, '长寿湖镇', '长寿湖镇', 10),
(11333, 19, 11332, '城区', '城区', 5),
(11332, 19, 10470, '长寿区', '长寿区', 150),
(11331, 19, 11315, '兴隆镇', '兴隆镇', 80),
(11330, 19, 11315, '统景镇', '统景镇', 75),
(11329, 19, 11315, '石船镇', '石船镇', 70),
(11328, 19, 11315, '木耳镇', '木耳镇', 65),
(11327, 19, 11315, '洛碛镇', '洛碛镇', 60),
(11326, 19, 11315, '龙兴镇', '龙兴镇', 55),
(11325, 19, 11315, '古路镇', '古路镇', 50),
(11324, 19, 11315, '大塆镇', '大塆镇', 45),
(11323, 19, 11315, '大盛镇', '大盛镇', 40),
(11322, 19, 11315, '茨竹镇', '茨竹镇', 35),
(11321, 19, 11315, '玉峰山镇', '玉峰山镇', 30),
(11320, 19, 11315, '悦来镇', '悦来镇', 25),
(11319, 19, 11315, '王家镇', '王家镇', 20),
(11318, 19, 11315, '两路镇', '两路镇', 15),
(11317, 19, 11315, '礼嘉镇', '礼嘉镇', 10),
(11316, 19, 11315, '城区', '城区', 5),
(11315, 19, 10470, '渝北区', '渝北区', 145),
(11314, 19, 11289, '朱杨镇', '朱杨镇', 125),
(11313, 19, 11289, '中山镇', '中山镇', 120),
(11312, 19, 11289, '油溪镇', '油溪镇', 115),
(11311, 19, 11289, '永兴镇', '永兴镇', 110),
(11310, 19, 11289, '先锋镇', '先锋镇', 105),
(11309, 19, 11289, '夏坝镇', '夏坝镇', 100),
(11308, 19, 11289, '西湖镇', '西湖镇', 95),
(11307, 19, 11289, '吴滩镇', '吴滩镇', 90),
(11306, 19, 11289, '塘河镇', '塘河镇', 85),
(11305, 19, 11289, '石门镇', '石门镇', 80),
(11304, 19, 11289, '石蟆镇', '石蟆镇', 75),
(11303, 19, 11289, '龙华镇', '龙华镇', 70),
(11302, 19, 11289, '李市镇', '李市镇', 65),
(11301, 19, 11289, '贾嗣镇', '贾嗣镇', 60),
(11300, 19, 11289, '嘉平镇', '嘉平镇', 55),
(11299, 19, 11289, '广兴镇', '广兴镇', 50),
(11298, 19, 11289, '杜市镇', '杜市镇', 45),
(11297, 19, 11289, '慈云镇', '慈云镇', 40),
(11296, 19, 11289, '蔡家镇', '蔡家镇', 35),
(11295, 19, 11289, '柏林镇', '柏林镇', 30),
(11294, 19, 11289, '珞璜镇', '珞璜镇', 25),
(11293, 19, 11289, '白沙镇', '白沙镇', 20),
(11292, 19, 11289, '支坪镇', '支坪镇', 15),
(11291, 19, 11289, '四面山镇', '四面山镇', 10),
(11290, 19, 11289, '城区', '城区', 5),
(11289, 19, 10470, '江津区', '江津区', 140),
(11288, 19, 11274, '三圣镇', '三圣镇', 70),
(11287, 19, 11274, '柳荫镇', '柳荫镇', 65),
(11286, 19, 11274, '静观镇', '静观镇', 60),
(11285, 19, 11274, '复兴镇', '复兴镇', 55),
(11284, 19, 11274, '天府镇', '天府镇', 50),
(11283, 19, 11274, '歇马镇', '歇马镇', 45),
(11282, 19, 11274, '水土镇', '水土镇', 40),
(11281, 19, 11274, '澄江镇', '澄江镇', 35),
(11280, 19, 11274, '金刀峡镇', '金刀峡镇', 30),
(11279, 19, 11274, '施家梁镇', '施家梁镇', 25),
(11278, 19, 11274, '童家溪镇', '童家溪镇', 20),
(11277, 19, 11274, '蔡家岗镇', '蔡家岗镇', 15),
(11276, 19, 11274, '东阳镇', '东阳镇', 10),
(11275, 19, 11274, '城区', '城区', 5),
(11274, 19, 10470, '北碚区', '北碚区', 135),
(11273, 19, 11254, '石龙镇', '石龙镇', 95),
(11272, 19, 11254, '石滩镇', '石滩镇', 90),
(11271, 19, 11254, '接龙镇', '接龙镇', 85),
(11270, 19, 11254, '姜家镇', '姜家镇', 80),
(11269, 19, 11254, '东泉镇', '东泉镇', 75),
(11268, 19, 11254, '二圣镇', '二圣镇', 70),
(11267, 19, 11254, '丰盛镇', '丰盛镇', 65),
(11266, 19, 11254, '木洞镇', '木洞镇', 60),
(11265, 19, 11254, '跳石镇', '跳石镇', 55),
(11264, 19, 11254, '安澜镇', '安澜镇', 50),
(11263, 19, 11254, '界石镇', '界石镇', 45),
(11262, 19, 11254, '双河口镇', '双河口镇', 40),
(11261, 19, 11254, '天星寺镇', '天星寺镇', 35),
(11260, 19, 11254, '麻柳嘴镇', '麻柳嘴镇', 30),
(11259, 19, 11254, '惠民镇', '惠民镇', 25),
(11258, 19, 11254, '南彭镇', '南彭镇', 20),
(11257, 19, 11254, '一品镇', '一品镇', 15),
(11256, 19, 11254, '南泉镇', '南泉镇', 10),
(11255, 19, 11254, '城区', '城区', 5),
(11254, 19, 10470, '巴南区', '巴南区', 130),
(11253, 19, 11225, '双槐镇', '双槐镇', 140),
(11252, 19, 11225, '渭沱镇', '渭沱镇', 135),
(11251, 19, 11225, '太和镇', '太和镇', 130),
(11250, 19, 11225, '燕窝镇', '燕窝镇', 125),
(11249, 19, 11225, '龙市镇', '龙市镇', 120),
(11248, 19, 11225, '钱塘镇', '钱塘镇', 115),
(11247, 19, 11225, '香龙镇', '香龙镇', 110),
(11246, 19, 11225, '三汇镇', '三汇镇', 105),
(11245, 19, 11225, '小沔镇', '小沔镇', 100),
(11244, 19, 11225, '土场镇', '土场镇', 95),
(11243, 19, 11225, '清平镇', '清平镇', 90),
(11242, 19, 11225, '狮滩镇', '狮滩镇', 85),
(11241, 19, 11225, '双凤镇', '双凤镇', 80),
(11240, 19, 11225, '铜溪镇', '铜溪镇', 75),
(11239, 19, 11225, '隆兴镇', '隆兴镇', 70),
(11238, 19, 11225, '龙凤镇', '龙凤镇', 65),
(11237, 19, 11225, '二郎镇', '二郎镇', 60),
(11236, 19, 11225, '三庙镇', '三庙镇', 55),
(11235, 19, 11225, '古楼镇', '古楼镇', 50),
(11234, 19, 11225, '肖家镇', '肖家镇', 45),
(11233, 19, 11225, '涞滩镇', '涞滩镇', 40),
(11232, 19, 11225, '官渡镇', '官渡镇', 35),
(11231, 19, 11225, '沙鱼镇', '沙鱼镇', 30),
(11230, 19, 11225, '大石镇', '大石镇', 25),
(11229, 19, 11225, '云门镇', '云门镇', 20),
(11228, 19, 11225, '盐井镇', '盐井镇', 15),
(11227, 19, 11225, '草街镇', '草街镇', 10),
(11226, 19, 11225, '城区', '城区', 5),
(11225, 19, 10470, '合川区', '合川区', 125),
(11224, 19, 11198, '庆隆乡', '庆隆乡', 130),
(11223, 19, 11198, '双山乡', '双山乡', 125),
(11222, 19, 11198, '小林乡', '小林乡', 120),
(11221, 19, 11198, '侣俸镇', '侣俸镇', 115),
(11220, 19, 11198, '蒲吕镇', '蒲吕镇', 110),
(11219, 19, 11198, '少云镇', '少云镇', 105),
(11218, 19, 11198, '虎峰镇', '虎峰镇', 100),
(11217, 19, 11198, '旧县镇', '旧县镇', 95),
(11216, 19, 11198, '太平镇', '太平镇', 90),
(11215, 19, 11198, '西河镇', '西河镇', 85),
(11214, 19, 11198, '安溪镇', '安溪镇', 80),
(11213, 19, 11198, '永嘉镇', '永嘉镇', 75),
(11212, 19, 11198, '华兴镇', '华兴镇', 70),
(11211, 19, 11198, '围龙镇', '围龙镇', 65),
(11210, 19, 11198, '大庙镇', '大庙镇', 60),
(11209, 19, 11198, '高楼镇', '高楼镇', 55),
(11208, 19, 11198, '维新镇', '维新镇', 50),
(11207, 19, 11198, '福果镇', '福果镇', 45),
(11206, 19, 11198, '石鱼镇', '石鱼镇', 40),
(11205, 19, 11198, '平滩镇', '平滩镇', 35),
(11204, 19, 11198, '白羊镇', '白羊镇', 30),
(11203, 19, 11198, '安居镇', '安居镇', 25),
(11202, 19, 11198, '水口镇', '水口镇', 20),
(11201, 19, 11198, '二坪镇', '二坪镇', 15),
(11200, 19, 11198, '土桥镇', '土桥镇', 10),
(11199, 19, 11198, '县城内', '县城内', 5),
(11198, 19, 10470, '铜梁县', '铜梁县', 120),
(11197, 19, 11177, '龙集镇', '龙集镇', 100),
(11196, 19, 11177, '荣隆镇', '荣隆镇', 95),
(11195, 19, 11177, '清升镇', '清升镇', 90),
(11194, 19, 11177, '远觉镇', '远觉镇', 85),
(11193, 19, 11177, '盘龙镇', '盘龙镇', 80),
(11192, 19, 11177, '清流镇', '清流镇', 75),
(11191, 19, 11177, '铜鼓镇', '铜鼓镇', 70),
(11190, 19, 11177, '观胜镇', '观胜镇', 65),
(11189, 19, 11177, '吴家镇', '吴家镇', 60),
(11188, 19, 11177, '古昌镇', '古昌镇', 55),
(11187, 19, 11177, '河包镇', '河包镇', 50),
(11186, 19, 11177, '仁义镇', '仁义镇', 45),
(11185, 19, 11177, '清江镇', '清江镇', 40),
(11184, 19, 11177, '路孔镇', '路孔镇', 35),
(11183, 19, 11177, '直升镇', '直升镇', 30),
(11182, 19, 11177, '双河镇', '双河镇', 25),
(11181, 19, 11177, '峰高镇', '峰高镇', 20),
(11180, 19, 11177, '安富镇', '安富镇', 15),
(11179, 19, 11177, '广顺镇', '广顺镇', 10),
(11178, 19, 11177, '县城内', '县城内', 5),
(11177, 19, 10470, '荣昌县', '荣昌县', 115),
(11176, 19, 11162, '健龙镇', '健龙镇', 70),
(11175, 19, 11162, '三合镇', '三合镇', 65),
(11174, 19, 11162, '广普镇', '广普镇', 60),
(11173, 19, 11162, '正兴镇', '正兴镇', 55),
(11172, 19, 11162, '大兴镇', '大兴镇', 50),
(11171, 19, 11162, '福禄镇', '福禄镇', 45),
(11170, 19, 11162, '河边镇', '河边镇', 40),
(11169, 19, 11162, '七塘镇', '七塘镇', 35),
(11168, 19, 11162, '八塘镇', '八塘镇', 30),
(11167, 19, 11162, '大路镇', '大路镇', 25),
(11166, 19, 11162, '丁家镇', '丁家镇', 20),
(11165, 19, 11162, '来凤镇', '来凤镇', 15),
(11164, 19, 11162, '青杠镇', '青杠镇', 10),
(11163, 19, 11162, '县城内', '县城内', 5),
(11162, 19, 10470, '璧山县', '璧山县', 110),
(11161, 19, 11136, '左岚乡', '左岚乡', 125),
(11160, 19, 11136, '周溪乡', '周溪乡', 120),
(11159, 19, 11136, '治平乡', '治平乡', 115),
(11158, 19, 11136, '沿河乡', '沿河乡', 110),
(11157, 19, 11136, '咸宜乡', '咸宜乡', 105),
(11156, 19, 11136, '双河乡', '双河乡', 100),
(11155, 19, 11136, '明中乡', '明中乡', 95),
(11154, 19, 11136, '龙田乡', '龙田乡', 90),
(11153, 19, 11136, '蓼子乡', '蓼子乡', 85),
(11152, 19, 11136, '岚天乡', '岚天乡', 80),
(11151, 19, 11136, '鸡鸣乡', '鸡鸣乡', 75),
(11150, 19, 11136, '厚坪乡', '厚坪乡', 70),
(11149, 19, 11136, '河鱼乡', '河鱼乡', 65),
(11148, 19, 11136, '高燕乡', '高燕乡', 60),
(11147, 19, 11136, '高楠乡', '高楠乡', 55),
(11146, 19, 11136, '东安乡', '东安乡', 50),
(11145, 19, 11136, '北屏乡', '北屏乡', 45),
(11144, 19, 11136, '修齐镇', '修齐镇', 40),
(11143, 19, 11136, '坪坝镇', '坪坝镇', 35),
(11142, 19, 11136, '明通镇', '明通镇', 30),
(11141, 19, 11136, '庙坝镇', '庙坝镇', 25),
(11140, 19, 11136, '高观镇', '高观镇', 20),
(11139, 19, 11136, '巴山镇', '巴山镇', 15),
(11138, 19, 11136, '葛城镇', '葛城镇', 10),
(11137, 19, 11136, '县城内', '县城内', 5),
(11136, 19, 10470, '城口县', '城口县', 105),
(11135, 19, 11103, '钟灵乡', '钟灵乡', 160),
(11134, 19, 11103, '中平乡', '中平乡', 155),
(11133, 19, 11103, '涌洞乡', '涌洞乡', 150),
(11132, 19, 11103, '孝溪乡', '孝溪乡', 145),
(11131, 19, 11103, '溪口乡', '溪口乡', 140),
(11130, 19, 11103, '宋农乡', '宋农乡', 135),
(11129, 19, 11103, '平马乡', '平马乡', 130),
(11128, 19, 11103, '妙泉乡', '妙泉乡', 125),
(11127, 19, 11103, '里仁乡', '里仁乡', 120),
(11126, 19, 11103, '海洋乡', '海洋乡', 115),
(11125, 19, 11103, '官舟乡', '官舟乡', 110),
(11124, 19, 11103, '膏田乡', '膏田乡', 105),
(11123, 19, 11103, '干川乡', '干川乡', 100),
(11122, 19, 11103, '大溪乡', '大溪乡', 95),
(11121, 19, 11103, '岑溪乡', '岑溪乡', 90),
(11120, 19, 11103, '保安乡', '保安乡', 85),
(11119, 19, 11103, '巴家乡', '巴家乡', 80),
(11118, 19, 11103, '雅江镇', '雅江镇', 75),
(11117, 19, 11103, '石耶镇', '石耶镇', 70),
(11116, 19, 11103, '石堤镇', '石堤镇', 65),
(11115, 19, 11103, '溶溪镇', '溶溪镇', 60),
(11114, 19, 11103, '平凯镇', '平凯镇', 55),
(11113, 19, 11103, '梅江镇', '梅江镇', 50),
(11112, 19, 11103, '龙池镇', '龙池镇', 45),
(11111, 19, 11103, '兰桥镇', '兰桥镇', 40),
(11110, 19, 11103, '洪安镇', '洪安镇', 35),
(11109, 19, 11103, '官庄镇', '官庄镇', 30),
(11108, 19, 11103, '峨溶镇', '峨溶镇', 25),
(11107, 19, 11103, '隘口镇', '隘口镇', 20),
(11106, 19, 11103, '中和镇', '中和镇', 15),
(11105, 19, 11103, '清溪场镇', '清溪场镇', 10),
(11104, 19, 11103, '县城内', '县城内', 5),
(11103, 19, 10470, '秀山县', '秀山县', 100),
(11102, 19, 11062, '板桥乡', '板桥乡', 200),
(11101, 19, 11062, '腴地乡', '腴地乡', 195),
(11100, 19, 11062, '宜居乡', '宜居乡', 190),
(11099, 19, 11062, '五福乡', '五福乡', 185),
(11098, 19, 11062, '万木乡', '万木乡', 180),
(11097, 19, 11062, '涂市乡', '涂市乡', 175),
(11096, 19, 11062, '铜鼓乡', '铜鼓乡', 170),
(11095, 19, 11062, '天馆乡', '天馆乡', 165),
(11094, 19, 11062, '双泉乡', '双泉乡', 160),
(11093, 19, 11062, '清泉乡', '清泉乡', 155),
(11092, 19, 11062, '偏柏乡', '偏柏乡', 150),
(11091, 19, 11062, '楠木乡', '楠木乡', 145),
(11090, 19, 11062, '木叶乡', '木叶乡', 140),
(11089, 19, 11062, '庙溪乡', '庙溪乡', 135),
(11088, 19, 11062, '毛坝乡', '毛坝乡', 130),
(11087, 19, 11062, '两罾乡', '两罾乡', 125),
(11086, 19, 11062, '浪坪乡', '浪坪乡', 120),
(11085, 19, 11062, '可大乡', '可大乡', 115),
(11084, 19, 11062, '江丰乡', '江丰乡', 110),
(11083, 19, 11062, '花田乡', '花田乡', 105),
(11082, 19, 11062, '官清乡', '官清乡', 100),
(11081, 19, 11062, '板溪乡', '板溪乡', 95),
(11080, 19, 11062, '后坪坝乡', '后坪坝乡', 90),
(11079, 19, 11062, '南腰界乡', '南腰界乡', 85),
(11078, 19, 11062, '酉酬镇', '酉酬镇', 80),
(11077, 19, 11062, '兴隆镇', '兴隆镇', 75),
(11076, 19, 11062, '小河镇', '小河镇', 70),
(11075, 19, 11062, '麻旺镇', '麻旺镇', 65),
(11074, 19, 11062, '龙潭镇', '龙潭镇', 60),
(11073, 19, 11062, '李溪镇', '李溪镇', 55),
(11072, 19, 11062, '后溪镇', '后溪镇', 50),
(11071, 19, 11062, '黑水镇', '黑水镇', 45),
(11070, 19, 11062, '龚滩镇', '龚滩镇', 40),
(11069, 19, 11062, '泔溪镇', '泔溪镇', 35),
(11068, 19, 11062, '丁市镇', '丁市镇', 30),
(11067, 19, 11062, '大溪镇', '大溪镇', 25),
(11066, 19, 11062, '车田乡', '车田乡', 20),
(11065, 19, 11062, '苍岭镇', '苍岭镇', 15),
(11064, 19, 11062, '钟多镇', '钟多镇', 10),
(11063, 19, 11062, '县城内', '县城内', 5),
(11062, 19, 10470, '酉阳县', '酉阳县', 95),
(11061, 19, 11035, '长龙乡', '长龙乡', 130),
(11060, 19, 11035, '永平乡', '永平乡', 125),
(11059, 19, 11035, '沙河乡', '沙河乡', 120),
(11058, 19, 11035, '三溪乡', '三溪乡', 115),
(11057, 19, 11035, '裴兴乡', '裴兴乡', 110),
(11056, 19, 11035, '黄沙乡', '黄沙乡', 105),
(11055, 19, 11035, '坪山镇', '坪山镇', 100),
(11054, 19, 11035, '杠家乡', '杠家乡', 95),
(11053, 19, 11035, '大石乡', '大石乡', 90),
(11052, 19, 11035, '曹回乡', '曹回乡', 85),
(11051, 19, 11035, '包家乡', '包家乡', 80),
(11050, 19, 11035, '白家乡', '白家乡', 75),
(11049, 19, 11035, '周嘉镇', '周嘉镇', 70),
(11048, 19, 11035, '永安镇', '永安镇', 65),
(11047, 19, 11035, '砚台镇', '砚台镇', 60),
(11046, 19, 11035, '新民镇', '新民镇', 55),
(11045, 19, 11035, '五洞镇', '五洞镇', 50),
(11044, 19, 11035, '太平镇', '太平镇', 45),
(11043, 19, 11035, '沙坪镇', '沙坪镇', 40),
(11042, 19, 11035, '普顺镇', '普顺镇', 35),
(11041, 19, 11035, '鹤游镇', '鹤游镇', 30),
(11040, 19, 11035, '高峰镇', '高峰镇', 25),
(11039, 19, 11035, '高安镇', '高安镇', 20),
(11038, 19, 11035, '澄溪镇', '澄溪镇', 15),
(11037, 19, 11035, '桂溪镇', '桂溪镇', 10),
(11036, 19, 11035, '县城内', '县城内', 5),
(11035, 19, 10470, '垫江县', '垫江县', 90),
(11034, 19, 10995, '走马乡', '走马乡', 195),
(11033, 19, 10995, '诸佛乡', '诸佛乡', 190),
(11032, 19, 10995, '长滩乡', '长滩乡', 185),
(11031, 19, 10995, '岩东乡', '岩东乡', 180),
(11030, 19, 10995, '新田乡', '新田乡', 175),
(11029, 19, 10995, '小厂乡', '小厂乡', 170),
(11028, 19, 10995, '桐楼乡', '桐楼乡', 165),
(11027, 19, 10995, '太原乡', '太原乡', 160),
(11026, 19, 10995, '双龙乡', '双龙乡', 155),
(11025, 19, 10995, '石盘乡', '石盘乡', 150),
(11024, 19, 10995, '石柳乡', '石柳乡', 145),
(11023, 19, 10995, '县城内', '县城内', 140),
(11022, 19, 10995, '善感乡', '善感乡', 135),
(11021, 19, 10995, '三义乡', '三义乡', 130),
(11020, 19, 10995, '润溪乡', '润溪乡', 125),
(11019, 19, 10995, '乔梓乡', '乔梓乡', 120),
(11018, 19, 10995, '迁乔乡', '迁乔乡', 115),
(11017, 19, 10995, '平安乡', '平安乡', 110),
(11016, 19, 10995, '鹿鸣乡', '鹿鸣乡', 105),
(11015, 19, 10995, '芦塘乡', '芦塘乡', 100),
(11014, 19, 10995, '龙溪乡', '龙溪乡', 95),
(11013, 19, 10995, '龙塘乡', '龙塘乡', 90),
(11012, 19, 10995, '联合乡', '联合乡', 85),
(11011, 19, 10995, '朗溪乡', '朗溪乡', 80),
(11010, 19, 10995, '靛水乡', '靛水乡', 75),
(11009, 19, 10995, '棣棠乡', '棣棠乡', 70),
(11008, 19, 10995, '大垭乡', '大垭乡', 65),
(11007, 19, 10995, '鞍子乡', '鞍子乡', 60),
(11006, 19, 10995, '梅子垭乡', '梅子垭乡', 55),
(11005, 19, 10995, '郁山镇', '郁山镇', 50),
(11004, 19, 10995, '万足镇', '万足镇', 45),
(11003, 19, 10995, '桑柘镇', '桑柘镇', 40),
(11002, 19, 10995, '普子镇', '普子镇', 35),
(11001, 19, 10995, '鹿角镇', '鹿角镇', 30),
(11000, 19, 10995, '龙射镇', '龙射镇', 25),
(10999, 19, 10995, '连湖镇', '连湖镇', 20),
(10998, 19, 10995, '黄家镇', '黄家镇', 15),
(10997, 19, 10995, '高谷镇', '高谷镇', 10),
(10996, 19, 10995, '保家镇', '保家镇', 5),
(10995, 19, 10470, '彭水县', '彭水县', 85),
(10994, 19, 10962, '万朝乡', '万朝乡', 160),
(10993, 19, 10962, '石家乡', '石家乡', 155),
(10992, 19, 10962, '三益乡', '三益乡', 150),
(10991, 19, 10962, '三河乡', '三河乡', 145),
(10990, 19, 10962, '桥头乡', '桥头乡', 140),
(10989, 19, 10962, '龙潭乡', '龙潭乡', 135),
(10988, 19, 10962, '六塘乡', '六塘乡', 130),
(10987, 19, 10962, '黎场乡', '黎场乡', 125),
(10986, 19, 10962, '冷水乡', '冷水乡', 120),
(10985, 19, 10962, '金竹乡', '金竹乡', 115),
(10984, 19, 10962, '金铃乡', '金铃乡', 110),
(10983, 19, 10962, '黄鹤乡', '黄鹤乡', 105),
(10982, 19, 10962, '河嘴乡', '河嘴乡', 100),
(10981, 19, 10962, '枫木乡', '枫木乡', 95),
(10980, 19, 10962, '大歇乡', '大歇乡', 90),
(10979, 19, 10962, '悦崃镇', '悦崃镇', 85),
(10978, 19, 10962, '渔池镇', '渔池镇', 80),
(10977, 19, 10962, '沿溪镇', '沿溪镇', 75),
(10976, 19, 10962, '下路镇', '下路镇', 70),
(10975, 19, 10962, '西沱镇', '西沱镇', 65),
(10974, 19, 10962, '王场镇', '王场镇', 60),
(10973, 19, 10962, '沙子镇', '沙子镇', 55),
(10972, 19, 10962, '马武镇', '马武镇', 50),
(10971, 19, 10962, '龙沙镇', '龙沙镇', 45),
(10970, 19, 10962, '临溪镇', '临溪镇', 40),
(10969, 19, 10962, '黄水镇', '黄水镇', 35),
(10968, 19, 10962, '南宾镇', '南宾镇', 30),
(10967, 19, 10962, '县城内', '县城内', 25),
(10966, 19, 10962, '中益乡', '中益乡', 20),
(10965, 19, 10962, '新乐乡', '新乐乡', 15),
(10964, 19, 10962, '洗新乡', '洗新乡', 10),
(10963, 19, 10962, '王家乡', '王家乡', 5),
(10962, 19, 10470, '石柱县', '石柱县', 80),
(10961, 19, 10934, '竹贤乡', '竹贤乡', 135),
(10960, 19, 10934, '三溪乡', '三溪乡', 130),
(10959, 19, 10934, '曲尺乡', '曲尺乡', 125),
(10958, 19, 10934, '平河乡', '平河乡', 120),
(10957, 19, 10934, '培石乡', '培石乡', 115),
(10956, 19, 10934, '龙井乡', '龙井乡', 110),
(10955, 19, 10934, '两坪乡', '两坪乡', 105),
(10954, 19, 10934, '金坪乡', '金坪乡', 100),
(10953, 19, 10934, '建平乡', '建平乡', 95),
(10952, 19, 10934, '红椿乡', '红椿乡', 90),
(10951, 19, 10934, '笃坪乡', '笃坪乡', 85),
(10950, 19, 10934, '邓家乡', '邓家乡', 80),
(10949, 19, 10934, '当阳乡', '当阳乡', 75),
(10948, 19, 10934, '大溪乡', '大溪乡', 70),
(10947, 19, 10934, '抱龙镇', '抱龙镇', 65),
(10946, 19, 10934, '铜鼓镇', '铜鼓镇', 60),
(10945, 19, 10934, '双龙镇', '双龙镇', 55),
(10944, 19, 10934, '庙宇镇', '庙宇镇', 50),
(10943, 19, 10934, '庙堂乡', '庙堂乡', 45),
(10942, 19, 10934, '骡坪镇', '骡坪镇', 40),
(10941, 19, 10934, '龙溪镇', '龙溪镇', 35),
(10940, 19, 10934, '官阳镇', '官阳镇', 30),
(10939, 19, 10934, '官渡镇', '官渡镇', 25),
(10938, 19, 10934, '福田镇', '福田镇', 20),
(10937, 19, 10934, '大昌镇', '大昌镇', 15),
(10936, 19, 10934, '巫峡镇', '巫峡镇', 10),
(10935, 19, 10934, '县城内', '县城内', 5),
(10934, 19, 10470, '巫山县', '巫山县', 75),
(10933, 19, 10903, '中梁乡', '中梁乡', 150),
(10932, 19, 10903, '中岗乡', '中岗乡', 145),
(10931, 19, 10903, '长桂乡', '长桂乡', 140),
(10930, 19, 10903, '鱼鳞乡', '鱼鳞乡', 135),
(10929, 19, 10903, '乌龙乡', '乌龙乡', 130),
(10928, 19, 10903, '土城乡', '土城乡', 125),
(10927, 19, 10903, '通城乡', '通城乡', 120),
(10926, 19, 10903, '田坝乡', '田坝乡', 115),
(10925, 19, 10903, '天元乡', '天元乡', 110),
(10924, 19, 10903, '天星乡', '天星乡', 105),
(10923, 19, 10903, '塘坊乡', '塘坊乡', 100),
(10922, 19, 10903, '双阳乡', '双阳乡', 95),
(10921, 19, 10903, '胜利乡', '胜利乡', 90),
(10920, 19, 10903, '蒲莲乡', '蒲莲乡', 85),
(10919, 19, 10903, '菱角乡', '菱角乡', 80),
(10918, 19, 10903, '兰英乡', '兰英乡', 75),
(10917, 19, 10903, '花台乡', '花台乡', 70),
(10916, 19, 10903, '峰灵乡', '峰灵乡', 65),
(10915, 19, 10903, '大河乡', '大河乡', 60),
(10914, 19, 10903, '朝阳洞乡', '朝阳洞乡', 55),
(10913, 19, 10903, '徐家镇', '徐家镇', 50),
(10912, 19, 10903, '下堡镇', '下堡镇', 45),
(10911, 19, 10903, '文峰镇', '文峰镇', 40),
(10910, 19, 10903, '上磺镇', '上磺镇', 35),
(10909, 19, 10903, '宁厂镇', '宁厂镇', 30),
(10908, 19, 10903, '尖山镇', '尖山镇', 25),
(10907, 19, 10903, '古路镇', '古路镇', 20),
(10906, 19, 10903, '凤凰镇', '凤凰镇', 15),
(10905, 19, 10903, '城厢镇', '城厢镇', 10),
(10904, 19, 10903, '县城内', '县城内', 5),
(10903, 19, 10470, '巫溪县', '巫溪县', 70),
(10902, 19, 10873, '新立镇', '新立镇', 145),
(10901, 19, 10873, '兴峰乡', '兴峰乡', 140),
(10900, 19, 10873, '涂井乡', '涂井乡', 135),
(10899, 19, 10873, '石子乡', '石子乡', 130),
(10898, 19, 10873, '善广乡', '善广乡', 125),
(10897, 19, 10873, '磨子乡', '磨子乡', 120),
(10896, 19, 10873, '金声乡', '金声乡', 115),
(10895, 19, 10873, '永丰镇', '永丰镇', 110),
(10894, 19, 10873, '野鹤镇', '野鹤镇', 105),
(10893, 19, 10873, '洋渡镇', '洋渡镇', 100),
(10892, 19, 10873, '新生镇', '新生镇', 95),
(10891, 19, 10873, '乌杨镇', '乌杨镇', 90),
(10890, 19, 10873, '双桂镇', '双桂镇', 85),
(10889, 19, 10873, '石黄镇', '石黄镇', 80),
(10888, 19, 10873, '石宝镇', '石宝镇', 75),
(10887, 19, 10873, '三汇镇', '三汇镇', 70),
(10886, 19, 10873, '汝溪镇', '汝溪镇', 65),
(10885, 19, 10873, '任家镇', '任家镇', 60),
(10884, 19, 10873, '马灌镇', '马灌镇', 55),
(10883, 19, 10873, '金鸡镇', '金鸡镇', 50),
(10882, 19, 10873, '黄金镇', '黄金镇', 45),
(10881, 19, 10873, '花桥镇', '花桥镇', 40),
(10880, 19, 10873, '官坝镇', '官坝镇', 35),
(10879, 19, 10873, '复兴镇', '复兴镇', 30),
(10878, 19, 10873, '东溪镇', '东溪镇', 25),
(10877, 19, 10873, '白石镇', '白石镇', 20),
(10876, 19, 10873, '拔山镇', '拔山镇', 15),
(10875, 19, 10873, '忠州镇', '忠州镇', 10),
(10874, 19, 10873, '县城内', '县城内', 5),
(10873, 19, 10470, '忠县', '忠县', 65),
(10872, 19, 10831, '云硐乡', '云硐乡', 205),
(10871, 19, 10831, '耀灵乡', '耀灵乡', 200),
(10870, 19, 10831, '养鹿乡', '养鹿乡', 195),
(10869, 19, 10831, '堰坪乡', '堰坪乡', 190),
(10868, 19, 10831, '新津乡', '新津乡', 185),
(10867, 19, 10831, '外郎乡', '外郎乡', 180),
(10866, 19, 10831, '水口乡', '水口乡', 175),
(10865, 19, 10831, '双龙乡', '双龙乡', 170),
(10864, 19, 10831, '石门乡', '石门乡', 165),
(10863, 19, 10831, '上坝乡', '上坝乡', 160),
(10862, 19, 10831, '清水乡', '清水乡', 155),
(10861, 19, 10831, '栖霞乡', '栖霞乡', 150),
(10860, 19, 10831, '普安乡', '普安乡', 145),
(10859, 19, 10831, '票草乡', '票草乡', 140),
(10858, 19, 10831, '泥溪乡', '泥溪乡', 135),
(10857, 19, 10831, '毛坝乡', '毛坝乡', 130),
(10856, 19, 10831, '龙洞乡', '龙洞乡', 125),
(10855, 19, 10831, '后叶乡', '后叶乡', 120),
(10854, 19, 10831, '洞鹿乡', '洞鹿乡', 115),
(10853, 19, 10831, '云安镇', '云安镇', 110),
(10852, 19, 10831, '鱼泉镇', '鱼泉镇', 105),
(10851, 19, 10831, '双土镇', '双土镇', 100),
(10850, 19, 10831, '沙市镇', '沙市镇', 95),
(10849, 19, 10831, '桑坪镇', '桑坪镇', 90),
(10848, 19, 10831, '人和镇', '人和镇', 85),
(10847, 19, 10831, '渠马镇', '渠马镇', 80),
(10846, 19, 10831, '平安镇', '平安镇', 75),
(10845, 19, 10831, '盘龙镇', '盘龙镇', 70),
(10844, 19, 10831, '农坝镇', '农坝镇', 65),
(10843, 19, 10831, '南溪镇', '南溪镇', 60),
(10842, 19, 10831, '路阳镇', '路阳镇', 55),
(10841, 19, 10831, '龙角镇', '龙角镇', 50),
(10840, 19, 10831, '江口镇', '江口镇', 45),
(10839, 19, 10831, '黄石镇', '黄石镇', 40),
(10838, 19, 10831, '红狮镇', '红狮镇', 35),
(10837, 19, 10831, '故陵镇', '故陵镇', 30),
(10836, 19, 10831, '高阳镇', '高阳镇', 25),
(10835, 19, 10831, '凤鸣镇', '凤鸣镇', 20),
(10834, 19, 10831, '巴阳镇', '巴阳镇', 15),
(10833, 19, 10831, '云阳镇', '云阳镇', 10),
(10832, 19, 10831, '县城内', '县城内', 5),
(10831, 19, 10470, '云阳县', '云阳县', 60),
(10830, 19, 10790, '紫水乡', '紫水乡', 200),
(10829, 19, 10790, '五通乡', '五通乡', 195),
(10828, 19, 10790, '巫山镇', '巫山镇', 190),
(10827, 19, 10790, '天和乡', '天和乡', 185),
(10826, 19, 10790, '谭家乡', '谭家乡', 180),
(10825, 19, 10790, '满月乡', '满月乡', 175),
(10824, 19, 10790, '麻柳乡', '麻柳乡', 170),
(10823, 19, 10790, '金峰乡', '金峰乡', 165),
(10822, 19, 10790, '关面乡', '关面乡', 160),
(10821, 19, 10790, '大德乡', '大德乡', 155),
(10820, 19, 10790, '白桥乡', '白桥乡', 150),
(10819, 19, 10790, '三汇口乡', '三汇口乡', 145),
(10818, 19, 10790, '竹溪镇', '竹溪镇', 140),
(10817, 19, 10790, '中和镇', '中和镇', 135),
(10816, 19, 10790, '镇安镇', '镇安镇', 130),
(10815, 19, 10790, '赵家镇', '赵家镇', 125),
(10814, 19, 10790, '长沙镇', '长沙镇', 120),
(10813, 19, 10790, '义和镇', '义和镇', 115),
(10812, 19, 10790, '温泉镇', '温泉镇', 110),
(10811, 19, 10790, '岳溪镇', '岳溪镇', 105),
(10810, 19, 10790, '铁桥镇', '铁桥镇', 100),
(10809, 19, 10790, '渠口镇', '渠口镇', 95),
(10808, 19, 10790, '南雅镇', '南雅镇', 90),
(10807, 19, 10790, '南门镇', '南门镇', 85),
(10806, 19, 10790, '临江镇', '临江镇', 80),
(10805, 19, 10790, '厚坝镇', '厚坝镇', 75),
(10804, 19, 10790, '河堰镇', '河堰镇', 70),
(10803, 19, 10790, '和谦镇', '和谦镇', 65),
(10802, 19, 10790, '郭家镇', '郭家镇', 60),
(10801, 19, 10790, '高桥镇', '高桥镇', 55),
(10800, 19, 10790, '敦好镇', '敦好镇', 50),
(10799, 19, 10790, '大进镇', '大进镇', 45),
(10798, 19, 10790, '九龙山镇', '九龙山镇', 40),
(10797, 19, 10790, '县城内', '县城内', 35),
(10796, 19, 10790, '白泉乡', '白泉乡', 30),
(10795, 19, 10790, '天和镇', '天和镇', 25),
(10794, 19, 10790, '谭家镇', '谭家镇', 20),
(10793, 19, 10790, '金峰镇', '金峰镇', 15),
(10792, 19, 10790, '大德镇', '大德镇', 10),
(10791, 19, 10790, '白桥镇', '白桥镇', 5),
(10790, 19, 10470, '开县', '开县', 55),
(10789, 19, 10758, '长安乡', '长安乡', 155),
(10788, 19, 10758, '云雾乡', '云雾乡', 150),
(10787, 19, 10758, '岩湾乡', '岩湾乡', 145),
(10786, 19, 10758, '新政乡', '新政乡', 140),
(10785, 19, 10758, '五马乡', '五马乡', 135),
(10784, 19, 10758, '太和乡', '太和乡', 130),
(10783, 19, 10758, '石岗乡', '石岗乡', 125),
(10782, 19, 10758, '平安乡', '平安乡', 120),
(10781, 19, 10758, '龙桥乡', '龙桥乡', 115),
(10780, 19, 10758, '康坪乡', '康坪乡', 110),
(10779, 19, 10758, '红土乡', '红土乡', 105),
(10778, 19, 10758, '鹤峰乡', '鹤峰乡', 100),
(10777, 19, 10758, '冯坪乡', '冯坪乡', 95),
(10776, 19, 10758, '安坪乡', '安坪乡', 90),
(10775, 19, 10758, '竹园镇', '竹园镇', 85),
(10774, 19, 10758, '朱衣镇', '朱衣镇', 80),
(10773, 19, 10758, '羊市镇', '羊市镇', 75),
(10772, 19, 10758, '兴隆镇', '兴隆镇', 70),
(10771, 19, 10758, '新民镇', '新民镇', 65),
(10770, 19, 10758, '吐祥镇', '吐祥镇', 60),
(10769, 19, 10758, '青龙镇', '青龙镇', 55),
(10768, 19, 10758, '康乐镇', '康乐镇', 50),
(10767, 19, 10758, '甲高镇', '甲高镇', 45),
(10766, 19, 10758, '公平镇', '公平镇', 40),
(10765, 19, 10758, '汾河镇', '汾河镇', 35),
(10764, 19, 10758, '大树镇', '大树镇', 30),
(10763, 19, 10758, '草堂镇', '草堂镇', 25),
(10762, 19, 10758, '白帝镇', '白帝镇', 20),
(10761, 19, 10758, '永安镇', '永安镇', 15),
(10760, 19, 10758, '县城内', '县城内', 10),
(10759, 19, 10758, '永乐镇', '永乐镇', 5),
(10758, 19, 10470, '奉节县', '奉节县', 50),
(10757, 19, 10726, '三建乡', '三建乡', 155),
(10756, 19, 10726, '三坝乡', '三坝乡', 150),
(10755, 19, 10726, '仁沙乡', '仁沙乡', 145),
(10754, 19, 10726, '青龙乡', '青龙乡', 140),
(10753, 19, 10726, '龙孔乡', '龙孔乡', 135),
(10752, 19, 10726, '栗子乡', '栗子乡', 130),
(10751, 19, 10726, '暨龙乡', '暨龙乡', 125),
(10750, 19, 10726, '都督乡', '都督乡', 120),
(10749, 19, 10726, '崇兴乡', '崇兴乡', 115),
(10748, 19, 10726, '保合乡', '保合乡', 110),
(10747, 19, 10726, '双龙场乡', '双龙场乡', 105),
(10746, 19, 10726, '太平坝乡', '太平坝乡', 100),
(10745, 19, 10726, '镇江镇', '镇江镇', 95),
(10744, 19, 10726, '湛普镇', '湛普镇', 90),
(10743, 19, 10726, '兴义镇', '兴义镇', 85),
(10742, 19, 10726, '武平镇', '武平镇', 80),
(10741, 19, 10726, '双路镇', '双路镇', 75),
(10740, 19, 10726, '树人镇', '树人镇', 70),
(10738, 19, 10726, '社坛镇', '社坛镇', 60),
(10739, 19, 10726, '十直镇', '十直镇', 65),
(10737, 19, 10726, '三元镇', '三元镇', 55),
(10736, 19, 10726, '名山镇', '名山镇', 50),
(10735, 19, 10726, '龙河镇', '龙河镇', 45),
(10734, 19, 10726, '江池镇', '江池镇', 40),
(10733, 19, 10726, '虎威镇', '虎威镇', 35),
(10732, 19, 10726, '高家镇', '高家镇', 30),
(10731, 19, 10726, '董家镇', '董家镇', 25),
(10730, 19, 10726, '包鸾镇', '包鸾镇', 20),
(10729, 19, 10726, '许明寺镇', '许明寺镇', 15),
(10728, 19, 10726, '南天湖镇', '南天湖镇', 10),
(10727, 19, 10726, '县城内', '县城内', 5),
(10726, 19, 10470, '丰都县', '丰都县', 45),
(10725, 19, 10698, '赵家乡', '赵家乡', 135),
(10724, 19, 10698, '文复乡', '文复乡', 130),
(10723, 19, 10698, '土地乡', '土地乡', 125),
(10722, 19, 10698, '铁矿乡', '铁矿乡', 120),
(10721, 19, 10698, '双河乡', '双河乡', 115),
(10720, 19, 10698, '石桥乡', '石桥乡', 110),
(10719, 19, 10698, '庙垭乡', '庙垭乡', 105),
(10718, 19, 10698, '接龙乡', '接龙乡', 100),
(10717, 19, 10698, '黄莺乡', '黄莺乡', 95),
(10716, 19, 10698, '后坪乡', '后坪乡', 90),
(10715, 19, 10698, '和顺乡', '和顺乡', 85),
(10714, 19, 10698, '浩口乡', '浩口乡', 80),
(10713, 19, 10698, '凤来乡', '凤来乡', 75),
(10712, 19, 10698, '沧沟乡', '沧沟乡', 70),
(10711, 19, 10698, '白云乡', '白云乡', 65),
(10710, 19, 10698, '长坝镇', '长坝镇', 60),
(10709, 19, 10698, '羊角镇', '羊角镇', 55),
(10708, 19, 10698, '鸭江镇', '鸭江镇', 50),
(10707, 19, 10698, '土坎镇', '土坎镇', 45),
(10706, 19, 10698, '桐梓镇', '桐梓镇', 40),
(10705, 19, 10698, '平桥镇', '平桥镇', 35),
(10704, 19, 10698, '江口镇', '江口镇', 30),
(10703, 19, 10698, '火炉镇', '火炉镇', 25),
(10702, 19, 10698, '白马镇', '白马镇', 20),
(10701, 19, 10698, '巷口镇', '巷口镇', 15),
(10700, 19, 10698, '仙女山镇', '仙女山镇', 10),
(10699, 19, 10698, '县城内', '县城内', 5),
(10698, 19, 10470, '武隆县', '武隆县', 40),
(10697, 19, 10669, '中塘乡', '中塘乡', 140),
(10696, 19, 10669, '新华乡', '新华乡', 135),
(10695, 19, 10669, '五里乡', '五里乡', 130),
(10694, 19, 10669, '太极乡', '太极乡', 125),
(10693, 19, 10669, '水田乡', '水田乡', 120),
(10692, 19, 10669, '水市乡', '水市乡', 115),
(10691, 19, 10669, '杉岭乡', '杉岭乡', 110),
(10690, 19, 10669, '沙坝乡', '沙坝乡', 105),
(10689, 19, 10669, '蓬东乡', '蓬东乡', 100),
(10688, 19, 10669, '金洞乡', '金洞乡', 95),
(10687, 19, 10669, '白土乡', '白土乡', 90),
(10686, 19, 10669, '白石乡', '白石乡', 85),
(10685, 19, 10669, '濯水镇', '濯水镇', 80),
(10684, 19, 10669, '石家镇', '石家镇', 75),
(10683, 19, 10669, '石会镇', '石会镇', 70),
(10682, 19, 10669, '马喇镇', '马喇镇', 65),
(10681, 19, 10669, '邻鄂镇', '邻鄂镇', 60),
(10680, 19, 10669, '黎水镇', '黎水镇', 55),
(10679, 19, 10669, '金溪镇', '金溪镇', 50),
(10678, 19, 10669, '黄溪镇', '黄溪镇', 45),
(10677, 19, 10669, '黑溪镇', '黑溪镇', 40),
(10676, 19, 10669, '冯家镇', '冯家镇', 35),
(10675, 19, 10669, '鹅池镇', '鹅池镇', 30),
(10674, 19, 10669, '小南海镇', '小南海镇', 25),
(10673, 19, 10669, '阿蓬江镇', '阿蓬江镇', 20),
(10672, 19, 10669, '舟白镇', '舟白镇', 15),
(10671, 19, 10669, '正阳镇', '正阳镇', 10),
(10670, 19, 10669, '城区', '城区', 5),
(10669, 19, 10470, '黔江区', '黔江区', 35),
(10668, 19, 10642, '通桥镇', '通桥镇', 130),
(10667, 19, 10642, '双路镇', '双路镇', 125),
(10666, 19, 10642, '高坪镇', '高坪镇', 120),
(10665, 19, 10642, '古龙镇', '古龙镇', 115),
(10664, 19, 10642, '季家镇', '季家镇', 110),
(10663, 19, 10642, '高升镇', '高升镇', 105),
(10662, 19, 10642, '铁山镇', '铁山镇', 100),
(10661, 19, 10642, '邮亭镇', '邮亭镇', 95),
(10660, 19, 10642, '龙石镇', '龙石镇', 90),
(10659, 19, 10642, '珠溪镇', '珠溪镇', 85),
(10658, 19, 10642, '雍溪镇', '雍溪镇', 80),
(10657, 19, 10642, '国梁镇', '国梁镇', 75),
(10656, 19, 10642, '万古镇', '万古镇', 70),
(10655, 19, 10642, '金山镇', '金山镇', 65),
(10654, 19, 10642, '回龙镇', '回龙镇', 60),
(10653, 19, 10642, '拾万镇', '拾万镇', 55),
(10652, 19, 10642, '石马镇', '石马镇', 50),
(10651, 19, 10642, '玉龙镇', '玉龙镇', 45),
(10650, 19, 10642, '宝兴镇', '宝兴镇', 40),
(10649, 19, 10642, '三驱镇', '三驱镇', 35),
(10648, 19, 10642, '中敖镇', '中敖镇', 30),
(10647, 19, 10642, '宝顶镇', '宝顶镇', 25),
(10646, 19, 10642, '智凤镇', '智凤镇', 20),
(10645, 19, 10642, '龙水镇', '龙水镇', 15),
(10644, 19, 10642, '龙滩子镇', '龙滩子镇', 10),
(10643, 19, 10642, '城区', '城区', 5),
(10642, 19, 10470, '大足区', '大足区', 30),
(10641, 19, 10621, '寿桥乡', '寿桥乡', 100),
(10640, 19, 10621, '田家乡', '田家乡', 95),
(10639, 19, 10621, '别口乡', '别口乡', 90),
(10638, 19, 10621, '玉溪镇', '玉溪镇', 85),
(10637, 19, 10621, '新胜镇', '新胜镇', 80),
(10636, 19, 10621, '小渡镇', '小渡镇', 75),
(10635, 19, 10621, '五桂镇', '五桂镇', 70),
(10634, 19, 10621, '卧佛镇', '卧佛镇', 65),
(10633, 19, 10621, '塘坝镇', '塘坝镇', 60),
(10632, 19, 10621, '太安镇', '太安镇', 55),
(10631, 19, 10621, '双江镇', '双江镇', 50),
(10630, 19, 10621, '上和镇', '上和镇', 45),
(10629, 19, 10621, '群力镇', '群力镇', 40),
(10628, 19, 10621, '米心镇', '米心镇', 35),
(10627, 19, 10621, '龙形镇', '龙形镇', 30),
(10626, 19, 10621, '古溪镇', '古溪镇', 25),
(10625, 19, 10621, '崇龛镇', '崇龛镇', 20),
(10624, 19, 10621, '宝龙镇', '宝龙镇', 15),
(10623, 19, 10621, '柏梓镇', '柏梓镇', 10),
(10622, 19, 10621, '县城内', '县城内', 5),
(10621, 19, 10470, '潼南县', '潼南县', 25),
(10620, 19, 10590, '水江镇', '水江镇', 150),
(10619, 19, 10590, '石墙镇', '石墙镇', 145),
(10618, 19, 10590, '神童镇', '神童镇', 140),
(10617, 19, 10590, '三泉镇', '三泉镇', 135),
(10616, 19, 10590, '南平镇', '南平镇', 130),
(10615, 19, 10590, '鸣玉镇', '鸣玉镇', 125),
(10614, 19, 10590, '金山镇', '金山镇', 120),
(10613, 19, 10590, '合溪镇', '合溪镇', 115),
(10612, 19, 10590, '大有镇', '大有镇', 110),
(10611, 19, 10590, '大观镇', '大观镇', 105),
(10610, 19, 10590, '太平场镇', '太平场镇', 100),
(10609, 19, 10590, '中桥乡', '中桥乡', 95),
(10608, 19, 10590, '鱼泉乡', '鱼泉乡', 90),
(10607, 19, 10590, '土溪乡', '土溪乡', 85),
(10606, 19, 10590, '铁村乡', '铁村乡', 80),
(10605, 19, 10590, '石溪乡', '石溪乡', 75),
(10604, 19, 10590, '石莲乡', '石莲乡', 70),
(10603, 19, 10590, '庆元乡', '庆元乡', 65),
(10602, 19, 10590, '乾丰乡', '乾丰乡', 60),
(10601, 19, 10590, '木凉乡', '木凉乡', 55),
(10600, 19, 10590, '民主乡', '民主乡', 50),
(10599, 19, 10590, '河图乡', '河图乡', 45),
(10598, 19, 10590, '古花乡', '古花乡', 40),
(10597, 19, 10590, '福寿乡', '福寿乡', 35),
(10596, 19, 10590, '峰岩乡', '峰岩乡', 30),
(10595, 19, 10590, '德隆乡', '德隆乡', 25),
(10594, 19, 10590, '冷水关乡', '冷水关乡', 20),
(10593, 19, 10590, '兴隆镇', '兴隆镇', 15),
(10592, 19, 10590, '头渡镇', '头渡镇', 10),
(10591, 19, 10590, '城区', '城区', 5),
(10590, 19, 10470, '南川区', '南川区', 20),
(10589, 19, 10556, '复平乡', '复平乡', 165),
(10588, 19, 10556, '城东乡', '城东乡', 160),
(10587, 19, 10556, '城北乡', '城北乡', 155),
(10586, 19, 10556, '龙胜乡', '龙胜乡', 150),
(10585, 19, 10556, '曲水乡', '曲水乡', 145),
(10584, 19, 10556, '紫照乡', '紫照乡', 140),
(10583, 19, 10556, '铁门乡', '铁门乡', 135),
(10582, 19, 10556, '安胜乡', '安胜乡', 130),
(10581, 19, 10556, '竹山镇', '竹山镇', 125),
(10580, 19, 10556, '云龙镇', '云龙镇', 120),
(10579, 19, 10556, '袁驿镇', '袁驿镇', 115),
(10578, 19, 10556, '荫平镇', '荫平镇', 110),
(10577, 19, 10556, '新盛镇', '新盛镇', 105),
(10576, 19, 10556, '文化镇', '文化镇', 100),
(10575, 19, 10556, '石安镇', '石安镇', 95),
(10574, 19, 10556, '仁贤镇', '仁贤镇', 90),
(10573, 19, 10556, '屏锦镇', '屏锦镇', 85),
(10572, 19, 10556, '蟠龙镇', '蟠龙镇', 80),
(10571, 19, 10556, '明达镇', '明达镇', 75),
(10570, 19, 10556, '龙门镇', '龙门镇', 70),
(10569, 19, 10556, '礼让镇', '礼让镇', 65),
(10568, 19, 10556, '聚奎镇', '聚奎镇', 60),
(10567, 19, 10556, '金带镇', '金带镇', 55),
(10566, 19, 10556, '回龙镇', '回龙镇', 50),
(10565, 19, 10556, '虎城镇', '虎城镇', 45),
(10564, 19, 10556, '和林镇', '和林镇', 40),
(10563, 19, 10556, '合兴镇', '合兴镇', 35),
(10562, 19, 10556, '福禄镇', '福禄镇', 30),
(10561, 19, 10556, '大观镇', '大观镇', 25),
(10560, 19, 10556, '碧山镇', '碧山镇', 20),
(10559, 19, 10556, '柏家镇', '柏家镇', 15),
(10558, 19, 10556, '梁山镇', '梁山镇', 10),
(10557, 19, 10556, '县城内', '县城内', 5),
(10556, 19, 10470, '梁平县', '梁平县', 15),
(10555, 19, 10514, '新村乡', '新村乡', 205),
(10554, 19, 10514, '同乐乡', '同乐乡', 200),
(10553, 19, 10514, '天台乡', '天台乡', 195),
(10552, 19, 10514, '太和乡', '太和乡', 190),
(10551, 19, 10514, '石龙乡', '石龙乡', 185),
(10550, 19, 10514, '石和乡', '石和乡', 180),
(10549, 19, 10514, '山窝乡', '山窝乡', 175),
(10548, 19, 10514, '仁义乡', '仁义乡', 170),
(10547, 19, 10514, '明家乡', '明家乡', 165),
(10546, 19, 10514, '罗云乡', '罗云乡', 160),
(10545, 19, 10514, '两汇乡', '两汇乡', 155),
(10544, 19, 10514, '卷洞乡', '卷洞乡', 150),
(10543, 19, 10514, '聚宝乡', '聚宝乡', 145),
(10542, 19, 10514, '酒店乡', '酒店乡', 140),
(10541, 19, 10514, '惠民乡', '惠民乡', 135),
(10540, 19, 10514, '大木乡', '大木乡', 130),
(10539, 19, 10514, '丛林乡', '丛林乡', 125),
(10538, 19, 10514, '梓里乡', '梓里乡', 120),
(10537, 19, 10514, '中峰乡', '中峰乡', 115),
(10536, 19, 10514, '武陵山乡', '武陵山乡', 110),
(10535, 19, 10514, '土地坡乡', '土地坡乡', 105),
(10534, 19, 10514, '致韩镇', '致韩镇', 100),
(10533, 19, 10514, '镇安镇', '镇安镇', 95),
(10532, 19, 10514, '珍溪镇', '珍溪镇', 90),
(10531, 19, 10514, '增福乡', '增福乡', 85),
(10530, 19, 10514, '义和镇', '义和镇', 80),
(10529, 19, 10514, '新妙镇', '新妙镇', 75),
(10528, 19, 10514, '石沱镇', '石沱镇', 70),
(10527, 19, 10514, '清溪镇', '清溪镇', 65),
(10526, 19, 10514, '青羊镇', '青羊镇', 60),
(10525, 19, 10514, '南沱镇', '南沱镇', 55),
(10524, 19, 10514, '马武镇', '马武镇', 50),
(10523, 19, 10514, '龙潭镇', '龙潭镇', 45),
(10522, 19, 10514, '龙桥镇', '龙桥镇', 40),
(10521, 19, 10514, '蔺市镇', '蔺市镇', 35),
(10520, 19, 10514, '焦石镇', '焦石镇', 30),
(10519, 19, 10514, '堡子镇', '堡子镇', 25),
(10518, 19, 10514, '百胜镇', '百胜镇', 20),
(10517, 19, 10514, '白涛镇', '白涛镇', 15),
(10516, 19, 10514, '李渡镇', '李渡镇', 10),
(10515, 19, 10514, '城区', '城区', 5),
(10514, 19, 10470, '涪陵区', '涪陵区', 10),
(10513, 19, 10471, '恒合乡', '恒合乡', 210),
(10512, 19, 10471, '郭村乡', '郭村乡', 205),
(10511, 19, 10471, '梨树乡', '梨树乡', 200),
(10510, 19, 10471, '九池乡', '九池乡', 195),
(10509, 19, 10471, '黄柏乡', '黄柏乡', 190),
(10508, 19, 10471, '铁峰乡', '铁峰乡', 185),
(10507, 19, 10471, '地宝乡', '地宝乡', 180),
(10506, 19, 10471, '普子乡', '普子乡', 175),
(10505, 19, 10471, '溪口乡', '溪口乡', 170),
(10504, 19, 10471, '燕山乡', '燕山乡', 165),
(10503, 19, 10471, '柱山乡', '柱山乡', 160),
(10502, 19, 10471, '茨竹乡', '茨竹乡', 155),
(10501, 19, 10471, '瀼渡镇', '瀼渡镇', 150),
(10500, 19, 10471, '走马镇', '走马镇', 145),
(10499, 19, 10471, '长滩镇', '长滩镇', 140),
(10498, 19, 10471, '长坪镇', '长坪镇', 135),
(10497, 19, 10471, '长岭镇', '长岭镇', 130),
(10496, 19, 10471, '余家镇', '余家镇', 125),
(10495, 19, 10471, '熊家镇', '熊家镇', 120),
(10494, 19, 10471, '新乡镇', '新乡镇', 115),
(10493, 19, 10471, '新田镇', '新田镇', 110),
(10492, 19, 10471, '小周镇', '小周镇', 105),
(10491, 19, 10471, '响水镇', '响水镇', 100),
(10490, 19, 10471, '武陵镇', '武陵镇', 95),
(10489, 19, 10471, '天城镇', '天城镇', 90),
(10488, 19, 10471, '太龙镇', '太龙镇', 85),
(10487, 19, 10471, '太安镇', '太安镇', 80),
(10486, 19, 10471, '孙家镇', '孙家镇', 75),
(10485, 19, 10471, '罗田镇', '罗田镇', 70),
(10484, 19, 10471, '龙沙镇', '龙沙镇', 65),
(10483, 19, 10471, '龙驹镇', '龙驹镇', 60),
(10482, 19, 10471, '李河镇', '李河镇', 55),
(10481, 19, 10471, '后山镇', '后山镇', 50),
(10480, 19, 10471, '高梁镇', '高梁镇', 45),
(10479, 19, 10471, '高峰镇', '高峰镇', 40),
(10478, 19, 10471, '甘宁镇', '甘宁镇', 35),
(10477, 19, 10471, '分水镇', '分水镇', 30),
(10476, 19, 10471, '弹子镇', '弹子镇', 25),
(10475, 19, 10471, '大周镇', '大周镇', 20),
(10474, 19, 10471, '白羊镇', '白羊镇', 15),
(10473, 19, 10471, '白土镇', '白土镇', 10),
(10472, 19, 10471, '城区', '城区', 5),
(10471, 19, 10470, '万州区', '万州区', 5),
(10470, 19, 0, '重庆市', '重庆市', 20),
(10469, 19, 10467, '其它地区', '其它地区', 10),
(10468, 19, 10467, '芦台镇、经济开发区、贸易开发区', '芦台镇、经济开发区、贸易开发区', 5),
(10467, 19, 10432, '宁河县', '宁河县', 90),
(10466, 19, 10464, '其它地区', '其它地区', 10),
(10465, 19, 10464, '城关镇、马家店开发区、天宝工业园', '城关镇、马家店开发区、天宝工业园', 5),
(10464, 19, 10432, '宝坻区', '宝坻区', 85),
(10463, 19, 10460, '外环外其它地区', '外环外其它地区', 15),
(10462, 19, 10460, '外环内', '外环内', 10),
(10461, 19, 10460, '外环外双街镇，河北工大新校，屈店工业园', '外环外双街镇，河北工大新校，屈店工业园', 5),
(10460, 19, 10432, '北辰区', '北辰区', 80),
(10459, 19, 10456, '主城区外', '主城区外', 15),
(10458, 19, 10456, '主城区内', '主城区内', 10),
(10457, 19, 10456, '大港油田', '大港油田', 5),
(10456, 19, 10432, '大港区', '大港区', 75),
(10455, 19, 10453, '其它地区', '其它地区', 10),
(10454, 19, 10453, '汉沽区街里、汉沽开发区', '汉沽区街里、汉沽开发区', 5),
(10453, 19, 10432, '汉沽区', '汉沽区', 70),
(10452, 19, 10449, '其他地区', '其他地区', 15),
(10451, 19, 10449, '咸水沽镇、海河教育园，海河科技园', '咸水沽镇、海河教育园，海河科技园', 10),
(10450, 19, 10449, '双港，辛庄', '双港，辛庄', 5),
(10449, 19, 10432, '津南区', '津南区', 65),
(10448, 19, 10446, '其它地区', '其它地区', 10),
(10447, 19, 10446, '杨村镇、下朱庄内', '杨村镇、下朱庄内', 5),
(10446, 19, 10432, '武清区', '武清区', 60),
(10445, 19, 10443, '其它地区', '其它地区', 10),
(10444, 19, 10443, '杨柳青,中北,精武,大寺镇,环外海泰及外环内', '杨柳青,中北,精武,大寺镇,环外海泰及外环内', 5),
(10443, 19, 10432, '西青区', '西青区', 55),
(10442, 19, 10432, '塘沽区', '塘沽区', 50),
(10441, 19, 10432, '南开区', '南开区', 45),
(10440, 19, 10432, '静海县', '静海县', 40),
(10439, 19, 10432, '蓟县', '蓟县', 35),
(10438, 19, 10432, '红桥区', '红桥区', 30),
(10437, 19, 10432, '河西区', '河西区', 25),
(10436, 19, 10432, '河东区', '河东区', 20),
(10435, 19, 10432, '河北区', '河北区', 15),
(10434, 19, 10432, '和平区', '和平区', 10),
(10433, 19, 10432, '东丽区', '东丽区', 5),
(10432, 19, 0, '天津市', '天津市', 15),
(10431, 19, 10413, '新村乡', '新村乡', 90),
(10430, 19, 10413, '横沙乡', '横沙乡', 85),
(10429, 19, 10413, '长兴乡', '长兴乡', 80),
(10428, 19, 10413, '中兴镇', '中兴镇', 75),
(10427, 19, 10413, '新河镇', '新河镇', 70),
(10426, 19, 10413, '新海镇', '新海镇', 65),
(10425, 19, 10413, '向化镇', '向化镇', 60),
(10424, 19, 10413, '竖新镇', '竖新镇', 55),
(10423, 19, 10413, '三星镇', '三星镇', 50),
(10422, 19, 10413, '绿华镇', '绿华镇', 45),
(10421, 19, 10413, '建设镇', '建设镇', 40),
(10420, 19, 10413, '港沿镇', '港沿镇', 35),
(10419, 19, 10413, '港西镇', '港西镇', 30),
(10418, 19, 10413, '东平镇', '东平镇', 25),
(10417, 19, 10413, '城桥镇', '城桥镇', 20),
(10416, 19, 10413, '陈家镇', '陈家镇', 15),
(10415, 19, 10413, '庙镇', '庙镇', 10);
INSERT INTO `qinggan_opt` (`id`, `group_id`, `parent_id`, `title`, `val`, `taxis`) VALUES
(10414, 19, 10413, '堡镇', '堡镇', 5),
(10413, 19, 10299, '崇明县', '崇明县', 85),
(10412, 19, 10299, '普陀区', '普陀区', 80),
(10411, 19, 10403, '海湾镇', '海湾镇', 40),
(10410, 19, 10403, '青村镇', '青村镇', 35),
(10409, 19, 10403, '金汇镇', '金汇镇', 30),
(10408, 19, 10403, '庄行镇', '庄行镇', 25),
(10407, 19, 10403, '柘林镇', '柘林镇', 20),
(10406, 19, 10403, '四团镇', '四团镇', 15),
(10405, 19, 10403, '奉城镇', '奉城镇', 10),
(10404, 19, 10403, '南桥镇', '南桥镇', 5),
(10403, 19, 10299, '奉贤区', '奉贤区', 75),
(10402, 19, 10391, '山阳镇', '山阳镇', 55),
(10401, 19, 10391, '漕泾镇', '漕泾镇', 50),
(10400, 19, 10391, '金山卫镇', '金山卫镇', 45),
(10399, 19, 10391, '廊下镇', '廊下镇', 40),
(10398, 19, 10391, '吕巷镇', '吕巷镇', 35),
(10397, 19, 10391, '亭林镇', '亭林镇', 30),
(10396, 19, 10391, '张堰镇', '张堰镇', 25),
(10395, 19, 10391, '枫泾镇', '枫泾镇', 20),
(10394, 19, 10391, '朱泾镇', '朱泾镇', 15),
(10393, 19, 10391, '金山工业区', '金山工业区', 10),
(10392, 19, 10391, '城区', '城区', 5),
(10391, 19, 10299, '金山区', '金山区', 70),
(10390, 19, 10378, '小昆山镇', '小昆山镇', 60),
(10389, 19, 10378, '叶榭镇', '叶榭镇', 55),
(10388, 19, 10378, '新浜镇', '新浜镇', 50),
(10387, 19, 10378, '石湖荡镇', '石湖荡镇', 45),
(10386, 19, 10378, '泖港镇', '泖港镇', 40),
(10385, 19, 10378, '九亭镇', '九亭镇', 35),
(10384, 19, 10378, '洞泾镇', '洞泾镇', 30),
(10383, 19, 10378, '新桥镇', '新桥镇', 25),
(10382, 19, 10378, '车墩镇', '车墩镇', 20),
(10381, 19, 10378, '佘山镇', '佘山镇', 15),
(10380, 19, 10378, '泗泾镇', '泗泾镇', 10),
(10379, 19, 10378, '城区', '城区', 5),
(10378, 19, 10299, '松江区', '松江区', 65),
(10377, 19, 10368, '朱家角镇', '朱家角镇', 45),
(10376, 19, 10368, '金泽镇', '金泽镇', 40),
(10375, 19, 10368, '练塘镇', '练塘镇', 35),
(10374, 19, 10368, '白鹤镇', '白鹤镇', 30),
(10373, 19, 10368, '重固镇', '重固镇', 25),
(10372, 19, 10368, '华新镇', '华新镇', 20),
(10371, 19, 10368, '徐泾镇', '徐泾镇', 15),
(10370, 19, 10368, '赵巷镇', '赵巷镇', 10),
(10369, 19, 10368, '城区', '城区', 5),
(10368, 19, 10299, '青浦区', '青浦区', 60),
(10367, 19, 10341, '老港镇', '老港镇', 130),
(10366, 19, 10341, '万祥镇', '万祥镇', 125),
(10365, 19, 10341, '航头镇', '航头镇', 120),
(10364, 19, 10341, '泥城镇', '泥城镇', 115),
(10363, 19, 10341, '芦潮港镇', '芦潮港镇', 110),
(10362, 19, 10341, '周浦镇', '周浦镇', 105),
(10361, 19, 10341, '大团镇', '大团镇', 100),
(10360, 19, 10341, '书院镇', '书院镇', 95),
(10359, 19, 10341, '宣桥镇', '宣桥镇', 90),
(10358, 19, 10341, '康桥镇', '康桥镇', 85),
(10357, 19, 10341, '南汇新城镇', '南汇新城镇', 80),
(10356, 19, 10341, '三林镇', '三林镇', 75),
(10355, 19, 10341, '张江镇', '张江镇', 70),
(10354, 19, 10341, '高东镇', '高东镇', 65),
(10353, 19, 10341, '高行镇', '高行镇', 60),
(10352, 19, 10341, '金桥镇', '金桥镇', 55),
(10351, 19, 10341, '曹路镇', '曹路镇', 50),
(10350, 19, 10341, '唐镇', '唐镇', 45),
(10349, 19, 10341, '合庆镇', '合庆镇', 40),
(10348, 19, 10341, '北蔡镇', '北蔡镇', 35),
(10347, 19, 10341, '惠南镇', '惠南镇', 30),
(10346, 19, 10341, '高桥镇', '高桥镇', 25),
(10345, 19, 10341, '新场镇', '新场镇', 20),
(10344, 19, 10341, '祝桥镇', '祝桥镇', 15),
(10343, 19, 10341, '川沙新镇', '川沙新镇', 10),
(10342, 19, 10341, '城区', '城区', 5),
(10341, 19, 10299, '浦东新区', '浦东新区', 55),
(10340, 19, 10330, '嘉定工业区', '嘉定工业区', 50),
(10339, 19, 10330, '外冈镇', '外冈镇', 45),
(10338, 19, 10330, '徐行镇', '徐行镇', 40),
(10337, 19, 10330, '安亭镇', '安亭镇', 35),
(10336, 19, 10330, '菊园新区', '菊园新区', 30),
(10335, 19, 10330, '江桥镇', '江桥镇', 25),
(10334, 19, 10330, '华亭镇', '华亭镇', 20),
(10333, 19, 10330, '马陆镇', '马陆镇', 15),
(10332, 19, 10330, '南翔镇', '南翔镇', 10),
(10331, 19, 10330, '城区', '城区', 5),
(10330, 19, 10299, '嘉定区', '嘉定区', 50),
(10329, 19, 10319, '颛桥镇', '颛桥镇', 50),
(10328, 19, 10319, '华漕镇', '华漕镇', 45),
(10327, 19, 10319, '吴泾镇', '吴泾镇', 40),
(10326, 19, 10319, '马桥镇', '马桥镇', 35),
(10325, 19, 10319, '虹桥镇', '虹桥镇', 30),
(10324, 19, 10319, '梅陇镇', '梅陇镇', 25),
(10323, 19, 10319, '浦江镇', '浦江镇', 20),
(10322, 19, 10319, '七宝镇', '七宝镇', 15),
(10321, 19, 10319, '莘庄镇', '莘庄镇', 10),
(10320, 19, 10319, '城区', '城区', 5),
(10319, 19, 10299, '闵行区', '闵行区', 45),
(10318, 19, 10307, '宝山城市工业园区', '宝山城市工业园区', 55),
(10317, 19, 10307, '淞南镇', '淞南镇', 50),
(10316, 19, 10307, '庙行镇', '庙行镇', 45),
(10315, 19, 10307, '高境镇', '高境镇', 40),
(10314, 19, 10307, '顾村镇', '顾村镇', 35),
(10313, 19, 10307, '罗泾镇', '罗泾镇', 30),
(10312, 19, 10307, '月浦镇', '月浦镇', 25),
(10311, 19, 10307, '杨行镇', '杨行镇', 20),
(10310, 19, 10307, '大场镇', '大场镇', 15),
(10309, 19, 10307, '城区', '城区', 10),
(10308, 19, 10307, '罗店镇', '罗店镇', 5),
(10307, 19, 10299, '宝山区', '宝山区', 40),
(10306, 19, 10299, '杨浦区', '杨浦区', 35),
(10305, 19, 10299, '虹口区', '虹口区', 30),
(10304, 19, 10299, '闸北区', '闸北区', 25),
(10303, 19, 10299, '静安区', '静安区', 20),
(10302, 19, 10299, '长宁区', '长宁区', 15),
(10301, 19, 10299, '徐汇区', '徐汇区', 10),
(10300, 19, 10299, '黄浦区', '黄浦区', 5),
(10299, 19, 0, '上海市', '上海市', 10),
(10298, 19, 10282, '珍珠泉乡', '珍珠泉乡', 80),
(10297, 19, 10282, '香营乡', '香营乡', 75),
(10296, 19, 10282, '刘斌堡乡', '刘斌堡乡', 70),
(10295, 19, 10282, '大庄科乡', '大庄科乡', 65),
(10294, 19, 10282, '井庄镇', '井庄镇', 60),
(10293, 19, 10282, '大榆树镇', '大榆树镇', 55),
(10292, 19, 10282, '沈家营镇', '沈家营镇', 50),
(10291, 19, 10282, '千家店镇', '千家店镇', 45),
(10290, 19, 10282, '四海镇', '四海镇', 40),
(10289, 19, 10282, '张山营镇', '张山营镇', 35),
(10288, 19, 10282, '旧县镇', '旧县镇', 30),
(10287, 19, 10282, '永宁镇', '永宁镇', 25),
(10286, 19, 10282, '八达岭镇', '八达岭镇', 20),
(10285, 19, 10282, '康庄镇', '康庄镇', 15),
(10284, 19, 10282, '城区', '城区', 10),
(10283, 19, 10282, '延庆镇', '延庆镇', 5),
(10282, 19, 10147, '延庆县', '延庆县', 90),
(10281, 19, 10279, '城区以外', '城区以外', 10),
(10280, 19, 10279, '城区', '城区', 5),
(10279, 19, 10147, '平谷区', '平谷区', 85),
(10278, 19, 10275, '城区以外', '城区以外', 15),
(10277, 19, 10275, '城区', '城区', 10),
(10276, 19, 10275, '六环以内', '六环以内', 5),
(10275, 19, 10147, '昌平区', '昌平区', 80),
(10274, 19, 10272, '城区以外', '城区以外', 10),
(10273, 19, 10272, '城区', '城区', 5),
(10272, 19, 10147, '密云区', '密云区', 75),
(10271, 19, 10269, '郊区', '郊区', 10),
(10270, 19, 10269, '城区以内', '城区以内', 5),
(10269, 19, 10147, '怀柔区', '怀柔区', 70),
(10268, 19, 10243, '赵全营镇', '赵全营镇', 125),
(10267, 19, 10243, '张镇', '张镇', 120),
(10266, 19, 10243, '杨镇地区', '杨镇地区', 115),
(10265, 19, 10243, '旺泉街道', '旺泉街道', 110),
(10264, 19, 10243, '天竺地区', '天竺地区', 105),
(10263, 19, 10243, '双丰街道', '双丰街道', 100),
(10262, 19, 10243, '石园街道', '石园街道', 95),
(10261, 19, 10243, '胜利街道', '胜利街道', 90),
(10260, 19, 10243, '仁和地区', '仁和地区', 85),
(10259, 19, 10243, '牛栏山地区', '牛栏山地区', 80),
(10258, 19, 10243, '南法信地区', '南法信地区', 75),
(10257, 19, 10243, '南彩镇', '南彩镇', 70),
(10256, 19, 10243, '木林镇', '木林镇', 65),
(10255, 19, 10243, '马坡地区', '马坡地区', 60),
(10254, 19, 10243, '龙湾屯镇', '龙湾屯镇', 55),
(10253, 19, 10243, '李遂镇', '李遂镇', 50),
(10252, 19, 10243, '李桥镇', '李桥镇', 45),
(10251, 19, 10243, '空港街道', '空港街道', 40),
(10250, 19, 10243, '后沙峪地区', '后沙峪地区', 35),
(10249, 19, 10243, '光明街道', '光明街道', 30),
(10248, 19, 10243, '高丽营镇', '高丽营镇', 25),
(10247, 19, 10243, '大孙各庄镇', '大孙各庄镇', 20),
(10246, 19, 10243, '北小营镇', '北小营镇', 15),
(10245, 19, 10243, '北务镇', '北务镇', 10),
(10244, 19, 10243, '北石槽镇', '北石槽镇', 5),
(10243, 19, 10147, '顺义区', '顺义区', 65),
(10242, 19, 10238, '亦庄经济开发区', '亦庄经济开发区', 20),
(10241, 19, 10238, '六环以外', '六环以外', 15),
(10240, 19, 10238, '五环至六环之间', '五环至六环之间', 10),
(10239, 19, 10238, '四环至五环之间', '四环至五环之间', 5),
(10238, 19, 10147, '大兴区', '大兴区', 60),
(10237, 19, 10220, '次渠镇', '次渠镇', 85),
(10236, 19, 10220, '于家务乡', '于家务乡', 80),
(10235, 19, 10220, '台湖镇', '台湖镇', 75),
(10234, 19, 10220, '潞城镇', '潞城镇', 70),
(10233, 19, 10220, '永乐店镇', '永乐店镇', 65),
(10232, 19, 10220, '西集镇', '西集镇', 60),
(10231, 19, 10220, '张家湾镇', '张家湾镇', 55),
(10230, 19, 10220, '漷县镇', '漷县镇', 50),
(10229, 19, 10220, '宋庄镇', '宋庄镇', 45),
(10228, 19, 10220, '梨园镇', '梨园镇', 40),
(10227, 19, 10220, '永顺镇', '永顺镇', 35),
(10226, 19, 10220, '六环外（马驹桥镇）', '六环外（马驹桥镇）', 30),
(10225, 19, 10220, '北苑街道', '北苑街道', 25),
(10224, 19, 10220, '玉桥街道', '玉桥街道', 20),
(10223, 19, 10220, '新华街道', '新华街道', 15),
(10222, 19, 10220, '中仓街道', '中仓街道', 10),
(10221, 19, 10220, '六环内（马驹桥镇）', '六环内（马驹桥镇）', 5),
(10220, 19, 10147, '通州区', '通州区', 55),
(10219, 19, 10196, '周口店镇', '周口店镇', 115),
(10218, 19, 10196, '长阳镇', '长阳镇', 110),
(10217, 19, 10196, '长沟镇', '长沟镇', 105),
(10216, 19, 10196, '张坊镇', '张坊镇', 100),
(10215, 19, 10196, '燕山地区', '燕山地区', 95),
(10214, 19, 10196, '阎村镇', '阎村镇', 90),
(10213, 19, 10196, '新镇', '新镇', 85),
(10212, 19, 10196, '霞云岭乡', '霞云岭乡', 80),
(10211, 19, 10196, '史家营乡', '史家营乡', 75),
(10210, 19, 10196, '石楼镇', '石楼镇', 70),
(10209, 19, 10196, '十渡镇', '十渡镇', 65),
(10208, 19, 10196, '青龙湖镇', '青龙湖镇', 60),
(10207, 19, 10196, '蒲洼乡', '蒲洼乡', 55),
(10206, 19, 10196, '南窖乡', '南窖乡', 50),
(10205, 19, 10196, '琉璃河镇', '琉璃河镇', 45),
(10204, 19, 10196, '良乡镇', '良乡镇', 40),
(10203, 19, 10196, '河北镇', '河北镇', 35),
(10202, 19, 10196, '韩村河镇', '韩村河镇', 30),
(10201, 19, 10196, '佛子庄乡', '佛子庄乡', 25),
(10200, 19, 10196, '窦店镇', '窦店镇', 20),
(10199, 19, 10196, '大石窝镇', '大石窝镇', 15),
(10198, 19, 10196, '大安山乡', '大安山乡', 10),
(10197, 19, 10196, '城区', '城区', 5),
(10196, 19, 10147, '房山区', '房山区', 50),
(10195, 19, 10184, '清水镇', '清水镇', 55),
(10194, 19, 10184, '斋堂镇', '斋堂镇', 50),
(10193, 19, 10184, '雁翅镇', '雁翅镇', 45),
(10192, 19, 10184, '妙峰山镇', '妙峰山镇', 40),
(10191, 19, 10184, '军庄镇', '军庄镇', 35),
(10190, 19, 10184, '王平镇', '王平镇', 30),
(10189, 19, 10184, '潭柘寺镇', '潭柘寺镇', 25),
(10188, 19, 10184, '大台镇', '大台镇', 20),
(10187, 19, 10184, '永定镇', '永定镇', 15),
(10186, 19, 10184, '龙泉镇', '龙泉镇', 10),
(10185, 19, 10184, '城区', '城区', 5),
(10184, 19, 10147, '门头沟', '门头沟', 45),
(10183, 19, 10180, '八大处科技园区', '八大处科技园区', 15),
(10182, 19, 10180, '石景山城区', '石景山城区', 10),
(10181, 19, 10180, '四环到五环内', '四环到五环内', 5),
(10180, 19, 10147, '石景山区', '石景山区', 40),
(10179, 19, 10174, '六环之外', '六环之外', 25),
(10178, 19, 10174, '五环到六环之间', '五环到六环之间', 20),
(10177, 19, 10174, '三环到四环之间', '三环到四环之间', 15),
(10176, 19, 10174, '二环到三环', '二环到三环', 10),
(10175, 19, 10174, '四环到五环之间', '四环到五环之间', 5),
(10174, 19, 10147, '丰台区', '丰台区', 35),
(10173, 19, 10172, '内环到三环里', '内环到三环里', 5),
(10172, 19, 10147, '宣武区', '宣武区', 30),
(10171, 19, 10169, '二环到三环', '二环到三环', 10),
(10170, 19, 10169, '一环到二环', '一环到二环', 5),
(10169, 19, 10147, '崇文区', '崇文区', 25),
(10168, 19, 10167, '内环到三环里', '内环到三环里', 5),
(10167, 19, 10147, '东城区', '东城区', 20),
(10166, 19, 10164, '二环到三环', '二环到三环', 10),
(10165, 19, 10164, '内环到二环里', '内环到二环里', 5),
(10164, 19, 10147, '西城区', '西城区', 15),
(10163, 19, 10156, '西二旗', '西二旗', 35),
(10162, 19, 10156, '西三旗', '西三旗', 30),
(10161, 19, 10156, '六环以外', '六环以外', 25),
(10160, 19, 10156, '五环到六环之间', '五环到六环之间', 20),
(10159, 19, 10156, '四环到五环之间', '四环到五环之间', 15),
(10158, 19, 10156, '三环到四环之间', '三环到四环之间', 10),
(10157, 19, 10156, '三环以内', '三环以内', 5),
(10156, 19, 10147, '海淀区', '海淀区', 10),
(10155, 19, 10148, '三环以内', '三环以内', 35),
(10154, 19, 10148, '定福庄', '定福庄', 30),
(10153, 19, 10148, '北苑', '北苑', 25),
(10152, 19, 10148, '管庄', '管庄', 20),
(10151, 19, 10148, '五环到六环之间', '五环到六环之间', 15),
(10150, 19, 10148, '四环到五环之间', '四环到五环之间', 10),
(10149, 19, 10148, '三环到四环之间', '三环到四环之间', 5),
(10148, 19, 10147, '朝阳区', '朝阳区', 5),
(10147, 19, 0, '北京市', '北京市', 5),
(14481, 19, 14472, '水富县', '水富县', 45),
(14482, 19, 14472, '巧家县', '巧家县', 50),
(14483, 19, 14472, '威信县', '威信县', 55),
(14484, 19, 14436, '普洱市', '普洱市', 25),
(14485, 19, 14484, '孟连县', '孟连县', 5),
(14486, 19, 14484, '思茅区', '思茅区', 10),
(14487, 19, 14484, '宁洱县', '宁洱县', 15),
(14488, 19, 14484, '景东县', '景东县', 20),
(14489, 19, 14484, '镇沅县', '镇沅县', 25),
(14490, 19, 14484, '景谷县', '景谷县', 30),
(14491, 19, 14484, '墨江县', '墨江县', 35),
(14492, 19, 14484, '澜沧县', '澜沧县', 40),
(14493, 19, 14484, '西盟县', '西盟县', 45),
(14494, 19, 14484, '江城县', '江城县', 50),
(14495, 19, 14436, '临沧市', '临沧市', 30),
(14496, 19, 14495, '双江县', '双江县', 5),
(14497, 19, 14495, '沧源县', '沧源县', 10),
(14498, 19, 14495, '临翔区', '临翔区', 15),
(14499, 19, 14495, '镇康县', '镇康县', 20),
(14500, 19, 14495, '凤庆县', '凤庆县', 25),
(14501, 19, 14495, '云县', '云县', 30),
(14502, 19, 14495, '永德县', '永德县', 35),
(14503, 19, 14495, '耿马县', '耿马县', 40),
(14504, 19, 14436, '保山市', '保山市', 35),
(14505, 19, 14504, '隆阳区', '隆阳区', 5),
(14506, 19, 14504, '施甸县', '施甸县', 10),
(14507, 19, 14504, '昌宁县', '昌宁县', 15),
(14508, 19, 14504, '龙陵县', '龙陵县', 20),
(14509, 19, 14504, '腾冲县', '腾冲县', 25),
(14510, 19, 14436, '丽江市', '丽江市', 40),
(14511, 19, 14510, '玉龙县', '玉龙县', 5),
(14512, 19, 14510, '华坪县', '华坪县', 10),
(14513, 19, 14510, '永胜县', '永胜县', 15),
(14514, 19, 14510, '宁蒗县', '宁蒗县', 20),
(14515, 19, 14510, '古城区', '古城区', 25),
(14516, 19, 14436, '文山州', '文山州', 45),
(14517, 19, 14516, '文山市', '文山市', 5),
(14518, 19, 14516, '麻栗坡县', '麻栗坡县', 10),
(14519, 19, 14516, '砚山县', '砚山县', 15),
(14520, 19, 14516, '广南县', '广南县', 20),
(14521, 19, 14516, '马关县', '马关县', 25),
(14522, 19, 14516, '富宁县', '富宁县', 30),
(14523, 19, 14516, '西畴县', '西畴县', 35),
(14524, 19, 14516, '丘北县', '丘北县', 40),
(14525, 19, 14436, '红河州', '红河州', 50),
(14526, 19, 14525, '个旧市', '个旧市', 5),
(14527, 19, 14525, '开远市', '开远市', 10),
(14528, 19, 14525, '弥勒县', '弥勒县', 15),
(14529, 19, 14525, '红河县', '红河县', 20),
(14530, 19, 14525, '绿春县', '绿春县', 25),
(14531, 19, 14525, '蒙自市', '蒙自市', 30),
(14532, 19, 14525, '泸西县', '泸西县', 35),
(14533, 19, 14525, '建水县', '建水县', 40),
(14534, 19, 14525, '元阳县', '元阳县', 45),
(14535, 19, 14525, '石屏县', '石屏县', 50),
(14536, 19, 14525, '金平县', '金平县', 55),
(14537, 19, 14525, '屏边县', '屏边县', 60),
(14538, 19, 14525, '河口县', '河口县', 65),
(14539, 19, 14436, '西双版纳州', '西双版纳州', 55),
(14540, 19, 14539, '景洪市', '景洪市', 5),
(14541, 19, 14539, '勐海县', '勐海县', 10),
(14542, 19, 14539, '勐腊县', '勐腊县', 15),
(14543, 19, 14436, '楚雄州', '楚雄州', 60),
(14544, 19, 14543, '元谋县', '元谋县', 5),
(14545, 19, 14543, '南华县', '南华县', 10),
(14546, 19, 14543, '牟定县', '牟定县', 15),
(14547, 19, 14543, '武定县', '武定县', 20),
(14548, 19, 14543, '大姚县', '大姚县', 25),
(14549, 19, 14543, '双柏县', '双柏县', 30),
(14550, 19, 14543, '禄丰县', '禄丰县', 35),
(14551, 19, 14543, '永仁县', '永仁县', 40),
(14552, 19, 14543, '姚安县', '姚安县', 45),
(14553, 19, 14543, '楚雄市', '楚雄市', 50),
(14554, 19, 14436, '大理州', '大理州', 65),
(14555, 19, 14554, '剑川县', '剑川县', 5),
(14556, 19, 14554, '弥渡县', '弥渡县', 10),
(14557, 19, 14554, '云龙县', '云龙县', 15),
(14558, 19, 14554, '洱源县', '洱源县', 20),
(14559, 19, 14554, '鹤庆县', '鹤庆县', 25),
(14560, 19, 14554, '宾川县', '宾川县', 30),
(14561, 19, 14554, '祥云县', '祥云县', 35),
(14562, 19, 14554, '永平县', '永平县', 40),
(14563, 19, 14554, '巍山县', '巍山县', 45),
(14564, 19, 14554, '漾濞县', '漾濞县', 50),
(14565, 19, 14554, '南涧县', '南涧县', 55),
(14566, 19, 14554, '大理市', '大理市', 60),
(14567, 19, 14436, '德宏州', '德宏州', 70),
(14568, 19, 14567, '芒市', '芒市', 5),
(14569, 19, 14567, '瑞丽市', '瑞丽市', 10),
(14570, 19, 14567, '盈江县', '盈江县', 15),
(14571, 19, 14567, '梁河县', '梁河县', 20),
(14572, 19, 14567, '陇川县', '陇川县', 25),
(14573, 19, 14436, '怒江州', '怒江州', 75),
(14574, 19, 14573, '泸水县', '泸水县', 5),
(14575, 19, 14573, '福贡县', '福贡县', 10),
(14576, 19, 14573, '兰坪县', '兰坪县', 15),
(14577, 19, 14573, '贡山县', '贡山县', 20),
(14578, 19, 14436, '迪庆州', '迪庆州', 80),
(14579, 19, 14578, '香格里拉县', '香格里拉县', 5),
(14580, 19, 14578, '德钦县', '德钦县', 10),
(14581, 19, 14578, '维西县', '维西县', 15),
(14582, 19, 0, '西藏自治区', '西藏自治区', 130),
(14583, 19, 14582, '拉萨市', '拉萨市', 5),
(14584, 19, 14583, '城关区', '城关区', 5),
(14585, 19, 14583, '林周县', '林周县', 10),
(14586, 19, 14583, '当雄县', '当雄县', 15),
(14587, 19, 14583, '尼木县', '尼木县', 20),
(14588, 19, 14583, '曲水县', '曲水县', 25),
(14589, 19, 14583, '堆龙德庆县', '堆龙德庆县', 30),
(14590, 19, 14583, '达孜县', '达孜县', 35),
(14591, 19, 14583, '墨竹工卡县', '墨竹工卡县', 40),
(14592, 19, 14582, '那曲地区', '那曲地区', 10),
(14593, 19, 14592, '索县', '索县', 5),
(14594, 19, 14592, '那曲县', '那曲县', 10),
(14595, 19, 14592, '嘉黎县', '嘉黎县', 15),
(14596, 19, 14592, '比如县', '比如县', 20),
(14597, 19, 14592, '聂荣县', '聂荣县', 25),
(14598, 19, 14592, '安多县', '安多县', 30),
(14599, 19, 14592, '申扎县', '申扎县', 35),
(14600, 19, 14592, '班戈县', '班戈县', 40),
(14601, 19, 14592, '巴青县', '巴青县', 45),
(14602, 19, 14592, '尼玛县', '尼玛县', 50),
(14603, 19, 14582, '山南地区', '山南地区', 15),
(14604, 19, 14603, '贡嘎县', '贡嘎县', 5),
(14605, 19, 14603, '扎囊县', '扎囊县', 10),
(14606, 19, 14603, '乃东县', '乃东县', 15),
(14607, 19, 14603, '桑日县', '桑日县', 20),
(14608, 19, 14603, '琼结县', '琼结县', 25),
(14609, 19, 14603, '曲松县', '曲松县', 30),
(14610, 19, 14603, '措美县', '措美县', 35),
(14611, 19, 14603, '洛扎县', '洛扎县', 40),
(14612, 19, 14603, '加查县', '加查县', 45),
(14613, 19, 14603, '隆子县', '隆子县', 50),
(14614, 19, 14603, '错那县', '错那县', 55),
(14615, 19, 14603, '浪卡子县', '浪卡子县', 60),
(14616, 19, 14582, '昌都地区', '昌都地区', 20),
(14617, 19, 14616, '昌都县', '昌都县', 5),
(14618, 19, 14616, '江达县', '江达县', 10),
(14619, 19, 14616, '贡觉县', '贡觉县', 15),
(14620, 19, 14616, '类乌齐县', '类乌齐县', 20),
(14621, 19, 14616, '丁青县', '丁青县', 25),
(14622, 19, 14616, '察雅县', '察雅县', 30),
(14623, 19, 14616, '八宿县', '八宿县', 35),
(14624, 19, 14616, '左贡县', '左贡县', 40),
(14625, 19, 14616, '芒康县', '芒康县', 45),
(14626, 19, 14616, '洛隆县', '洛隆县', 50),
(14627, 19, 14616, '边坝县', '边坝县', 55),
(14628, 19, 14582, '日喀则地区', '日喀则地区', 25),
(14629, 19, 14628, '聂拉木县', '聂拉木县', 5),
(14630, 19, 14628, '昂仁县', '昂仁县', 10),
(14631, 19, 14628, '日喀则市', '日喀则市', 15),
(14632, 19, 14628, '南木林县', '南木林县', 20),
(14633, 19, 14628, '江孜县', '江孜县', 25),
(14634, 19, 14628, '定日县', '定日县', 30),
(14635, 19, 14628, '萨迦县　', '萨迦县　', 35),
(14636, 19, 14628, '拉孜县', '拉孜县', 40),
(14637, 19, 14628, '谢通门县', '谢通门县', 45),
(14638, 19, 14628, '白朗县', '白朗县', 50),
(14639, 19, 14628, '仁布县', '仁布县', 55),
(14640, 19, 14628, '康马县', '康马县', 60),
(14641, 19, 14628, '定结县', '定结县', 65),
(14642, 19, 14628, '仲巴县', '仲巴县', 70),
(14643, 19, 14628, '亚东县', '亚东县', 75),
(14644, 19, 14628, '吉隆县', '吉隆县', 80),
(14645, 19, 14628, '萨嘎县', '萨嘎县', 85),
(14646, 19, 14628, '岗巴县', '岗巴县', 90),
(14647, 19, 14582, '阿里地区', '阿里地区', 30),
(14648, 19, 14647, '噶尔县', '噶尔县', 5),
(14649, 19, 14647, '普兰县', '普兰县', 10),
(14650, 19, 14647, '札达县　', '札达县　', 15),
(14651, 19, 14647, '日土县', '日土县', 20),
(14652, 19, 14647, '革吉县', '革吉县', 25),
(14653, 19, 14647, '改则县', '改则县', 30),
(14654, 19, 14647, '措勤县', '措勤县', 35),
(14655, 19, 14582, '林芝地区', '林芝地区', 35),
(14656, 19, 14655, '林芝县', '林芝县', 5),
(14657, 19, 14655, '工布江达县', '工布江达县', 10),
(14658, 19, 14655, '米林县', '米林县', 15),
(14659, 19, 14655, '墨脱县', '墨脱县', 20),
(14660, 19, 14655, '波密县', '波密县', 25),
(14661, 19, 14655, '察隅县', '察隅县', 30),
(14662, 19, 14655, '朗县', '朗县', 35),
(14663, 19, 0, '陕西省', '陕西省', 135),
(14664, 19, 14663, '西安市', '西安市', 5),
(14665, 19, 14664, '新城区', '新城区', 5),
(14666, 19, 14664, '雁塔区', '雁塔区', 10),
(14667, 19, 14664, '未央区', '未央区', 15),
(14668, 19, 14664, '长安区', '长安区', 20),
(14669, 19, 14664, '灞桥区', '灞桥区', 25),
(14670, 19, 14664, '碑林区', '碑林区', 30),
(14671, 19, 14664, '莲湖区', '莲湖区', 35),
(14672, 19, 14664, '临潼区', '临潼区', 40),
(14673, 19, 14664, '阎良区', '阎良区', 45),
(14674, 19, 14664, '杨凌农业示范区', '杨凌农业示范区', 50),
(14675, 19, 14664, '西安武警工程学院', '西安武警工程学院', 55),
(14676, 19, 14664, '高陵县', '高陵县', 60),
(14677, 19, 14664, '蓝田县', '蓝田县', 65),
(14678, 19, 14664, '户县', '户县', 70),
(14679, 19, 14664, '周至县', '周至县', 75),
(14680, 19, 14663, '铜川市', '铜川市', 10),
(14681, 19, 14680, '印台区', '印台区', 5),
(14682, 19, 14680, '宜君县', '宜君县', 10),
(14683, 19, 14680, '王益区', '王益区', 15),
(14684, 19, 14680, '耀州区', '耀州区', 20),
(14685, 19, 14663, '宝鸡市', '宝鸡市', 15),
(14686, 19, 14685, '渭滨区', '渭滨区', 5),
(14687, 19, 14685, '金台区', '金台区', 10),
(14688, 19, 14685, '岐山县', '岐山县', 15),
(14689, 19, 14685, '太白县', '太白县', 20),
(14690, 19, 14685, '凤翔县', '凤翔县', 25),
(14691, 19, 14685, '陇县', '陇县', 30),
(14692, 19, 14685, '麟游县', '麟游县', 35),
(14693, 19, 14685, '千阳县', '千阳县', 40),
(14694, 19, 14685, '扶风县', '扶风县', 45),
(14695, 19, 14685, '凤县', '凤县', 50),
(14696, 19, 14685, '眉县', '眉县', 55),
(14697, 19, 14685, '陈仓区', '陈仓区', 60),
(14698, 19, 14663, '咸阳市', '咸阳市', 20),
(14699, 19, 14698, '秦都区', '秦都区', 5),
(14700, 19, 14698, '渭城区', '渭城区', 10),
(14701, 19, 14698, '兴平市', '兴平市', 15),
(14702, 19, 14698, '礼泉县', '礼泉县', 20),
(14703, 19, 14698, '泾阳县', '泾阳县', 25),
(14704, 19, 14698, '永寿县', '永寿县', 30),
(14705, 19, 14698, '三原县', '三原县', 35),
(14706, 19, 14698, '彬县', '彬县', 40),
(14707, 19, 14698, '旬邑县', '旬邑县', 45),
(14708, 19, 14698, '长武县', '长武县', 50),
(14709, 19, 14698, '乾县', '乾县', 55),
(14710, 19, 14698, '武功县', '武功县', 60),
(14711, 19, 14698, '淳化县', '淳化县', 65),
(14712, 19, 14698, '杨陵区', '杨陵区', 70),
(14713, 19, 14663, '渭南市', '渭南市', 25),
(14714, 19, 14713, '韩城市', '韩城市', 5),
(14715, 19, 14713, '华阴市', '华阴市', 10),
(14716, 19, 14713, '蒲城县', '蒲城县', 15),
(14717, 19, 14713, '华县', '华县', 20),
(14718, 19, 14713, '潼关县', '潼关县', 25),
(14719, 19, 14713, '大荔县', '大荔县', 30),
(14720, 19, 14713, '澄城县', '澄城县', 35),
(14721, 19, 14713, '合阳县', '合阳县', 40),
(14722, 19, 14713, '白水县', '白水县', 45),
(14723, 19, 14713, '富平县', '富平县', 50),
(14724, 19, 14713, '临渭区', '临渭区', 55),
(14725, 19, 14663, '延安市', '延安市', 30),
(14726, 19, 14725, '宝塔区', '宝塔区', 5),
(14727, 19, 14725, '安塞县', '安塞县', 10),
(14728, 19, 14725, '洛川县', '洛川县', 15),
(14729, 19, 14725, '子长县', '子长县', 20),
(14730, 19, 14725, '黄陵县', '黄陵县', 25),
(14731, 19, 14725, '延长县', '延长县', 30),
(14732, 19, 14725, '宜川县', '宜川县', 35),
(14733, 19, 14725, '延川县', '延川县', 40),
(14734, 19, 14725, '甘泉县', '甘泉县', 45),
(14735, 19, 14725, '富县', '富县', 50),
(14736, 19, 14725, '志丹县', '志丹县', 55),
(14737, 19, 14725, '黄龙县', '黄龙县', 60),
(14738, 19, 14725, '吴起县', '吴起县', 65),
(14739, 19, 14663, '汉中市', '汉中市', 35),
(14740, 19, 14739, '汉台区', '汉台区', 5),
(14741, 19, 14739, '南郑县', '南郑县', 10),
(14742, 19, 14739, '城固县', '城固县', 15),
(14743, 19, 14739, '洋县', '洋县', 20),
(14744, 19, 14739, '佛坪县', '佛坪县', 25),
(14745, 19, 14739, '留坝县', '留坝县', 30),
(14746, 19, 14739, '镇巴县', '镇巴县', 35),
(14747, 19, 14739, '西乡县', '西乡县', 40),
(14748, 19, 14739, '勉县', '勉县', 45),
(14749, 19, 14739, '略阳县', '略阳县', 50),
(14750, 19, 14739, '宁强县', '宁强县', 55),
(14751, 19, 14663, '榆林市', '榆林市', 40),
(14752, 19, 14751, '清涧县', '清涧县', 5),
(14753, 19, 14751, '绥德县', '绥德县', 10),
(14754, 19, 14751, '佳县', '佳县', 15),
(14755, 19, 14751, '神木县', '神木县', 20),
(14756, 19, 14751, '府谷县', '府谷县', 25),
(14757, 19, 14751, '子洲县', '子洲县', 30),
(14758, 19, 14751, '横山县', '横山县', 35),
(14759, 19, 14751, '米脂县', '米脂县', 40),
(14760, 19, 14751, '吴堡县', '吴堡县', 45),
(14761, 19, 14751, '定边县', '定边县', 50),
(14762, 19, 14751, '榆阳区', '榆阳区', 55),
(14763, 19, 14751, '靖边县', '靖边县', 60),
(14764, 19, 14663, '商洛市', '商洛市', 45),
(14765, 19, 14764, '商州区', '商州区', 5),
(14766, 19, 14764, '镇安县', '镇安县', 10),
(14767, 19, 14764, '山阳县', '山阳县', 15),
(14768, 19, 14764, '洛南县', '洛南县', 20),
(14769, 19, 14764, '商南县', '商南县', 25),
(14770, 19, 14764, '丹凤县', '丹凤县', 30),
(14771, 19, 14764, '柞水县', '柞水县', 35),
(14772, 19, 14663, '安康市', '安康市', 50),
(14773, 19, 14772, '汉滨区', '汉滨区', 5),
(14774, 19, 14772, '紫阳县', '紫阳县', 10),
(14775, 19, 14772, '岚皋县', '岚皋县', 15),
(14776, 19, 14772, '旬阳县', '旬阳县', 20),
(14777, 19, 14772, '镇坪县', '镇坪县', 25),
(14778, 19, 14772, '平利县', '平利县', 30),
(14779, 19, 14772, '宁陕县', '宁陕县', 35),
(14780, 19, 14772, '汉阴县', '汉阴县', 40),
(14781, 19, 14772, '石泉县', '石泉县', 45),
(14782, 19, 14772, '白河县', '白河县', 50),
(14783, 19, 0, '甘肃省', '甘肃省', 140),
(14784, 19, 14783, '兰州市', '兰州市', 5),
(14785, 19, 14784, '七里河区', '七里河区', 5),
(14786, 19, 14784, '安宁区', '安宁区', 10),
(14787, 19, 14784, '城关区', '城关区', 15),
(14788, 19, 14784, '西固区', '西固区', 20),
(14789, 19, 14784, '红古区', '红古区', 25),
(14790, 19, 14784, '永登县', '永登县', 30),
(14791, 19, 14784, '榆中县', '榆中县', 35),
(14792, 19, 14784, '皋兰县', '皋兰县', 40),
(14793, 19, 14783, '金昌市', '金昌市', 10),
(14794, 19, 14793, '永昌县', '永昌县', 5),
(14795, 19, 14793, '金川区', '金川区', 10),
(14796, 19, 14783, '白银市', '白银市', 15),
(14797, 19, 14796, '白银区', '白银区', 5),
(14798, 19, 14796, '平川区', '平川区', 10),
(14799, 19, 14796, '靖远县', '靖远县', 15),
(14800, 19, 14796, '景泰县', '景泰县', 20),
(14801, 19, 14796, '会宁县', '会宁县', 25),
(14802, 19, 14783, '天水市', '天水市', 20),
(14803, 19, 14802, '麦积区', '麦积区', 5),
(14804, 19, 14802, '秦州区', '秦州区', 10),
(14805, 19, 14802, '甘谷县', '甘谷县', 15),
(14806, 19, 14802, '武山县', '武山县', 20),
(14807, 19, 14802, '清水县', '清水县', 25),
(14808, 19, 14802, '秦安县', '秦安县', 30),
(14809, 19, 14802, '张家川县', '张家川县', 35),
(14810, 19, 14783, '嘉峪关市', '嘉峪关市', 25),
(14811, 19, 14810, '长城区', '长城区', 5),
(14812, 19, 14810, '镜铁区', '镜铁区', 10),
(14813, 19, 14810, '雄关区', '雄关区', 15),
(14814, 19, 14783, '平凉市', '平凉市', 30),
(14815, 19, 14814, '静宁县', '静宁县', 5),
(14816, 19, 14814, '崆峒区', '崆峒区', 10),
(14817, 19, 14814, '华亭县', '华亭县', 15),
(14818, 19, 14814, '崇信县', '崇信县', 20),
(14819, 19, 14814, '泾川县', '泾川县', 25),
(14820, 19, 14814, '灵台县', '灵台县', 30),
(14821, 19, 14814, '镇原县', '镇原县', 35),
(14822, 19, 14814, '庄浪县', '庄浪县', 40),
(14823, 19, 14783, '庆阳市', '庆阳市', 35),
(14824, 19, 14823, '庆城县', '庆城县', 5),
(14825, 19, 14823, '西峰区', '西峰区', 10),
(14826, 19, 14823, '镇原县', '镇原县', 15),
(14827, 19, 14823, '合水县', '合水县', 20),
(14828, 19, 14823, '华池县', '华池县', 25),
(14829, 19, 14823, '环县', '环县', 30),
(14830, 19, 14823, '宁县', '宁县', 35),
(14831, 19, 14823, '正宁县', '正宁县', 40),
(14832, 19, 14783, '陇南市', '陇南市', 40),
(14833, 19, 14832, '成县', '成县', 5),
(14834, 19, 14832, '礼县', '礼县', 10),
(14835, 19, 14832, '康县', '康县', 15),
(14836, 19, 14832, '武都区', '武都区', 20),
(14837, 19, 14832, '文县', '文县', 25),
(14838, 19, 14832, '两当县', '两当县', 30),
(14839, 19, 14832, '徽县', '徽县', 35),
(14840, 19, 14832, '宕昌县', '宕昌县', 40),
(14841, 19, 14832, '西和县', '西和县', 45),
(14842, 19, 14783, '武威市', '武威市', 45),
(14843, 19, 14842, '凉州区', '凉州区', 5),
(14844, 19, 14842, '古浪县', '古浪县', 10),
(14845, 19, 14842, '天祝县', '天祝县', 15),
(14846, 19, 14842, '民勤县', '民勤县', 20),
(14847, 19, 14783, '张掖市', '张掖市', 50),
(14848, 19, 14847, '甘州区', '甘州区', 5),
(14849, 19, 14847, '山丹县', '山丹县', 10),
(14850, 19, 14847, '临泽县', '临泽县', 15),
(14851, 19, 14847, '高台县', '高台县', 20),
(14852, 19, 14847, '肃南县', '肃南县', 25),
(14853, 19, 14847, '民乐县', '民乐县', 30),
(14854, 19, 14783, '酒泉市', '酒泉市', 55),
(14855, 19, 14854, '金塔县', '金塔县', 5),
(14856, 19, 14854, '阿克塞县', '阿克塞县', 10),
(14857, 19, 14854, '肃北县', '肃北县', 15),
(14858, 19, 14854, '瓜州县', '瓜州县', 20),
(14859, 19, 14854, '肃州区', '肃州区', 25),
(14860, 19, 14854, '玉门市', '玉门市', 30),
(14861, 19, 14854, '敦煌市', '敦煌市', 35),
(14862, 19, 14783, '甘南州', '甘南州', 60),
(14863, 19, 14862, '合作市', '合作市', 5),
(14864, 19, 14862, '夏河县', '夏河县', 10),
(14865, 19, 14862, '碌曲县', '碌曲县', 15),
(14866, 19, 14862, '舟曲县', '舟曲县', 20),
(14867, 19, 14862, '玛曲县', '玛曲县', 25),
(14868, 19, 14862, '迭部县', '迭部县', 30),
(14869, 19, 14862, '临潭县', '临潭县', 35),
(14870, 19, 14862, '卓尼县', '卓尼县', 40),
(14871, 19, 14783, '临夏州', '临夏州', 65),
(14872, 19, 14871, '临夏县', '临夏县', 5),
(14873, 19, 14871, '康乐县', '康乐县', 10),
(14874, 19, 14871, '永靖县', '永靖县', 15),
(14875, 19, 14871, '和政县', '和政县', 20),
(14876, 19, 14871, '东乡族自治县', '东乡族自治县', 25),
(14877, 19, 14871, '积石山县', '积石山县', 30),
(14878, 19, 14871, '临夏市', '临夏市', 35),
(14879, 19, 14871, '广河县', '广河县', 40),
(14880, 19, 14783, '定西市', '定西市', 70),
(14881, 19, 14880, '岷县', '岷县', 5),
(14882, 19, 14880, '安定区', '安定区', 10),
(14883, 19, 14880, '通渭县', '通渭县', 15),
(14884, 19, 14880, '临洮县', '临洮县', 20),
(14885, 19, 14880, '漳县', '漳县', 25),
(14886, 19, 14880, '渭源县', '渭源县', 30),
(14887, 19, 14880, '陇西县', '陇西县', 35),
(14888, 19, 0, '青海省', '青海省', 145),
(14889, 19, 14888, '西宁市', '西宁市', 5),
(14890, 19, 14889, '湟中县', '湟中县', 5),
(14891, 19, 14889, '湟源县', '湟源县', 10),
(14892, 19, 14889, '大通县', '大通县', 15),
(14893, 19, 14889, '城中区', '城中区', 20),
(14894, 19, 14889, '城东区', '城东区', 25),
(14895, 19, 14889, '城西区', '城西区', 30),
(14896, 19, 14889, '城北区', '城北区', 35),
(14897, 19, 14888, '海东地区', '海东地区', 10),
(14898, 19, 14897, '平安县', '平安县', 5),
(14899, 19, 14897, '乐都县', '乐都县', 10),
(14900, 19, 14897, '民和县', '民和县', 15),
(14901, 19, 14897, '互助县', '互助县', 20),
(14902, 19, 14897, '化隆县', '化隆县', 25),
(14903, 19, 14897, '循化县', '循化县', 30),
(14904, 19, 14888, '海北州', '海北州', 15),
(14905, 19, 14904, '海晏县', '海晏县', 5),
(14906, 19, 14904, '祁连县', '祁连县', 10),
(14907, 19, 14904, '刚察县', '刚察县', 15),
(14908, 19, 14904, '门源县', '门源县', 20),
(14909, 19, 14888, '黄南州', '黄南州', 20),
(14910, 19, 14909, '尖扎县', '尖扎县', 5),
(14911, 19, 14909, '同仁县', '同仁县', 10),
(14912, 19, 14909, '泽库县', '泽库县', 15),
(14913, 19, 14909, '河南县', '河南县', 20),
(14914, 19, 14888, '海南州', '海南州', 25),
(14915, 19, 14914, '共和县', '共和县', 5),
(14916, 19, 14914, '同德县', '同德县', 10),
(14917, 19, 14914, '贵德县', '贵德县', 15),
(14918, 19, 14914, '兴海县', '兴海县', 20),
(14919, 19, 14914, '贵南县', '贵南县', 25),
(14920, 19, 14888, '果洛州', '果洛州', 30),
(14921, 19, 14920, '玛沁县', '玛沁县', 5),
(14922, 19, 14920, '甘德县', '甘德县', 10),
(14923, 19, 14920, '达日县', '达日县', 15),
(14924, 19, 14920, '班玛县', '班玛县', 20),
(14925, 19, 14920, '久治县', '久治县', 25),
(14926, 19, 14920, '玛多县', '玛多县', 30),
(14927, 19, 14888, '玉树州', '玉树州', 35),
(14928, 19, 14927, '玉树县', '玉树县', 5),
(14929, 19, 14927, '称多县', '称多县', 10),
(14930, 19, 14927, '囊谦县', '囊谦县', 15),
(14931, 19, 14927, '杂多县', '杂多县', 20),
(14932, 19, 14927, '治多县', '治多县', 25),
(14933, 19, 14927, '曲麻莱县', '曲麻莱县', 30),
(14934, 19, 14888, '海西州', '海西州', 40),
(14935, 19, 14934, '德令哈市', '德令哈市', 5),
(14936, 19, 14934, '乌兰县', '乌兰县', 10),
(14937, 19, 14934, '天峻县', '天峻县', 15),
(14938, 19, 14934, '都兰县', '都兰县', 20),
(14939, 19, 14934, '大柴旦行委', '大柴旦行委', 25),
(14940, 19, 14934, '冷湖行委', '冷湖行委', 30),
(14941, 19, 14934, '茫崖行委', '茫崖行委', 35),
(14942, 19, 14934, '格尔木市', '格尔木市', 40),
(14943, 19, 0, '宁夏回族自治区', '宁夏回族自治区', 150),
(14944, 19, 14943, '银川市', '银川市', 5),
(14945, 19, 14944, '灵武市', '灵武市', 5),
(14946, 19, 14944, '永宁县', '永宁县', 10),
(14947, 19, 14944, '贺兰县', '贺兰县', 15),
(14948, 19, 14944, '兴庆区', '兴庆区', 20),
(14949, 19, 14944, '金凤区', '金凤区', 25),
(14950, 19, 14944, '西夏区', '西夏区', 30),
(14951, 19, 14943, '石嘴山市', '石嘴山市', 10),
(14952, 19, 14951, '平罗县', '平罗县', 5),
(14953, 19, 14951, '惠农区', '惠农区', 10),
(14954, 19, 14951, '大武口区', '大武口区', 15),
(14955, 19, 14943, '吴忠市', '吴忠市', 15),
(14956, 19, 14955, '青铜峡市', '青铜峡市', 5),
(14957, 19, 14955, '同心县', '同心县', 10),
(14958, 19, 14955, '盐池县', '盐池县', 15),
(14959, 19, 14955, '红寺堡开发区', '红寺堡开发区', 20),
(14960, 19, 14955, '利通区', '利通区', 25),
(14961, 19, 14943, '固原市', '固原市', 20),
(14962, 19, 14961, '西吉县', '西吉县', 5),
(14963, 19, 14961, '隆德县', '隆德县', 10),
(14964, 19, 14961, '泾源县', '泾源县', 15),
(14965, 19, 14961, '彭阳县', '彭阳县', 20),
(14966, 19, 14961, '原州区', '原州区', 25),
(14967, 19, 14943, '中卫市', '中卫市', 25),
(14968, 19, 14967, '中宁县', '中宁县', 5),
(14969, 19, 14967, '海原县', '海原县', 10),
(14970, 19, 14967, '沙坡头区', '沙坡头区', 15),
(14971, 19, 0, '新疆维吾尔自治区', '新疆维吾尔自治区', 155),
(14972, 19, 14971, '乌鲁木齐市', '乌鲁木齐市', 5),
(14973, 19, 14972, '天山区', '天山区', 5),
(14974, 19, 14972, '头屯河区', '头屯河区', 10),
(14975, 19, 14972, '达坂城区', '达坂城区', 15),
(14976, 19, 14972, '米东区', '米东区', 20),
(14977, 19, 14972, '新市区', '新市区', 25),
(14978, 19, 14972, '沙依巴克区', '沙依巴克区', 30),
(14979, 19, 14972, '水磨沟区', '水磨沟区', 35),
(14980, 19, 14972, '乌鲁木齐县', '乌鲁木齐县', 40),
(14981, 19, 14971, '克拉玛依市', '克拉玛依市', 10),
(14982, 19, 14981, '克拉玛依区', '克拉玛依区', 5),
(14983, 19, 14981, '独山子区', '独山子区', 10),
(14984, 19, 14981, '乌尔禾区', '乌尔禾区', 15),
(14985, 19, 14981, '白碱滩区', '白碱滩区', 20),
(14986, 19, 14971, '石河子市', '石河子市', 15),
(14987, 19, 14986, '石河子市', '石河子市', 5),
(14988, 19, 14971, '吐鲁番地区', '吐鲁番地区', 20),
(14989, 19, 14988, '吐鲁番市', '吐鲁番市', 5),
(14990, 19, 14988, '托克逊县', '托克逊县', 10),
(14991, 19, 14988, '鄯善县', '鄯善县', 15),
(14992, 19, 14971, '哈密地区', '哈密地区', 25),
(14993, 19, 14992, '哈密市', '哈密市', 5),
(14994, 19, 14992, '巴里坤县', '巴里坤县', 10),
(14995, 19, 14992, '伊吾县', '伊吾县', 15),
(14996, 19, 14971, '和田地区', '和田地区', 30),
(14997, 19, 14996, '和田县', '和田县', 5),
(14998, 19, 14996, '和田市', '和田市', 10),
(14999, 19, 14996, '墨玉县', '墨玉县', 15),
(15000, 19, 14996, '洛浦县', '洛浦县', 20),
(15001, 19, 14996, '策勒县', '策勒县', 25),
(15002, 19, 14996, '于田县', '于田县', 30),
(15003, 19, 14996, '民丰县', '民丰县', 35),
(15004, 19, 14996, '皮山县', '皮山县', 40),
(15005, 19, 14971, '阿克苏地区', '阿克苏地区', 35),
(15006, 19, 15005, '阿拉尔市', '阿拉尔市', 5),
(15007, 19, 15005, '阿克苏市', '阿克苏市', 10),
(15008, 19, 15005, '温宿县', '温宿县', 15),
(15009, 19, 15005, '沙雅县', '沙雅县', 20),
(15010, 19, 15005, '拜城县', '拜城县', 25),
(15011, 19, 15005, '阿瓦提县', '阿瓦提县', 30),
(15012, 19, 15005, '库车县', '库车县', 35),
(15013, 19, 15005, '柯坪县', '柯坪县', 40),
(15014, 19, 15005, '新和县', '新和县', 45),
(15015, 19, 15005, '乌什县', '乌什县', 50),
(15016, 19, 14971, '喀什地区', '喀什地区', 40),
(15017, 19, 15016, '喀什市', '喀什市', 5),
(15018, 19, 15016, '巴楚县', '巴楚县', 10),
(15019, 19, 15016, '泽普县', '泽普县', 15),
(15020, 19, 15016, '伽师县', '伽师县', 20),
(15021, 19, 15016, '叶城县', '叶城县', 25),
(15022, 19, 15016, '岳普湖县', '岳普湖县', 30),
(15023, 19, 15016, '疏附县', '疏附县', 35),
(15024, 19, 15016, '疏勒县', '疏勒县', 40),
(15025, 19, 15016, '英吉沙县', '英吉沙县', 45),
(15026, 19, 15016, '麦盖提县', '麦盖提县', 50),
(15027, 19, 15016, '莎车县', '莎车县', 55),
(15028, 19, 15016, '塔什库尔干县', '塔什库尔干县', 60),
(15029, 19, 14971, '克孜勒苏州', '克孜勒苏州', 45),
(15030, 19, 15029, '阿图什市', '阿图什市', 5),
(15031, 19, 15029, '阿合奇县', '阿合奇县', 10),
(15032, 19, 15029, '乌恰县', '乌恰县', 15),
(15033, 19, 15029, '阿克陶县', '阿克陶县', 20),
(15034, 19, 14971, '巴音郭楞州', '巴音郭楞州', 50),
(15035, 19, 15034, '库尔勒市', '库尔勒市', 5),
(15036, 19, 15034, '尉犁县', '尉犁县', 10),
(15037, 19, 15034, '和静县', '和静县', 15),
(15038, 19, 15034, '博湖县', '博湖县', 20),
(15039, 19, 15034, '和硕县', '和硕县', 25),
(15040, 19, 15034, '轮台县', '轮台县', 30),
(15041, 19, 15034, '若羌县', '若羌县', 35),
(15042, 19, 15034, '且末县', '且末县', 40),
(15043, 19, 15034, '焉耆县', '焉耆县', 45),
(15044, 19, 14971, '昌吉州', '昌吉州', 55),
(15045, 19, 15044, '昌吉市', '昌吉市', 5),
(15046, 19, 15044, '阜康市', '阜康市', 10),
(15047, 19, 15044, '奇台县', '奇台县', 15),
(15048, 19, 15044, '玛纳斯县', '玛纳斯县', 20),
(15049, 19, 15044, '吉木萨尔县', '吉木萨尔县', 25),
(15050, 19, 15044, '呼图壁县', '呼图壁县', 30),
(15051, 19, 15044, '木垒县', '木垒县', 35),
(15052, 19, 14971, '博尔塔拉州', '博尔塔拉州', 60),
(15053, 19, 15052, '博乐市', '博乐市', 5),
(15054, 19, 15052, '精河县', '精河县', 10),
(15055, 19, 15052, '温泉县', '温泉县', 15),
(15056, 19, 14971, '伊犁州', '伊犁州', 65),
(15057, 19, 15056, '伊宁县', '伊宁县', 5),
(15058, 19, 15056, '伊宁市', '伊宁市', 10),
(15059, 19, 15056, '特克斯县', '特克斯县', 15),
(15060, 19, 15056, '尼勒克县', '尼勒克县', 20),
(15061, 19, 15056, '昭苏县', '昭苏县', 25),
(15062, 19, 15056, '新源县', '新源县', 30),
(15063, 19, 15056, '霍城县', '霍城县', 35),
(15064, 19, 15056, '察布查尔县', '察布查尔县', 40),
(15065, 19, 15056, '巩留县', '巩留县', 45),
(15066, 19, 15056, '奎屯市', '奎屯市', 50),
(15067, 19, 14971, '塔城地区', '塔城地区', 70),
(15068, 19, 15067, '塔城市', '塔城市', 5),
(15069, 19, 15067, '乌苏市', '乌苏市', 10),
(15070, 19, 15067, '额敏县', '额敏县', 15),
(15071, 19, 15067, '裕民县', '裕民县', 20),
(15072, 19, 15067, '沙湾县', '沙湾县', 25),
(15073, 19, 15067, '托里县', '托里县', 30),
(15074, 19, 15067, '和布克赛尔县', '和布克赛尔县', 35),
(15075, 19, 14971, '阿勒泰地区', '阿勒泰地区', 75),
(15076, 19, 15075, '北屯市', '北屯市', 5),
(15077, 19, 15075, '阿勒泰市', '阿勒泰市', 10),
(15078, 19, 15075, '富蕴县', '富蕴县', 15),
(15079, 19, 15075, '青河县', '青河县', 20),
(15080, 19, 15075, '吉木乃县', '吉木乃县', 25),
(15081, 19, 15075, '布尔津县', '布尔津县', 30),
(15082, 19, 15075, '福海县', '福海县', 35),
(15083, 19, 15075, '哈巴河县', '哈巴河县', 40),
(15084, 19, 14971, '五家渠市', '五家渠市', 80),
(15085, 19, 15084, '五家渠市', '五家渠市', 5),
(15086, 19, 14971, '阿拉尔市', '阿拉尔市', 85),
(15087, 19, 15086, '阿拉尔市', '阿拉尔市', 5),
(15088, 19, 14971, '图木舒克市', '图木舒克市', 90),
(15089, 19, 15088, '图木舒克市', '图木舒克市', 5),
(15090, 19, 0, '台湾省', '台湾省', 160),
(15091, 19, 15090, '台北', '台北', 5),
(15092, 19, 15091, '台北县', '台北县', 5),
(15093, 19, 15091, '台北市', '台北市', 10),
(15094, 19, 15090, '高雄', '高雄', 10),
(15095, 19, 15094, '市区', '市区', 5),
(15096, 19, 15094, '东港', '东港', 10),
(15097, 19, 15094, '大武', '大武', 15),
(15098, 19, 15094, '恒春', '恒春', 20),
(15099, 19, 15094, '兰屿', '兰屿', 25),
(15100, 19, 15090, '台南', '台南', 15),
(15101, 19, 15090, '台中', '台中', 20),
(15102, 19, 15090, '桃园', '桃园', 25),
(15103, 19, 15090, '新竹', '新竹', 30),
(15104, 19, 15103, '新竹县', '新竹县', 5),
(15105, 19, 15103, '新竹市', '新竹市', 10),
(15106, 19, 15103, '公馆', '公馆', 15),
(15107, 19, 15090, '宜兰', '宜兰', 35),
(15108, 19, 15090, '澎湖', '澎湖', 40),
(15109, 19, 15108, '马公', '马公', 5),
(15110, 19, 15108, '东吉屿', '东吉屿', 10),
(15111, 19, 15090, '嘉义', '嘉义', 45),
(15112, 19, 15111, '嘉义', '嘉义', 5),
(15113, 19, 15111, '阿里山', '阿里山', 10),
(15114, 19, 15111, '玉山', '玉山', 15),
(15115, 19, 15111, '新港', '新港', 20),
(15116, 19, 15090, '花莲', '花莲', 50),
(15117, 19, 15090, '台东', '台东', 55),
(15118, 19, 15090, '基隆', '基隆', 60),
(15119, 19, 15118, '彭佳屿', '彭佳屿', 5),
(15120, 19, 0, '香港特别行政区', '香港特别行政区', 165),
(15121, 19, 15120, '市区', '市区', 5),
(15122, 19, 15120, '九龙', '九龙', 10),
(15123, 19, 15120, '新界', '新界', 15),
(15124, 19, 15120, '中环', '中环', 20),
(15125, 19, 15120, '铜锣湾', '铜锣湾', 25),
(15126, 19, 0, '澳门特别行政区', '澳门特别行政区', 170),
(15127, 19, 15126, '市区内', '市区内', 5),
(15128, 1, 0, '女', '2', 20);

-- --------------------------------------------------------

--
-- 表的结构 `qinggan_opt_group`
--

CREATE TABLE IF NOT EXISTS `qinggan_opt_group` (
  `id` mediumint(8) unsigned NOT NULL AUTO_INCREMENT COMMENT '自增ID ',
  `title` varchar(100) NOT NULL COMMENT '名称，用于后台管理',
  `link_symbol` varchar(10) NOT NULL COMMENT '连接字符，未设置使用英文竖线',
  PRIMARY KEY (`id`)
) ENGINE=MyISAM  DEFAULT CHARSET=utf8 COMMENT='可选菜单管理器' AUTO_INCREMENT=21 ;

--
-- 转存表中的数据 `qinggan_opt_group`
--

INSERT INTO `qinggan_opt_group` (`id`, `title`, `link_symbol`) VALUES
(1, '性别', ''),
(4, '是与否', ''),
(6, '窗口打开方式', ''),
(7, '注册', ''),
(8, '邮件编码', ''),
(12, '置顶属性', ''),
(13, '等候时间', ''),
(14, '微信菜单类型', ''),
(19, '中国省市县信息', '|');

-- --------------------------------------------------------

--
-- 表的结构 `qinggan_order`
--

CREATE TABLE IF NOT EXISTS `qinggan_order` (
  `id` int(10) unsigned NOT NULL AUTO_INCREMENT COMMENT '自增ID号',
  `sn` varchar(255) NOT NULL COMMENT '订单编号，唯一值',
  `user_id` int(10) unsigned NOT NULL DEFAULT '0' COMMENT '会员ID号，为0表示游客',
  `addtime` int(10) unsigned NOT NULL DEFAULT '0' COMMENT '添加时间',
  `price` decimal(10,4) NOT NULL DEFAULT '0.0000' COMMENT '金额',
  `currency_id` int(10) unsigned NOT NULL DEFAULT '0' COMMENT '货币类型',
  `currency_rate` decimal(13,8) unsigned NOT NULL DEFAULT '1.00000000' COMMENT '货币汇率',
  `status` varchar(255) NOT NULL COMMENT '订单的最后状态',
  `status_title` varchar(255) NOT NULL COMMENT '订单状态说明',
  `endtime` int(10) unsigned NOT NULL DEFAULT '0' COMMENT '结束时间',
  `passwd` varchar(255) NOT NULL COMMENT '密码串',
  `ext` text NOT NULL COMMENT '扩展内容信息，可用于存储一些扩展信息',
  `note` text NOT NULL COMMENT '摘要',
  `email` varchar(255) NOT NULL COMMENT '邮箱，用于接收通知',
  `mobile` varchar(50) NOT NULL COMMENT '手机号，用于短信发送',
  PRIMARY KEY (`id`),
  UNIQUE KEY `ordersn` (`sn`)
) ENGINE=MyISAM  DEFAULT CHARSET=utf8 COMMENT='订单中心' AUTO_INCREMENT=38 ;

--
-- 转存表中的数据 `qinggan_order`
--

INSERT INTO `qinggan_order` (`id`, `sn`, `user_id`, `addtime`, `price`, `currency_id`, `currency_rate`, `status`, `status_title`, `endtime`, `passwd`, `ext`, `note`, `email`, `mobile`) VALUES
(13, 'P2016091173U00023003', 23, 1473581424, '8.0000', 1, '6.16989994', 'end', '订单完成', 1480395300, '2564ff8f777cef5fb3fce8f47c442ceb', '', 'fasdfasdfsadf', 'admin@phpok.com', '15818533971'),
(19, 'KF20161013193521BSJ', 24, 1476354952, '2000.0000', 1, '6.16989994', 'shipping', '', 0, 'e117ef9e86f571ff3a9654d4904ce20f', '', '', 'admin@phpok.com', '15818533972'),
(20, 'KF20161013194849ELH', 25, 1476355746, '999.0000', 1, '6.16989994', 'unpaid', '', 0, '285c4bc42d63f8ad295900a3dfc4cf1b', '', '', 'demo@demo.com', ''),
(21, 'KF2016101319534OUJ', 27, 1476355996, '999.0000', 1, '6.16989994', 'paid', '', 0, '485009ee449b9a5fa961786d867d1dc1', '', '', 'suxiangkun@126.com', ''),
(22, 'P2016112948U00023001', 23, 1480394929, '48.0000', 1, '6.16989994', 'end', '订单完成', 1480395292, '4e15e6491ca0884fde23722648908449', '', '测蔗用的', 'admin@phpok.com', '15818533971'),
(23, 'P2016112919U00023002', 23, 1480395663, '3.0000', 1, '6.16989994', 'end', '订单完成', 1480397929, 'd67ce8c1fb727c81af9f6645c215f1c5', '', '', 'admin@phpok.com', '15818533971'),
(24, 'P2016112970U00023003', 23, 1480397971, '2.0000', 1, '6.16989994', 'paid', '付款完成', 0, '28573bb9f9e8e01b3e3dbcf9e8e6a448', 'a:3:{s:12:"保单姓名";s:9:"苏相锟";s:15:"保单有效期";s:8:"12个月";s:12:"身份证号";s:9:"123456789";}', '', 'admin@phpok.com', '15818533971'),
(25, 'P2016120132U00023001', 23, 1480589339, '4088.0000', 1, '1.00000000', 'create', '', 0, 'd334ece569c6d73091213ff2f6112ce1', '', '', 'admin@phpok.com', '15818533971'),
(26, 'P2016120136U00023002', 23, 1480589452, '3288.0000', 1, '1.00000000', 'create', '', 0, 'f15715ebb8c698b6772e709ab5f6c2aa', '', 'fasdfasdf', 'admin@phpok.com', '15818533971'),
(27, 'P2016120159U00023003', 23, 1480589524, '3288.0000', 1, '1.00000000', 'create', '', 0, '382311e82c9f7c761eec1578abf55f51', 'a:2:{s:8:"fullname";s:5:"fasdf";s:6:"idcard";s:7:"fasdfsd";}', 'fasdfasdf', 'admin@phpok.com', '15818533971'),
(28, 'P2016120160U00023004', 23, 1480589663, '3288.0000', 1, '1.00000000', 'create', '', 0, 'c8f5f8f0c8ed7c5d6fb15570fc7c2d69', 'a:2:{s:15:"投保人姓名";s:9:"苏相锟";s:18:"投保人身份证";s:19:"3505251983XXXX05XXX";}', 'dfasdfasd', 'admin@phpok.com', '15818533971'),
(29, 'P2016120181U00023005', 23, 1480590448, '3288.0000', 1, '1.00000000', 'create', '', 0, 'b3bc02bfee2f30355d1e5376678fbcd8', 'a:2:{s:15:"投保人姓名";s:5:"fasdf";s:18:"投保人身份证";s:8:"fasdfasd";}', '', 'admin@phpok.com', '15818533971'),
(30, 'P2016120721U00023001', 23, 1481082923, '3287.0000', 1, '1.00000000', 'create', '', 0, 'ee990818d86057886c54d0c8908f53d4', '', '', 'admin@phpok.com', '15818533971'),
(31, 'P2017010666G001', 0, 1483673968, '0.0000', 1, '1.00000000', 'create', '', 0, '5ee860cf07307ec257bee5eaf17f2255', '', '', 'admin@phpok.com', ''),
(32, 'P2017010660G002', 0, 1483676999, '0.0000', 1, '1.00000000', 'create', '', 0, '3e29208f0376f5d75524db3ce1b0c45f', '', '', 'admin@phpok.com', ''),
(33, 'P2017010631G003', 0, 1483677587, '4088.0000', 1, '1.00000000', 'create', '', 0, 'a6538051d54d573d62d04067992a8a02', '', '', 'admin@phpok.com', '15818533971'),
(34, 'P2017010610U00023004', 23, 1483677638, '3288.0000', 1, '1.00000000', 'unpaid', '等待付款', 0, '83eedf1df5a6276c55c9166e4d097d0a', '', '', 'admin@phpok.com', '15818533971'),
(35, 'P2017012041U00029001', 29, 1484897086, '4088.0000', 1, '1.00000000', 'unpaid', '等待付款', 0, '6059f590f531624ca5d716dc69d0109b', '', '', 'admin@phpok.com', '15818533971'),
(36, 'P2017072477U00023001', 23, 1500895254, '3288.0000', 1, '1.00000000', 'create', '', 0, '2dd0f29b4212185eb44b1a55dbcd165e', '', 'fdsfasdf', 'admin@phpok.com', '15818533971'),
(37, 'P2017102310G001', 0, 1508736949, '3288.0000', 1, '1.00000000', 'create', '', 0, 'aa9b1e2fb3d6a489e63de66b11db9c62', '', '', '', '15818533971');

-- --------------------------------------------------------

--
-- 表的结构 `qinggan_order_address`
--

CREATE TABLE IF NOT EXISTS `qinggan_order_address` (
  `id` int(10) unsigned NOT NULL AUTO_INCREMENT COMMENT '自增ID',
  `order_id` int(10) unsigned NOT NULL DEFAULT '0' COMMENT '订单ID',
  `country` varchar(255) NOT NULL DEFAULT '中国' COMMENT '国家',
  `province` varchar(255) NOT NULL COMMENT '省信息',
  `city` varchar(255) NOT NULL COMMENT '市',
  `county` varchar(255) NOT NULL COMMENT '县',
  `address` varchar(255) NOT NULL COMMENT '地址信息（不含国家，省市县镇区信息）',
  `mobile` varchar(100) NOT NULL COMMENT '手机号码',
  `tel` varchar(100) NOT NULL COMMENT '电话号码',
  `email` varchar(100) NOT NULL COMMENT '邮箱',
  `fullname` varchar(100) NOT NULL COMMENT '联系人姓名',
  `zipcode` varchar(50) NOT NULL COMMENT '邮编',
  PRIMARY KEY (`id`)
) ENGINE=MyISAM  DEFAULT CHARSET=utf8 COMMENT='订单地址库' AUTO_INCREMENT=26 ;

--
-- 转存表中的数据 `qinggan_order_address`
--

INSERT INTO `qinggan_order_address` (`id`, `order_id`, `country`, `province`, `city`, `county`, `address`, `mobile`, `tel`, `email`, `fullname`, `zipcode`) VALUES
(18, 19, '中国', '', '', '', '', '', '', '', '', ''),
(19, 20, '中国', '', '', '', '', '', '', '', '', ''),
(12, 13, '中国', '广东省', '深圳市', '盐田区', '测试地址', '15818533971', '0755-1234657', 'admin@phpok.com', '测试账号', '518000'),
(20, 21, '中国', '', '', '', '', '', '', '', '', ''),
(21, 22, '中国', '', '', '', '', '', '', '', '', ''),
(22, 23, '中国', '', '', '', '', '', '', '', '', ''),
(23, 24, '中国', '', '', '', '', '', '', '', '', ''),
(24, 31, '中国', '浙江省', '绍兴市', '嵊州市', 'asdf', '15818533971', '', 'admin@phpok.com', 'fadsfasdfaf', ''),
(25, 32, '中国', '河北省', '秦皇岛市', '青龙满族自治县', 'fasdf', '15818533971', '', 'admin@phpok.com', 'fdasfas', '');

-- --------------------------------------------------------

--
-- 表的结构 `qinggan_order_express`
--

CREATE TABLE IF NOT EXISTS `qinggan_order_express` (
  `id` int(10) unsigned NOT NULL AUTO_INCREMENT COMMENT '自增ID',
  `order_id` int(10) unsigned NOT NULL DEFAULT '0' COMMENT '订单ID号',
  `express_id` int(11) NOT NULL DEFAULT '0' COMMENT '物流ID号',
  `code` varchar(255) NOT NULL COMMENT '物流查询编码，可用于查询快递进度',
  `addtime` int(10) unsigned NOT NULL DEFAULT '0' COMMENT '登记时间',
  `last_query_time` int(11) NOT NULL DEFAULT '0' COMMENT '最后一次检索时间',
  `title` varchar(255) NOT NULL COMMENT '快递名称',
  `homepage` varchar(255) NOT NULL COMMENT '快递官网',
  `company` varchar(255) NOT NULL COMMENT '快递的公司全称',
  `is_end` tinyint(1) NOT NULL DEFAULT '0' COMMENT '0未结束1已结束',
  PRIMARY KEY (`id`)
) ENGINE=MyISAM  DEFAULT CHARSET=utf8 COMMENT='订单中涉及到的物流分配' AUTO_INCREMENT=5 ;

--
-- 转存表中的数据 `qinggan_order_express`
--

INSERT INTO `qinggan_order_express` (`id`, `order_id`, `express_id`, `code`, `addtime`, `last_query_time`, `title`, `homepage`, `company`, `is_end`) VALUES
(4, 19, 4, '035652070464', 1476361318, 1476438520, '顺丰速运', 'http://www.sf-express.com/', '顺丰速运(集团)有限公司', 1);

-- --------------------------------------------------------

--
-- 表的结构 `qinggan_order_invoice`
--

CREATE TABLE IF NOT EXISTS `qinggan_order_invoice` (
  `order_id` int(10) unsigned NOT NULL DEFAULT '0' COMMENT '订单ID号',
  `type` varchar(100) NOT NULL COMMENT '发票类型',
  `title` varchar(255) NOT NULL COMMENT '发票抬头',
  `content` text NOT NULL COMMENT '发票内容',
  `note` text NOT NULL COMMENT '发票的备注信息',
  PRIMARY KEY (`order_id`)
) ENGINE=MyISAM DEFAULT CHARSET=utf8 COMMENT='订单发票';

--
-- 转存表中的数据 `qinggan_order_invoice`
--

INSERT INTO `qinggan_order_invoice` (`order_id`, `type`, `title`, `content`, `note`) VALUES
(31, '', '', '', ''),
(32, '', '', '', '');

-- --------------------------------------------------------

--
-- 表的结构 `qinggan_order_log`
--

CREATE TABLE IF NOT EXISTS `qinggan_order_log` (
  `id` int(10) unsigned NOT NULL AUTO_INCREMENT COMMENT '自增ID',
  `order_id` int(10) unsigned NOT NULL DEFAULT '0' COMMENT '订单ID',
  `order_express_id` int(11) unsigned NOT NULL DEFAULT '0' COMMENT '定单中的物流ID',
  `addtime` int(10) unsigned NOT NULL DEFAULT '0' COMMENT '操作时间',
  `who` varchar(255) NOT NULL COMMENT '操作人名称（可以是公司名称，也可以是用户名，可以是物流等）',
  `note` text NOT NULL COMMENT '操作内容',
  PRIMARY KEY (`id`),
  KEY `order_id` (`order_id`)
) ENGINE=MyISAM  DEFAULT CHARSET=utf8 COMMENT='订单日志，用于了解当前的订单处理进度' AUTO_INCREMENT=204 ;

--
-- 转存表中的数据 `qinggan_order_log`
--

INSERT INTO `qinggan_order_log` (`id`, `order_id`, `order_express_id`, `addtime`, `who`, `note`) VALUES
(114, 19, 4, 1476372011, '顺丰速运', '快件到达 【深圳集散中心】'),
(32, 13, 0, 1473581424, 'admin', '订单创建成功，订单编号：P2016091173U00023003'),
(33, 13, 0, 1473581424, 'admin', '订单（P2016091173U00023003）状态变更为：等待付款'),
(113, 19, 4, 1476376873, '顺丰速运', '快件在【深圳集散中心】已装车，准备发往 【深圳黄田集散中心】'),
(45, 13, 0, 1476352896, '管理员：admin', '订单（P2016091173U00023003）状态变更为：订单完成'),
(46, 13, 0, 1476352904, '管理员：admin', '订单（P2016091173U00023003）状态变更为：订单完成'),
(47, 13, 0, 1476352977, '管理员：admin', '订单（P2016091173U00023003）状态变更为：订单完成'),
(110, 19, 4, 1476385028, '顺丰速运', '快件到达 【深圳五和集散中心】'),
(63, 19, 0, 1476354952, '苏相锟(admin)', '管理员增加产品信息'),
(64, 19, 0, 1476354952, '苏相锟(admin)', '管理员创建订单'),
(65, 20, 0, 1476355746, '苏相锟(admin)', '管理员创建订单'),
(66, 21, 0, 1476355996, '苏相锟(admin)', '管理员创建订单'),
(67, 21, 0, 1476357578, '管理员：admin', '订单（KF2016101319534OUJ）状态变更为：等待付款'),
(68, 21, 0, 1476359734, '管理员：admin', '订单（KF2016101319534OUJ）状态变更为：付款完成'),
(112, 19, 4, 1476378019, '顺丰速运', '快件到达 【深圳黄田集散中心】'),
(70, 19, 0, 1476360719, '管理员：admin', '订单（KF20161013193521BSJ）状态变更为：'),
(109, 19, 4, 1476387532, '顺丰速运', '快件在【深圳五和集散中心】已装车，准备发往 【深圳宝安深圳北站营业部】'),
(108, 19, 4, 1476388813, '顺丰速运', '快件到达 【深圳宝安深圳北站营业部】'),
(99, 19, 0, 1476361318, '管理员：admin', '订单（KF20161013193521BSJ）状态变更为：正在发货'),
(91, 19, 0, 1476361183, '管理员：admin', '订单（KF20161013193521BSJ）状态变更为：'),
(78, 19, 0, 1476360802, '管理员：admin', '订单（KF20161013193521BSJ）状态变更为：'),
(119, 19, 4, 1476333811, '顺丰速运', '快件在【泉州丰泽普明工业区营业点】已装车，准备发往 【泉州清濛集散中心】'),
(118, 19, 4, 1476335404, '顺丰速运', '快件到达 【泉州清濛集散中心】'),
(117, 19, 4, 1476343465, '顺丰速运', '快件在【泉州清濛集散中心】已装车，准备发往 【晋江总集散中心】'),
(116, 19, 4, 1476346107, '顺丰速运', '快件到达 【晋江总集散中心】'),
(115, 19, 4, 1476347623, '顺丰速运', '快件在【晋江总集散中心】已装车，准备发往 【深圳集散中心】'),
(106, 19, 4, 1476408099, '顺丰速运', '已签收,感谢使用顺丰,期待再次为您服务'),
(111, 19, 4, 1476381561, '顺丰速运', '快件在【深圳黄田集散中心】已装车，准备发往 【深圳五和集散中心】'),
(107, 19, 4, 1476398800, '顺丰速运', '正在派送途中(派件人:罗浪平,电话:18307559705)'),
(98, 19, 4, 1476361318, '苏相锟(admin)', '您的订单已经拣货完毕，待出库交付顺丰速运，运单号为：035652070464'),
(120, 19, 4, 1476331847, '顺丰速运', '顺丰速运 已收取快件'),
(121, 21, 0, 1476519512, '苏相锟(admin)', '录入支付信息，支付方式：支付宝快捷支付，支付金额：100.00元'),
(122, 21, 0, 1476519841, '管理员：admin', '订单（KF2016101319534OUJ）状态变更为：创建订单'),
(123, 21, 0, 1476520676, '管理员：admin', '订单（KF2016101319534OUJ）状态变更为：等待付款'),
(124, 21, 0, 1476520676, '苏相锟(admin)', '录入支付信息，支付方式：银联支付，支付金额：200.00元'),
(125, 21, 0, 1476520777, '苏相锟(admin)', '录入支付信息，支付方式：微信支付，支付金额：135.00元'),
(126, 21, 0, 1476520828, '苏相锟(admin)', '录入支付信息，支付方式：支付宝快捷支付，支付金额：465.00元'),
(127, 21, 0, 1476521010, '管理员：admin', '订单（KF2016101319534OUJ）状态变更为：付款完成'),
(128, 21, 0, 1476521010, '苏相锟(admin)', '录入支付信息，支付方式：银行汇款，支付金额：99.00元'),
(129, 21, 0, 1476521773, '苏相锟(admin)', '录入支付信息，支付方式：银行汇款，支付金额：564.00元'),
(130, 20, 0, 1476521841, '管理员：admin', '订单（KF20161013194849ELH）状态变更为：等待付款'),
(131, 20, 0, 1476521841, '苏相锟(admin)', '录入支付信息，支付方式：测试，支付金额：100.00元'),
(132, 13, 0, 1477989527, 'admin', '订单P2016091173U00023003支付42.84元，支付方法：积分'),
(133, 13, 0, 1477989527, 'admin', '订单（P2016091173U00023003）状态变更为：等待付款'),
(134, 0, 0, 1477989651, '苏相锟(admin)', '管理员编辑订单'),
(135, 0, 0, 1477989709, '苏相锟(admin)', '管理员编辑订单'),
(136, 0, 0, 1477989759, '苏相锟(admin)', '管理员编辑订单'),
(137, 13, 0, 1477989784, 'admin', '订单（P2016091173U00023003）状态变更为：等待付款'),
(138, 13, 0, 1480247220, 'admin', '订单（P2016091173U00023003）状态变更为：等待付款'),
(139, 13, 0, 1480247285, 'admin', '订单（P2016091173U00023003）状态变更为：等待付款'),
(140, 13, 0, 1480247418, 'admin', '订单（P2016091173U00023003）状态变更为：等待付款'),
(141, 13, 0, 1480247421, 'admin', '支付完成'),
(142, 22, 0, 1480394929, 'admin', '订单创建成功，订单编号：P2016112948U00023001'),
(143, 0, 0, 1480395033, '苏相锟(admin)', '管理员编辑订单'),
(144, 22, 0, 1480395165, 'admin', '订单（P2016112948U00023001）状态变更为：等待付款'),
(145, 22, 0, 1480395168, 'admin', '支付完成'),
(146, 22, 0, 1480395292, '管理员：admin', '订单（P2016112948U00023001）状态变更为：订单完成'),
(147, 13, 0, 1480395300, '管理员：admin', '订单（P2016091173U00023003）状态变更为：订单完成'),
(148, 23, 0, 1480395663, 'admin', '订单创建成功，订单编号：P2016112919U00023002'),
(149, 23, 0, 1480395663, 'admin', '订单P2016112919U00023002使用积分抵扣0.00元，共消耗积分100'),
(150, 23, 0, 1480395980, 'admin', '订单P2016112919U00023002使用积分抵扣0.00元，共消耗积分100'),
(151, 23, 0, 1480396030, 'admin', '订单P2016112919U00023002使用积分抵扣0.00元，共消耗积分100'),
(152, 23, 0, 1480396339, 'admin', '订单P2016112919U00023002使用红包抵扣0.00元，共消耗红包100个'),
(153, 23, 0, 1480396550, 'admin', '订单P2016112919U00023002使用积分抵扣1.00元，共消耗积分100点'),
(154, 23, 0, 1480396676, 'admin', '订单P2016112919U00023002使用积分抵扣1.00元，共消耗积分100点'),
(155, 23, 0, 1480396741, 'admin', '订单P2016112919U00023002使用红包抵扣1.00元，共消耗红包100个'),
(156, 23, 0, 1480396832, 'admin', '订单P2016112919U00023002使用红包抵扣1.00元，共消耗红包100个'),
(157, 23, 0, 1480396889, 'admin', '订单P2016112919U00023002使用红包抵扣1.00元，共消耗红包100个'),
(158, 23, 0, 1480396966, 'admin', '订单P2016112919U00023002使用积分抵扣1.00元，共消耗积分100点'),
(159, 23, 0, 1480397059, 'admin', '订单P2016112919U00023002使用积分抵扣1.00元，共消耗积分100点'),
(160, 0, 0, 1480397159, '苏相锟(admin)', '管理员编辑订单'),
(161, 0, 0, 1480397769, '苏相锟(admin)', '管理员编辑订单'),
(162, 23, 0, 1480397786, 'admin', '使用积分抵扣1.00元，共消耗积分100点'),
(163, 23, 0, 1480397786, 'admin', '订单（P2016112919U00023002）状态变更为：等待付款'),
(164, 23, 0, 1480397788, 'admin', '支付完成'),
(165, 23, 0, 1480397929, '管理员：admin', '订单（P2016112919U00023002）状态变更为：订单完成'),
(166, 24, 0, 1480397971, 'admin', '订单创建成功，订单编号：P2016112970U00023003'),
(167, 24, 0, 1480397971, 'admin', '使用积分抵扣1.00元，共消耗积分100点'),
(168, 0, 0, 1480398000, '苏相锟(admin)', '管理员编辑订单'),
(169, 0, 0, 1480398026, '苏相锟(admin)', '管理员编辑订单'),
(170, 24, 0, 1480398062, 'admin', '使用积分抵扣1.00元，共消耗积分100点'),
(171, 24, 0, 1480398062, 'admin', '订单（P2016112970U00023003）状态变更为：等待付款'),
(172, 24, 0, 1480398064, 'admin', '支付完成'),
(173, 0, 0, 1480502104, '苏相锟(admin)', '管理员编辑订单'),
(174, 0, 0, 1480502222, '苏相锟(admin)', '管理员编辑订单'),
(175, 0, 0, 1480502304, '苏相锟(admin)', '管理员编辑订单'),
(176, 0, 0, 1480502326, '苏相锟(admin)', '管理员编辑订单'),
(177, 0, 0, 1480502347, '苏相锟(admin)', '管理员编辑订单'),
(178, 0, 0, 1480502387, '苏相锟(admin)', '管理员编辑订单'),
(179, 0, 0, 1480502430, '苏相锟(admin)', '管理员编辑订单'),
(180, 0, 0, 1480502444, '苏相锟(admin)', '管理员编辑订单'),
(181, 0, 0, 1480502486, '苏相锟(admin)', '管理员编辑订单'),
(182, 0, 0, 1480502669, '苏相锟(admin)', '管理员编辑订单'),
(183, 0, 0, 1480502791, '苏相锟(admin)', '管理员编辑订单'),
(184, 0, 0, 1480502802, '苏相锟(admin)', '管理员编辑订单'),
(185, 0, 0, 1480502863, '苏相锟(admin)', '管理员编辑订单'),
(186, 25, 0, 1480589339, 'admin', '订单创建成功，订单编号：P2016120132U00023001'),
(187, 26, 0, 1480589452, 'admin', '订单创建成功，订单编号：P2016120136U00023002'),
(188, 27, 0, 1480589524, 'admin', '订单创建成功，订单编号：P2016120159U00023003'),
(189, 28, 0, 1480589663, 'admin', '订单创建成功，订单编号：P2016120160U00023004'),
(190, 29, 0, 1480590448, 'admin', '订单创建成功，订单编号：P2016120181U00023005'),
(191, 30, 0, 1481082923, 'admin', '订单创建成功，订单编号：P2016120721U00023001'),
(192, 30, 0, 1481082923, 'admin', '使用积分抵扣1.00元，共消耗积分100点'),
(193, 31, 0, 1483673968, '', '订单创建成功，订单编号：P2017010666G001'),
(194, 32, 0, 1483676999, '', '订单创建成功，订单编号：P2017010660G002'),
(195, 33, 0, 1483677587, '', '订单创建成功，订单编号：P2017010631G003'),
(196, 34, 0, 1483677638, 'admin', '订单创建成功，订单编号：P2017010610U00023004'),
(197, 34, 0, 1483677760, 'admin', '订单（P2017010610U00023004）状态变更为：等待付款'),
(198, 34, 0, 1483677767, 'admin', '订单（P2017010610U00023004）状态变更为：等待付款'),
(199, 35, 0, 1484897086, 'WX148480971245', '订单创建成功，订单编号：P2017012041U00029001'),
(200, 35, 0, 1484900171, '游客', '订单（P2017012041U00029001）状态变更为：等待付款'),
(201, 35, 0, 1484900186, '游客', '订单（P2017012041U00029001）状态变更为：等待付款'),
(202, 36, 0, 1500895254, 'admin', '订单创建成功，订单编号：P2017072477U00023001'),
(203, 37, 0, 1508736949, '', '订单创建成功，订单编号：P2017102310G001');

-- --------------------------------------------------------

--
-- 表的结构 `qinggan_order_payment`
--

CREATE TABLE IF NOT EXISTS `qinggan_order_payment` (
  `id` int(10) unsigned NOT NULL AUTO_INCREMENT COMMENT '自增ID',
  `order_id` int(10) unsigned NOT NULL DEFAULT '0' COMMENT '订单ID',
  `payment_id` varchar(255) NOT NULL DEFAULT '0' COMMENT '支付方式ID，数字表示网上业务支付，字母为财富支付',
  `title` varchar(255) NOT NULL COMMENT '支付方式名称',
  `price` decimal(10,4) NOT NULL DEFAULT '0.0000' COMMENT '支付金额',
  `startdate` int(10) unsigned NOT NULL DEFAULT '0' COMMENT '开始支付操作',
  `dateline` int(11) NOT NULL DEFAULT '0' COMMENT '支付时间',
  `ext` text NOT NULL COMMENT '其他常用扩展信息',
  PRIMARY KEY (`id`)
) ENGINE=MyISAM  DEFAULT CHARSET=utf8 COMMENT='订单支付' AUTO_INCREMENT=35 ;

--
-- 转存表中的数据 `qinggan_order_payment`
--

INSERT INTO `qinggan_order_payment` (`id`, `order_id`, `payment_id`, `title`, `price`, `startdate`, `dateline`, `ext`) VALUES
(17, 13, '13', '银行汇款', '3708.0000', 1473581424, 0, ''),
(19, 21, '1', '支付宝快捷支付', '100.0000', 1476519512, 1476519512, 'a:1:{s:6:"备注";s:18:"本地测试录入";}'),
(20, 21, '3', '银联支付', '200.0000', 1476520676, 1476520676, 'a:1:{s:6:"备注";s:15:"也是测试的";}'),
(21, 21, '4', '微信支付', '135.0000', 1476520777, 1476520777, 'a:1:{s:6:"备注";s:12:"测试刷新";}'),
(24, 21, '13', '银行汇款', '564.0000', 1476521773, 1476521773, ''),
(25, 20, '', '测试', '100.0000', 1476521841, 1476521841, ''),
(27, 13, '14', 'Paypal支付', '8.0000', 1477989784, 0, ''),
(28, 13, '2', '', '8.0000', 1480247285, 0, ''),
(29, 13, 'wallet', '钱包', '8.0000', 1480247418, 1480247421, 'a:1:{s:8:"integral";d:8;}'),
(30, 22, 'wallet', '钱包', '48.0000', 1480395165, 1480395168, 'a:1:{s:6:"钱包";d:48;}'),
(31, 23, 'wallet', '钱包', '4.0000', 1480397786, 1480397788, 'a:1:{s:6:"钱包";d:4;}'),
(32, 24, 'wallet', '钱包', '2.0000', 1480398062, 1480398064, 'a:1:{s:6:"钱包";d:2;}'),
(33, 34, '16', '支付宝', '3288.0000', 1483677767, 0, ''),
(34, 35, '17', '微信支付', '4088.0000', 1484900186, 0, '');

-- --------------------------------------------------------

--
-- 表的结构 `qinggan_order_price`
--

CREATE TABLE IF NOT EXISTS `qinggan_order_price` (
  `id` int(10) unsigned NOT NULL AUTO_INCREMENT COMMENT '自增ID号',
  `order_id` int(10) unsigned NOT NULL DEFAULT '0' COMMENT '订单ID号',
  `code` varchar(255) NOT NULL COMMENT '编码',
  `price` decimal(10,4) NOT NULL DEFAULT '0.0000' COMMENT '金额，-号表示优惠',
  PRIMARY KEY (`id`),
  KEY `order_id` (`order_id`)
) ENGINE=MyISAM  DEFAULT CHARSET=utf8 COMMENT='订单金额明细清单' AUTO_INCREMENT=238 ;

--
-- 转存表中的数据 `qinggan_order_price`
--

INSERT INTO `qinggan_order_price` (`id`, `order_id`, `code`, `price`) VALUES
(19, 1, 'discount', '169.0000'),
(18, 1, 'shipping', '0.0000'),
(17, 1, 'product', '170.0000'),
(4, 2, 'product', '177.0000'),
(5, 2, 'shipping', '26.0000'),
(6, 2, 'fee', '0.0000'),
(7, 2, 'discount', '0.0000'),
(20, 3, 'product', '177.0000'),
(21, 3, 'shipping', '0.0000'),
(22, 3, 'fee', '0.0000'),
(23, 3, 'discount', '0.0000'),
(24, 4, 'product', '100.0000'),
(25, 4, 'shipping', '0.0000'),
(26, 4, 'fee', '0.0000'),
(27, 4, 'discount', '0.0000'),
(43, 5, 'discount', '1000.0000'),
(42, 5, 'shipping', '0.0000'),
(41, 5, 'product', '1499.0000'),
(44, 6, 'product', '12374.0000'),
(45, 6, 'shipping', '0.0000'),
(46, 6, 'fee', '0.0000'),
(47, 6, 'discount', '0.0000'),
(48, 7, 'product', '532.9100'),
(49, 7, 'shipping', '0.0000'),
(50, 7, 'fee', '0.0000'),
(51, 7, 'discount', '0.0000'),
(52, 8, 'product', '413.1300'),
(53, 8, 'shipping', '0.0000'),
(54, 8, 'fee', '0.0000'),
(55, 8, 'discount', '0.0000'),
(65, 9, 'discount', '0.0000'),
(64, 9, 'shipping', '0.0000'),
(63, 9, 'product', '1099.0000'),
(84, 10, 'discount', '-100.0000'),
(83, 10, 'shipping', '0.0000'),
(82, 10, 'product', '5184.0000'),
(85, 11, 'product', '4998.0000'),
(86, 11, 'shipping', '10.0000'),
(87, 11, 'discount', '0.0000'),
(133, 13, 'discount', '-3700.0000'),
(132, 13, 'shipping', '10.0000'),
(131, 13, 'product', '3698.0000'),
(92, 14, 'product', '3288.0000'),
(93, 14, 'shipping', '0.0000'),
(94, 14, 'discount', '0.0000'),
(95, 15, 'product', '3288.0000'),
(96, 15, 'shipping', '0.0000'),
(97, 15, 'discount', '0.0000'),
(98, 16, 'product', '3288.0000'),
(99, 16, 'shipping', '0.0000'),
(100, 16, 'discount', '0.0000'),
(101, 17, 'product', '3288.0000'),
(102, 17, 'shipping', '0.0000'),
(103, 17, 'discount', '0.0000'),
(104, 18, 'product', '3288.0000'),
(105, 18, 'shipping', '0.0000'),
(106, 18, 'discount', '0.0000'),
(107, 19, 'product', '2000.0000'),
(108, 19, 'shipping', '0.0000'),
(109, 19, 'discount', '0.0000'),
(110, 20, 'product', '999.0000'),
(111, 20, 'shipping', '0.0000'),
(112, 20, 'discount', '0.0000'),
(124, 21, 'discount', '0.0000'),
(123, 21, 'shipping', '0.0000'),
(122, 21, 'product', '999.0000'),
(138, 22, 'shipping', '15.0000'),
(137, 22, 'product', '4088.0000'),
(139, 22, 'discount', '-4055.0000'),
(148, 23, 'discount', '-3285.0000'),
(147, 23, 'shipping', '0.0000'),
(146, 23, 'product', '3288.0000'),
(196, 24, 'discount', '-3286.0000'),
(195, 24, 'shipping', '0.0000'),
(194, 24, 'product', '3288.0000'),
(197, 25, 'product', '4088.0000'),
(198, 25, 'fee', '0.0000'),
(199, 25, 'discount', '0.0000'),
(200, 26, 'product', '3288.0000'),
(201, 26, 'fee', '0.0000'),
(202, 26, 'discount', '0.0000'),
(203, 27, 'product', '3288.0000'),
(204, 27, 'fee', '0.0000'),
(205, 27, 'discount', '0.0000'),
(206, 28, 'product', '3288.0000'),
(207, 28, 'fee', '0.0000'),
(208, 28, 'discount', '0.0000'),
(209, 29, 'product', '3288.0000'),
(210, 29, 'fee', '0.0000'),
(211, 29, 'discount', '0.0000'),
(212, 30, 'product', '3288.0000'),
(213, 30, 'fee', '0.0000'),
(214, 30, 'discount', '-1.0000'),
(215, 31, 'product', '0.0000'),
(216, 31, 'shipping', '0.0000'),
(217, 31, 'fee', '0.0000'),
(218, 31, 'discount', '0.0000'),
(219, 32, 'product', '0.0000'),
(220, 32, 'shipping', '0.0000'),
(221, 32, 'fee', '0.0000'),
(222, 32, 'discount', '0.0000'),
(223, 33, 'product', '4088.0000'),
(224, 33, 'fee', '0.0000'),
(225, 33, 'discount', '0.0000'),
(226, 34, 'product', '3288.0000'),
(227, 34, 'fee', '0.0000'),
(228, 34, 'discount', '0.0000'),
(229, 35, 'product', '4088.0000'),
(230, 35, 'fee', '0.0000'),
(231, 35, 'discount', '0.0000'),
(232, 36, 'product', '3288.0000'),
(233, 36, 'fee', '0.0000'),
(234, 36, 'discount', '0.0000'),
(235, 37, 'product', '3288.0000'),
(236, 37, 'fee', '0.0000'),
(237, 37, 'discount', '0.0000');

-- --------------------------------------------------------

--
-- 表的结构 `qinggan_order_product`
--

CREATE TABLE IF NOT EXISTS `qinggan_order_product` (
  `id` int(10) unsigned NOT NULL AUTO_INCREMENT COMMENT '自增ID号',
  `order_id` int(10) unsigned NOT NULL DEFAULT '0' COMMENT '订单ID号',
  `tid` int(10) unsigned NOT NULL DEFAULT '0' COMMENT '主题ID',
  `title` varchar(255) NOT NULL COMMENT '产品名称',
  `price` decimal(10,4) NOT NULL DEFAULT '0.0000' COMMENT '产品单价',
  `qty` int(11) NOT NULL DEFAULT '0' COMMENT '产品数量',
  `thumb` varchar(255) NOT NULL COMMENT '产品图片地址',
  `ext` text NOT NULL COMMENT '产品扩展属性',
  `weight` varchar(50) NOT NULL COMMENT '重量',
  `volume` varchar(50) NOT NULL COMMENT '体积',
  `unit` varchar(50) NOT NULL COMMENT '单位',
  `note` varchar(255) NOT NULL COMMENT '备注',
  `is_virtual` tinyint(1) unsigned NOT NULL DEFAULT '0' COMMENT '0实物1虚拟或服务',
  PRIMARY KEY (`id`)
) ENGINE=MyISAM  DEFAULT CHARSET=utf8 COMMENT='订单的产品信息' AUTO_INCREMENT=43 ;

--
-- 转存表中的数据 `qinggan_order_product`
--

INSERT INTO `qinggan_order_product` (`id`, `order_id`, `tid`, `title`, `price`, `qty`, `thumb`, `ext`, `weight`, `volume`, `unit`, `note`, `is_virtual`) VALUES
(22, 19, 1753, '小米(MI) 小米5 全网通4G手机 双卡双待', '2000.0000', 1, 'res/201603/22/6e32b648bf93b490.jpg', '', '', '', '', '', 0),
(23, 20, 1761, '华为 P7 移动4G手机', '999.0000', 1, 'res/201603/23/c941c40778124f2c.jpg', '', '', '', '台', '', 1),
(24, 21, 1761, '华为 P7 移动4G手机', '999.0000', 1, 'res/201603/23/c941c40778124f2c.jpg', '', '', '', '台', '', 1),
(16, 13, 1762, 'vivo Xplay5 全网通4G手机 4GB+128GB 双卡双待', '3698.0000', 1, 'res/201603/23/fceefc0374ff1ef2.jpg', 'a:1:{i:0;a:2:{s:5:"title";s:6:"颜色";s:7:"content";s:6:"金色";}}', '', '', '', '', 0),
(25, 22, 1763, 'Apple iPhone 5SE 16G 移动联通电信4G手机', '4088.0000', 1, 'res/201603/23/5b8b8f3f6cfd32b9.jpg', 'a:2:{i:0;a:2:{s:5:"title";s:6:"颜色";s:7:"content";s:6:"金色";}i:1;a:2:{s:5:"title";s:6:"版本";s:7:"content";s:7:"64G ROM";}}', '', '', '台', '', 0),
(26, 23, 1763, 'Apple iPhone 5SE 16G 移动联通电信4G手机', '3288.0000', 1, 'res/201603/23/5b8b8f3f6cfd32b9.jpg', 'a:2:{i:0;a:2:{s:5:"title";s:6:"颜色";s:7:"content";s:6:"金色";}i:1;a:2:{s:5:"title";s:6:"版本";s:7:"content";s:7:"16G ROM";}}', '', '', '台', '', 0),
(27, 24, 1763, 'Apple iPhone 5SE 16G 移动联通电信4G手机', '3288.0000', 1, 'res/201603/23/5b8b8f3f6cfd32b9.jpg', 'a:2:{i:0;a:2:{s:5:"title";s:6:"颜色";s:7:"content";s:6:"黑色";}i:1;a:2:{s:5:"title";s:6:"版本";s:7:"content";s:7:"16G ROM";}}', '', '', '台', '', 1),
(28, 25, 1763, 'Apple iPhone 5SE 16G 移动联通电信4G手机', '4088.0000', 1, 'res/201603/23/5b8b8f3f6cfd32b9.jpg', 'a:2:{i:0;a:3:{s:5:"title";s:6:"颜色";s:7:"content";s:6:"黑色";s:3:"val";s:5:"black";}i:1;a:3:{s:5:"title";s:6:"版本";s:7:"content";s:7:"64G ROM";s:3:"val";s:3:"64G";}}', '', '', '台', '', 0),
(29, 26, 1763, 'Apple iPhone 5SE 16G 移动联通电信4G手机', '3288.0000', 1, 'res/201603/23/5b8b8f3f6cfd32b9.jpg', 'a:2:{i:0;a:3:{s:5:"title";s:6:"颜色";s:7:"content";s:6:"白色";s:3:"val";s:5:"white";}i:1;a:3:{s:5:"title";s:6:"版本";s:7:"content";s:7:"16G ROM";s:3:"val";s:5:"MZ16G";}}', '', '', '台', '', 0),
(30, 27, 1763, 'Apple iPhone 5SE 16G 移动联通电信4G手机', '3288.0000', 1, 'res/201603/23/5b8b8f3f6cfd32b9.jpg', 'a:2:{i:0;a:3:{s:5:"title";s:6:"颜色";s:7:"content";s:6:"白色";s:3:"val";s:5:"white";}i:1;a:3:{s:5:"title";s:6:"版本";s:7:"content";s:7:"16G ROM";s:3:"val";s:5:"MZ16G";}}', '', '', '台', '', 0),
(31, 28, 1763, 'Apple iPhone 5SE 16G 移动联通电信4G手机', '3288.0000', 1, 'res/201603/23/5b8b8f3f6cfd32b9.jpg', 'a:2:{i:0;a:3:{s:5:"title";s:6:"颜色";s:7:"content";s:6:"白色";s:3:"val";s:5:"white";}i:1;a:3:{s:5:"title";s:6:"版本";s:7:"content";s:7:"16G ROM";s:3:"val";s:5:"MZ16G";}}', '', '', '台', '', 0),
(32, 29, 1763, 'Apple iPhone 5SE 16G 移动联通电信4G手机', '3288.0000', 1, 'res/201603/23/5b8b8f3f6cfd32b9.jpg', 'a:2:{i:0;a:3:{s:5:"title";s:6:"颜色";s:7:"content";s:6:"白色";s:3:"val";s:5:"white";}i:1;a:3:{s:5:"title";s:6:"版本";s:7:"content";s:7:"16G ROM";s:3:"val";s:5:"MZ16G";}}', '', '', '台', '', 0),
(33, 30, 1763, 'Apple iPhone 5SE 16G 移动联通电信4G手机', '3288.0000', 1, 'res/201603/23/5b8b8f3f6cfd32b9.jpg', 'a:2:{i:0;a:3:{s:5:"title";s:6:"颜色";s:7:"content";s:6:"白色";s:3:"val";s:5:"white";}i:1;a:3:{s:5:"title";s:6:"版本";s:7:"content";s:7:"16G ROM";s:3:"val";s:5:"MZ16G";}}', '0', '0', '台', '', 0),
(34, 31, 1763, 'Apple iPhone 5SE 16G 移动联通电信4G手机', '3288.0000', 1, 'res/201603/23/5b8b8f3f6cfd32b9.jpg', '', '0', '0', '台', '', 0),
(35, 31, 1761, '华为 P7 移动4G手机', '1099.0000', 1, 'res/201603/23/c941c40778124f2c.jpg', '', '0', '0', '台', '', 0),
(36, 31, 1753, '小米(MI) 小米5 全网通4G手机 双卡双待', '2499.0000', 1, 'res/201603/22/6e32b648bf93b490.jpg', '', '0', '0', '', '', 0),
(37, 32, 1760, '魅族 MX5 移动联通双4G手机 双卡双待', '2499.0000', 1, 'res/201603/22/c329c62e183765ad.jpg', '', '0', '0', '', '', 0),
(38, 33, 1763, 'Apple iPhone 5SE 16G 移动联通电信4G手机', '4088.0000', 1, 'res/201603/23/5b8b8f3f6cfd32b9.jpg', 'a:2:{i:0;a:3:{s:5:"title";s:6:"颜色";s:7:"content";s:6:"金色";s:3:"val";s:4:"gold";}i:1;a:3:{s:5:"title";s:6:"版本";s:7:"content";s:7:"64G ROM";s:3:"val";s:3:"64G";}}', '0', '0', '台', '', 1),
(39, 34, 1763, 'Apple iPhone 5SE 16G 移动联通电信4G手机', '3288.0000', 1, 'res/201603/23/5b8b8f3f6cfd32b9.jpg', 'a:2:{i:0;a:3:{s:5:"title";s:6:"颜色";s:7:"content";s:6:"金色";s:3:"val";s:4:"gold";}i:1;a:3:{s:5:"title";s:6:"版本";s:7:"content";s:7:"16G ROM";s:3:"val";s:5:"MZ16G";}}', '0', '0', '台', '', 1),
(40, 35, 1763, 'Apple iPhone 5SE 16G 移动联通电信4G手机', '4088.0000', 1, 'res/201603/23/5b8b8f3f6cfd32b9.jpg', 'a:2:{i:0;a:3:{s:5:"title";s:6:"颜色";s:7:"content";s:6:"白色";s:3:"val";s:5:"white";}i:1;a:3:{s:5:"title";s:6:"版本";s:7:"content";s:7:"64G ROM";s:3:"val";s:3:"64G";}}', '0', '0', '台', '', 1),
(41, 36, 1763, 'Apple iPhone 5SE 16G 移动联通电信4G手机', '3288.0000', 1, 'res/201603/23/5b8b8f3f6cfd32b9.jpg', 'a:2:{i:0;a:3:{s:5:"title";s:6:"颜色";s:7:"content";s:6:"金色";s:3:"val";s:4:"gold";}i:1;a:3:{s:5:"title";s:6:"版本";s:7:"content";s:7:"16G ROM";s:3:"val";s:5:"MZ16G";}}', '0', '0', '台', '', 1),
(42, 37, 1763, 'Apple iPhone 5SE 16G 移动联通电信4G手机', '3288.0000', 1, 'res/201603/23/5b8b8f3f6cfd32b9.jpg', 'a:2:{i:0;a:3:{s:5:"title";s:6:"颜色";s:7:"content";s:6:"白色";s:3:"val";s:5:"white";}i:1;a:3:{s:5:"title";s:6:"版本";s:7:"content";s:7:"16G ROM";s:3:"val";s:5:"MZ16G";}}', '0', '0', '台', '', 1);

-- --------------------------------------------------------

--
-- 表的结构 `qinggan_payment`
--

CREATE TABLE IF NOT EXISTS `qinggan_payment` (
  `id` mediumint(8) unsigned NOT NULL AUTO_INCREMENT COMMENT '自增ID号',
  `gid` int(10) unsigned NOT NULL DEFAULT '0' COMMENT '付款组',
  `code` varchar(100) NOT NULL COMMENT '标识ID',
  `title` varchar(255) NOT NULL COMMENT '主题',
  `currency` varchar(30) NOT NULL COMMENT '可使用的货币ID',
  `logo1` varchar(255) NOT NULL COMMENT 'LOGO小图',
  `logo2` varchar(255) NOT NULL COMMENT 'LOGO中图',
  `logo3` varchar(255) NOT NULL COMMENT 'LOGO大图',
  `status` tinyint(1) unsigned NOT NULL DEFAULT '0' COMMENT '状态0未使用1正在使用中',
  `taxis` tinyint(3) unsigned NOT NULL DEFAULT '255' COMMENT '排序，值越小越往前靠',
  `note` text NOT NULL COMMENT '付款注意事项说明',
  `param` text NOT NULL COMMENT '参数',
  `wap` tinyint(1) NOT NULL DEFAULT '0' COMMENT '0PC端1手机端',
  PRIMARY KEY (`id`)
) ENGINE=MyISAM  DEFAULT CHARSET=utf8 COMMENT='支付方案' AUTO_INCREMENT=19 ;

--
-- 转存表中的数据 `qinggan_payment`
--

INSERT INTO `qinggan_payment` (`id`, `gid`, `code`, `title`, `currency`, `logo1`, `logo2`, `logo3`, `status`, `taxis`, `note`, `param`, `wap`) VALUES
(15, 1, 'alipay', '支付宝', 'CNY', '', '', '', 1, 10, '', 'a:4:{s:3:"pid";s:0:"";s:3:"key";s:0:"";s:5:"email";s:15:"admin@phpok.com";s:5:"ptype";s:25:"create_direct_pay_by_user";}', 0),
(18, 14, 'alipay', '支付宝', 'CNY', '', '', '', 1, 10, '', 'a:4:{s:3:"pid";s:5:"dfasf";s:3:"key";s:5:"fasdf";s:5:"email";s:5:"fasdf";s:5:"ptype";s:25:"create_direct_pay_by_user";}', 1);

-- --------------------------------------------------------

--
-- 表的结构 `qinggan_payment_group`
--

CREATE TABLE IF NOT EXISTS `qinggan_payment_group` (
  `id` mediumint(8) unsigned NOT NULL AUTO_INCREMENT COMMENT '自增ID',
  `site_id` int(11) NOT NULL DEFAULT '0' COMMENT '站点ID，为0表示全部',
  `title` varchar(255) NOT NULL COMMENT '付款组名称',
  `status` tinyint(1) unsigned NOT NULL DEFAULT '0' COMMENT '0不启用1启用',
  `taxis` tinyint(3) unsigned NOT NULL DEFAULT '255' COMMENT '排序，值越小越往前靠',
  `is_default` tinyint(1) unsigned NOT NULL DEFAULT '0' COMMENT '1默认组0普通组',
  `is_wap` tinyint(1) NOT NULL DEFAULT '0' COMMENT '0是PC端，1是手机端',
  PRIMARY KEY (`id`)
) ENGINE=MyISAM  DEFAULT CHARSET=utf8 COMMENT='付款组管理' AUTO_INCREMENT=15 ;

--
-- 转存表中的数据 `qinggan_payment_group`
--

INSERT INTO `qinggan_payment_group` (`id`, `site_id`, `title`, `status`, `taxis`, `is_default`, `is_wap`) VALUES
(1, 1, '快捷支付', 1, 10, 0, 0),
(14, 1, '手机支付', 1, 20, 0, 1);

-- --------------------------------------------------------

--
-- 表的结构 `qinggan_payment_log`
--

CREATE TABLE IF NOT EXISTS `qinggan_payment_log` (
  `id` int(10) unsigned NOT NULL AUTO_INCREMENT COMMENT '自增ID',
  `sn` varchar(255) NOT NULL COMMENT '支付编号',
  `type` varchar(100) NOT NULL COMMENT 'order订单,recharge充值other其他',
  `payment_id` varchar(255) NOT NULL DEFAULT '0' COMMENT '支付方式，为数字时表示payment表中的主要支付方式，为字母数字混合表示财富付款',
  `title` varchar(255) NOT NULL COMMENT '主题',
  `dateline` int(10) unsigned NOT NULL DEFAULT '0' COMMENT '记录时间',
  `user_id` int(10) unsigned NOT NULL DEFAULT '0' COMMENT '会员ID',
  `price` decimal(10,2) unsigned NOT NULL DEFAULT '0.00' COMMENT '价格',
  `currency_id` int(10) unsigned NOT NULL DEFAULT '0' COMMENT '货币ID',
  `content` varchar(255) NOT NULL COMMENT '内容',
  `status` tinyint(1) NOT NULL DEFAULT '0' COMMENT '0未支付成功1已支付成功',
  `ext` text NOT NULL COMMENT '扩展',
  PRIMARY KEY (`id`),
  KEY `user_id` (`user_id`)
) ENGINE=MyISAM  DEFAULT CHARSET=utf8 COMMENT='支付日志' AUTO_INCREMENT=21 ;

--
-- 转存表中的数据 `qinggan_payment_log`
--

INSERT INTO `qinggan_payment_log` (`id`, `sn`, `type`, `payment_id`, `title`, `dateline`, `user_id`, `price`, `currency_id`, `content`, `status`, `ext`) VALUES
(1, 'P20150928001', 'order', '1', '订单：P20150928001', 1443431348, 23, '1.00', 1, '订单：P20150928001', 1, ''),
(2, 'P20150928002', 'order', '1', '订单：P20150928002', 1443432620, 23, '1.00', 1, '订单：P20150928002', 1, ''),
(3, 'P20151104001', 'order', '4', '订单：P20151104001', 1409721340, 23, '203.00', 1, '订单：P20151104001', 1, 'a:7:{s:6:"openid";s:28:"oUpF8uMEb4qRXf22hE3X68TekukE";s:10:"trade_type";s:5:"JSAPI";s:9:"bank_type";s:3:"CFT";s:9:"total_fee";s:1:"1";s:8:"fee_type";s:3:"CNY";s:14:"transaction_id";s:28:"1004400740201409030005092168";s:8:"time_end";s:14:"20140903131540";}'),
(4, 'KF20151030115123CWR', 'order', '4', '订单：', 1447821976, 23, '170.00', 1, '订单：', 0, ''),
(5, 'P2015121051U00023001', '', '4', '订单：', 1449736191, 23, '177.00', 1, '订单：', 0, ''),
(6, 'P2016022545U00023001', 'order', '12', '订单：', 1459287342, 23, '100.00', 1, '订单：', 0, ''),
(7, 'P2016033177U00023001', 'order', '13', '订单：P2016033177U00023001', 1473660928, 23, '12372.95', 1, '订单：P2016033177U00023001', 0, ''),
(8, 'P2016080435U00023001', 'order', '4', '订单：P2016080435U00023001', 1471335239, 23, '1088.00', 1, '订单：P2016080435U00023001', 0, ''),
(9, 'P2016091116U00023002', 'order', '1', '订单：P2016091116U00023002', 1473581132, 23, '3298.00', 1, '订单：P2016091116U00023002', 0, ''),
(12, 'P2016091173U00023003', 'order', 'wallet', '订单：P2016091173U00023003', 1480247418, 23, '8.00', 1, '订单：P2016091173U00023003', 1, 'a:1:{s:8:"integral";d:8;}'),
(13, 'P2016112948U00023001', 'order', 'wallet', '订单：P2016112948U00023001', 1480395165, 23, '48.00', 1, '订单：P2016112948U00023001', 1, 'a:1:{s:6:"钱包";d:48;}'),
(14, 'P2016112919U00023002', 'order', 'wallet', '订单：P2016112919U00023002', 1480397786, 23, '4.00', 1, '订单：P2016112919U00023002', 1, 'a:1:{s:6:"钱包";d:4;}'),
(15, 'P2016112970U00023003', 'order', 'wallet', '订单：P2016112970U00023003', 1480398062, 23, '2.00', 1, '订单：P2016112970U00023003', 1, 'a:1:{s:6:"钱包";d:2;}'),
(16, 'CZ583d1b9f4bb6e', 'recharge', '1', '在线充值', 1480399775, 23, '1.00', 1, '充值编号：CZ583d1b9f4bb6e', 0, 'a:1:{s:4:"goal";s:1:"2";}'),
(17, 'P2017010610U00023004', 'order', '16', '订单：P2017010610U00023004', 1483677767, 23, '3288.00', 1, '订单：P2017010610U00023004', 0, ''),
(18, 'P2017012041U00029001', 'order', '17', '订单：P2017012041U00029001', 1484900186, 29, '4088.00', 1, '订单：P2017012041U00029001', 0, ''),
(19, 'CZ590ee7f20cd1f', 'recharge', '15', '在线充值', 1494149106, 23, '1.00', 1, '充值编号：CZ590ee7f20cd1f', 0, 'a:1:{s:4:"goal";s:1:"2";}'),
(20, 'CZ597c5e8463105', 'recharge', '15', '在线充值', 1501322884, 23, '100.00', 1, '充值编号：CZ597c5e8463105', 0, 'a:1:{s:4:"goal";s:1:"2";}');

-- --------------------------------------------------------

--
-- 表的结构 `qinggan_phpok`
--

CREATE TABLE IF NOT EXISTS `qinggan_phpok` (
  `id` mediumint(8) unsigned NOT NULL AUTO_INCREMENT COMMENT '自增ID号',
  `title` varchar(255) NOT NULL COMMENT '标题',
  `pid` int(10) unsigned NOT NULL DEFAULT '0' COMMENT '项目ID',
  `type_id` varchar(255) NOT NULL COMMENT '调用类型',
  `identifier` varchar(100) NOT NULL COMMENT '标识串，同一个站点中只能唯一',
  `site_id` mediumint(8) unsigned NOT NULL DEFAULT '0' COMMENT '站点ID',
  `status` tinyint(1) unsigned NOT NULL DEFAULT '0' COMMENT '状态',
  `cateid` int(10) unsigned NOT NULL DEFAULT '0' COMMENT '分类ID',
  `ext` text NOT NULL COMMENT '扩展属性',
  `is_api` tinyint(1) unsigned NOT NULL DEFAULT '0' COMMENT '0不支持API调用，1支持',
  `sqlinfo` text NOT NULL COMMENT 'SQL语句',
  PRIMARY KEY (`id`),
  UNIQUE KEY `identifier` (`identifier`,`site_id`)
) ENGINE=MyISAM  DEFAULT CHARSET=utf8 COMMENT='数据调用中心' AUTO_INCREMENT=288 ;

--
-- 转存表中的数据 `qinggan_phpok`
--

INSERT INTO `qinggan_phpok` (`id`, `title`, `pid`, `type_id`, `identifier`, `site_id`, `status`, `cateid`, `ext`, `is_api`, `sqlinfo`) VALUES
(18, '网站首页图片播放', 41, 'arclist', 'picplayer', 1, 1, 0, 'a:23:{s:5:"psize";s:1:"5";s:6:"offset";i:0;s:7:"is_list";s:1:"1";s:7:"in_text";s:1:"1";s:4:"attr";b:0;s:11:"fields_need";b:0;s:3:"tag";b:0;s:8:"keywords";b:0;s:7:"orderby";b:0;s:4:"cate";b:0;s:8:"cate_ext";i:0;s:12:"catelist_ext";i:0;s:11:"project_ext";i:0;s:11:"sublist_ext";i:0;s:10:"parent_ext";i:0;s:13:"fields_format";i:0;s:8:"user_ext";i:0;s:4:"user";b:0;s:12:"userlist_ext";i:0;s:6:"in_sub";i:0;s:10:"in_project";i:0;s:7:"in_cate";i:0;s:8:"title_id";b:0;}', 0, ''),
(19, '头部导航内容', 42, 'arclist', 'menu', 1, 1, 0, 'a:23:{s:5:"psize";s:2:"80";s:6:"offset";i:0;s:7:"is_list";s:1:"1";s:7:"in_text";s:1:"1";s:4:"attr";b:0;s:11:"fields_need";b:0;s:3:"tag";b:0;s:8:"keywords";b:0;s:7:"orderby";b:0;s:4:"cate";b:0;s:8:"cate_ext";i:0;s:12:"catelist_ext";i:0;s:11:"project_ext";i:0;s:11:"sublist_ext";i:0;s:10:"parent_ext";i:0;s:13:"fields_format";i:0;s:8:"user_ext";i:0;s:4:"user";b:0;s:12:"userlist_ext";i:0;s:6:"in_sub";s:1:"1";s:10:"in_project";i:0;s:7:"in_cate";i:0;s:8:"title_id";b:0;}', 0, ''),
(20, '公司简介', 87, 'arc', 'aboutus', 1, 1, 0, 'a:13:{s:5:"psize";i:0;s:6:"offset";i:0;s:7:"is_list";i:0;s:4:"attr";s:0:"";s:11:"fields_need";s:0:"";s:3:"tag";s:0:"";s:8:"keywords";s:0:"";s:7:"orderby";s:0:"";s:4:"cate";s:0:"";s:13:"fields_format";i:0;s:4:"user";s:0:"";s:6:"in_sub";i:0;s:8:"title_id";s:7:"aboutus";}', 0, ''),
(21, '产品分类', 45, 'catelist', 'products_cate', 1, 1, 70, 'a:20:{s:5:"psize";b:0;s:6:"offset";b:0;s:7:"is_list";b:0;s:7:"in_text";b:0;s:4:"attr";b:0;s:11:"fields_need";b:0;s:3:"tag";b:0;s:8:"keywords";b:0;s:7:"orderby";b:0;s:4:"cate";b:0;s:8:"cate_ext";b:0;s:12:"catelist_ext";b:0;s:11:"project_ext";b:0;s:11:"sublist_ext";b:0;s:10:"parent_ext";b:0;s:13:"fields_format";b:0;s:8:"user_ext";b:0;s:4:"user";b:0;s:12:"userlist_ext";b:0;s:6:"in_sub";b:0;}', 0, ''),
(22, '最新产品', 45, 'arclist', 'new_products', 1, 1, 70, 'a:15:{s:5:"psize";s:1:"8";s:6:"offset";i:0;s:7:"is_list";s:1:"1";s:4:"attr";s:0:"";s:11:"fields_need";s:9:"ext.thumb";s:3:"tag";s:0:"";s:8:"keywords";s:0:"";s:7:"orderby";s:0:"";s:6:"fields";s:21:"thumb,m_title,content";s:13:"fields_format";i:0;s:4:"user";s:0:"";s:8:"user_ext";i:0;s:9:"usergroup";i:0;s:6:"in_sub";i:0;s:8:"title_id";s:0:"";}', 0, ''),
(55, '友情链接', 142, 'arclist', 'link', 1, 1, 0, 'a:23:{s:5:"psize";s:2:"30";s:6:"offset";i:0;s:7:"is_list";s:1:"1";s:7:"in_text";s:1:"1";s:4:"attr";b:0;s:11:"fields_need";b:0;s:3:"tag";b:0;s:8:"keywords";b:0;s:7:"orderby";b:0;s:4:"cate";b:0;s:8:"cate_ext";i:0;s:12:"catelist_ext";i:0;s:11:"project_ext";i:0;s:11:"sublist_ext";i:0;s:10:"parent_ext";i:0;s:13:"fields_format";i:0;s:8:"user_ext";i:0;s:4:"user";b:0;s:12:"userlist_ext";i:0;s:6:"in_sub";i:0;s:10:"in_project";s:1:"2";s:7:"in_cate";b:0;s:8:"title_id";b:0;}', 0, ''),
(91, '新闻中心', 43, 'arclist', 'news', 1, 1, 7, 'a:23:{s:5:"psize";s:1:"8";s:6:"offset";i:0;s:7:"is_list";s:1:"1";s:7:"in_text";i:0;s:4:"attr";b:0;s:11:"fields_need";b:0;s:3:"tag";b:0;s:8:"keywords";b:0;s:7:"orderby";b:0;s:4:"cate";b:0;s:8:"cate_ext";i:0;s:12:"catelist_ext";i:0;s:11:"project_ext";i:0;s:11:"sublist_ext";i:0;s:10:"parent_ext";i:0;s:13:"fields_format";i:0;s:8:"user_ext";i:0;s:4:"user";b:0;s:12:"userlist_ext";i:0;s:6:"in_sub";i:0;s:10:"in_project";s:1:"2";s:7:"in_cate";b:0;s:8:"title_id";b:0;}', 0, ''),
(92, '图集相册', 144, 'arclist', 'photo', 1, 1, 0, 'a:23:{s:5:"psize";s:2:"10";s:6:"offset";i:0;s:7:"is_list";s:1:"1";s:7:"in_text";i:0;s:4:"attr";b:0;s:11:"fields_need";s:9:"ext.thumb";s:3:"tag";b:0;s:8:"keywords";b:0;s:7:"orderby";b:0;s:4:"cate";b:0;s:8:"cate_ext";i:0;s:12:"catelist_ext";i:0;s:11:"project_ext";i:0;s:11:"sublist_ext";i:0;s:10:"parent_ext";i:0;s:13:"fields_format";i:0;s:8:"user_ext";i:0;s:4:"user";b:0;s:12:"userlist_ext";i:0;s:6:"in_sub";i:0;s:10:"in_project";s:1:"1";s:7:"in_cate";i:0;s:8:"title_id";b:0;}', 0, ''),
(93, '图片滚动新闻', 43, 'arclist', 'picnews', 1, 1, 7, 'a:23:{s:5:"psize";s:2:"10";s:6:"offset";i:0;s:7:"is_list";s:1:"1";s:7:"in_text";i:0;s:4:"attr";b:0;s:11:"fields_need";s:9:"ext.thumb";s:3:"tag";b:0;s:8:"keywords";b:0;s:7:"orderby";b:0;s:4:"cate";b:0;s:8:"cate_ext";i:0;s:12:"catelist_ext";i:0;s:11:"project_ext";i:0;s:11:"sublist_ext";i:0;s:10:"parent_ext";i:0;s:13:"fields_format";i:0;s:8:"user_ext";i:0;s:4:"user";b:0;s:12:"userlist_ext";i:0;s:6:"in_sub";i:0;s:10:"in_project";i:0;s:7:"in_cate";i:0;s:8:"title_id";b:0;}', 0, ''),
(94, '页脚导航', 147, 'arclist', 'footnav', 1, 1, 0, 'a:23:{s:5:"psize";s:2:"10";s:6:"offset";i:0;s:7:"is_list";s:1:"1";s:7:"in_text";s:1:"1";s:4:"attr";b:0;s:11:"fields_need";b:0;s:3:"tag";b:0;s:8:"keywords";b:0;s:7:"orderby";b:0;s:4:"cate";b:0;s:8:"cate_ext";i:0;s:12:"catelist_ext";i:0;s:11:"project_ext";i:0;s:11:"sublist_ext";i:0;s:10:"parent_ext";i:0;s:13:"fields_format";i:0;s:8:"user_ext";i:0;s:4:"user";b:0;s:12:"userlist_ext";i:0;s:6:"in_sub";i:0;s:10:"in_project";i:0;s:7:"in_cate";i:0;s:8:"title_id";b:0;}', 0, ''),
(95, '客服', 148, 'arclist', 'kefu', 1, 1, 0, 'a:13:{s:5:"psize";s:2:"50";s:6:"offset";i:0;s:7:"is_list";s:1:"1";s:4:"attr";s:0:"";s:11:"fields_need";s:0:"";s:3:"tag";s:0:"";s:8:"keywords";s:0:"";s:7:"orderby";s:0:"";s:4:"cate";s:0:"";s:13:"fields_format";i:0;s:4:"user";s:0:"";s:6:"in_sub";i:0;s:8:"title_id";s:0:"";}', 0, ''),
(96, '售后保障', 150, 'project', 'after-sale-protection', 1, 1, 0, 'a:23:{s:5:"psize";b:0;s:6:"offset";i:0;s:7:"is_list";s:1:"1";s:7:"in_text";i:0;s:4:"attr";b:0;s:11:"fields_need";b:0;s:3:"tag";b:0;s:8:"keywords";b:0;s:7:"orderby";b:0;s:4:"cate";b:0;s:8:"cate_ext";i:0;s:12:"catelist_ext";i:0;s:11:"project_ext";s:1:"1";s:11:"sublist_ext";i:0;s:10:"parent_ext";i:0;s:13:"fields_format";i:0;s:8:"user_ext";i:0;s:4:"user";b:0;s:12:"userlist_ext";i:0;s:6:"in_sub";i:0;s:10:"in_project";i:0;s:7:"in_cate";i:0;s:8:"title_id";b:0;}', 0, ''),
(97, '图集相册', 144, 'arclist', 'tujixiangce', 1, 1, 154, 'a:13:{s:5:"psize";s:1:"6";s:6:"offset";i:0;s:7:"is_list";s:1:"1";s:4:"attr";s:0:"";s:11:"fields_need";s:9:"ext.thumb";s:3:"tag";s:0:"";s:8:"keywords";s:0:"";s:7:"orderby";s:0:"";s:4:"cate";s:0:"";s:13:"fields_format";i:0;s:4:"user";s:0:"";s:6:"in_sub";i:0;s:8:"title_id";s:0:"";}', 0, ''),
(98, '产品展示', 45, 'catelist', 'catelist', 1, 1, 70, 'a:23:{s:5:"psize";b:0;s:6:"offset";i:0;s:7:"is_list";s:1:"1";s:7:"in_text";i:0;s:4:"attr";b:0;s:11:"fields_need";b:0;s:3:"tag";b:0;s:8:"keywords";b:0;s:7:"orderby";b:0;s:4:"cate";b:0;s:8:"cate_ext";i:0;s:12:"catelist_ext";i:0;s:11:"project_ext";i:0;s:11:"sublist_ext";i:0;s:10:"parent_ext";i:0;s:13:"fields_format";i:0;s:8:"user_ext";i:0;s:4:"user";b:0;s:12:"userlist_ext";i:0;s:6:"in_sub";i:0;s:10:"in_project";i:0;s:7:"in_cate";i:0;s:8:"title_id";b:0;}', 0, ''),
(99, '下载中心', 151, 'arclist', 'xiazaizhongxin', 1, 1, 197, 'a:13:{s:5:"psize";s:2:"10";s:6:"offset";i:0;s:7:"is_list";s:1:"1";s:4:"attr";s:0:"";s:11:"fields_need";s:9:"ext.dfile";s:3:"tag";s:0:"";s:8:"keywords";s:0:"";s:7:"orderby";s:0:"";s:4:"cate";s:0:"";s:13:"fields_format";i:0;s:4:"user";s:0:"";s:6:"in_sub";i:0;s:8:"title_id";s:0:"";}', 0, ''),
(282, '热门产品', 45, 'arclist', 'hot_products', 1, 1, 70, 'a:15:{s:5:"psize";s:1:"5";s:6:"offset";i:0;s:7:"is_list";s:1:"1";s:4:"attr";s:0:"";s:11:"fields_need";s:9:"ext.thumb";s:3:"tag";s:0:"";s:8:"keywords";s:0:"";s:7:"orderby";s:11:"l.hits DESC";s:6:"fields";s:5:"thumb";s:13:"fields_format";i:0;s:4:"user";s:0:"";s:8:"user_ext";i:0;s:9:"usergroup";i:0;s:6:"in_sub";i:0;s:8:"title_id";s:0:"";}', 0, ''),
(104, '资讯中心', 43, 'arclist', 'titlelist', 1, 1, 7, 'a:13:{s:5:"psize";s:2:"10";s:6:"offset";i:0;s:7:"is_list";s:1:"1";s:4:"attr";s:0:"";s:11:"fields_need";s:0:"";s:3:"tag";s:0:"";s:8:"keywords";s:0:"";s:7:"orderby";s:0:"";s:4:"cate";s:0:"";s:13:"fields_format";i:0;s:4:"user";s:0:"";s:6:"in_sub";i:0;s:8:"title_id";s:0:"";}', 0, ''),
(105, '资讯中心', 43, 'catelist', 'news_catelist', 1, 1, 7, 'a:13:{s:5:"psize";i:0;s:6:"offset";i:0;s:7:"is_list";s:1:"1";s:4:"attr";s:0:"";s:11:"fields_need";s:0:"";s:3:"tag";s:0:"";s:8:"keywords";s:0:"";s:7:"orderby";s:0:"";s:4:"cate";s:0:"";s:13:"fields_format";i:0;s:4:"user";s:0:"";s:6:"in_sub";i:0;s:8:"title_id";s:0:"";}', 0, ''),
(280, '联系我们', 87, 'arc', 'contactus', 1, 1, 0, 'a:13:{s:5:"psize";i:0;s:6:"offset";i:0;s:7:"is_list";s:1:"1";s:4:"attr";s:0:"";s:11:"fields_need";s:0:"";s:3:"tag";s:0:"";s:8:"keywords";s:0:"";s:7:"orderby";s:0:"";s:4:"cate";s:0:"";s:13:"fields_format";i:0;s:4:"user";s:0:"";s:6:"in_sub";i:0;s:8:"title_id";s:9:"contactus";}', 0, ''),
(286, '银行汇款', 386, 'project', 'drmpjihitd', 1, 1, 0, 'a:15:{s:5:"psize";i:0;s:6:"offset";i:0;s:7:"is_list";s:1:"1";s:4:"attr";s:0:"";s:11:"fields_need";s:0:"";s:3:"tag";s:0:"";s:8:"keywords";s:0:"";s:7:"orderby";s:0:"";s:6:"fields";s:1:"*";s:13:"fields_format";i:0;s:4:"user";s:0:"";s:8:"user_ext";i:0;s:9:"usergroup";i:0;s:6:"in_sub";i:0;s:8:"title_id";s:0:"";}', 0, ''),
(287, '企业资料', 393, 'arclist', 'company', 1, 1, 0, 'a:15:{s:5:"psize";s:3:"100";s:6:"offset";i:0;s:7:"is_list";s:1:"1";s:4:"attr";s:0:"";s:11:"fields_need";s:0:"";s:3:"tag";s:0:"";s:8:"keywords";s:0:"";s:7:"orderby";s:0:"";s:6:"fields";s:1:"*";s:13:"fields_format";i:0;s:4:"user";s:0:"";s:8:"user_ext";i:0;s:9:"usergroup";i:0;s:6:"in_sub";i:0;s:8:"title_id";s:0:"";}', 1, '');

-- --------------------------------------------------------

--
-- 表的结构 `qinggan_plugins`
--

CREATE TABLE IF NOT EXISTS `qinggan_plugins` (
  `id` varchar(100) NOT NULL COMMENT '插件ID，仅限字母，数字及下划线',
  `title` varchar(255) NOT NULL COMMENT '插件名称',
  `author` varchar(255) NOT NULL COMMENT '开发者',
  `version` varchar(50) NOT NULL COMMENT '插件版本号',
  `status` tinyint(1) unsigned NOT NULL DEFAULT '0' COMMENT '0禁用1使用',
  `taxis` tinyint(3) unsigned NOT NULL DEFAULT '255' COMMENT '值越小越往前靠',
  `note` varchar(255) NOT NULL COMMENT '摘要说明',
  `param` text NOT NULL COMMENT '参数',
  PRIMARY KEY (`id`)
) ENGINE=MyISAM DEFAULT CHARSET=utf8 COMMENT='插件管理器';

--
-- 转存表中的数据 `qinggan_plugins`
--

INSERT INTO `qinggan_plugins` (`id`, `title`, `author`, `version`, `status`, `taxis`, `note`, `param`) VALUES
('identifier', '标识串自动生成工具', 'phpok.com', '1.0', 1, 10, '可实现以 title 的表单数据', 'a:5:{s:9:"is_youdao";s:1:"1";s:7:"keyfrom";s:9:"phpok-com";s:5:"keyid";s:9:"108499576";s:10:"is_pingyin";s:1:"1";s:5:"is_py";s:1:"1";}'),
('plaction', '批处理插件', 'phpok.com', '1.0', 1, 60, '可以批量删除，审核，隐藏等操作', '');

-- --------------------------------------------------------

--
-- 表的结构 `qinggan_popedom`
--

CREATE TABLE IF NOT EXISTS `qinggan_popedom` (
  `id` int(10) unsigned NOT NULL AUTO_INCREMENT COMMENT '权限ID，即自增ID',
  `gid` mediumint(8) unsigned NOT NULL DEFAULT '0' COMMENT '所属组ID，对应sysmenu表中的ID',
  `pid` int(10) unsigned NOT NULL DEFAULT '0' COMMENT '项目ID，仅在list中有效',
  `title` varchar(255) NOT NULL COMMENT '名称，如：添加，修改等',
  `identifier` varchar(255) NOT NULL COMMENT '字符串，如add，modify等',
  `taxis` tinyint(3) unsigned NOT NULL DEFAULT '255' COMMENT '排序',
  PRIMARY KEY (`id`),
  KEY `gid` (`gid`)
) ENGINE=MyISAM  DEFAULT CHARSET=utf8 COMMENT='权限明细' AUTO_INCREMENT=1403 ;

--
-- 转存表中的数据 `qinggan_popedom`
--

INSERT INTO `qinggan_popedom` (`id`, `gid`, `pid`, `title`, `identifier`, `taxis`) VALUES
(2, 19, 0, '配置全局', 'gset', 10),
(3, 19, 0, '内容', 'set', 20),
(4, 29, 0, '添加', 'add', 10),
(5, 29, 0, '修改', 'modify', 20),
(6, 29, 0, '删除', 'delete', 30),
(7, 18, 0, '添加', 'add', 10),
(8, 18, 0, '编辑', 'modify', 20),
(9, 18, 0, '删除', 'delete', 30),
(10, 23, 0, '添加', 'add', 10),
(11, 23, 0, '编辑', 'modify', 20),
(12, 23, 0, '删除', 'delete', 30),
(14, 22, 0, 'GD配置', 'gd', 10),
(15, 22, 0, '附件分类维护', 'cate', 20),
(16, 22, 0, '批处理', 'pl', 30),
(17, 16, 0, '配置', 'config', 10),
(18, 16, 0, '安装', 'install', 20),
(19, 16, 0, '卸载', 'uninstall', 30),
(20, 16, 0, '删除', 'delete', 40),
(21, 17, 0, '添加', 'add', 20),
(22, 13, 0, '添加', 'add', 10),
(23, 13, 0, '修改', 'modify', 20),
(24, 13, 0, '删除', 'delete', 30),
(25, 13, 0, '查看', 'list', 5),
(26, 19, 0, '查看', 'list', 5),
(33, 21, 0, '查看', 'list', 10),
(34, 21, 0, '添加', 'add', 20),
(35, 21, 0, '编辑', 'modify', 30),
(36, 21, 0, '删除', 'delete', 40),
(37, 18, 0, '查看', 'list', 5),
(38, 23, 0, '查看', 'list', 5),
(83, 16, 0, '启用/禁用', 'status', 50),
(40, 16, 0, '查看', 'list', 5),
(41, 17, 0, '查看', 'list', 10),
(42, 18, 0, '扩展', 'ext', 40),
(43, 19, 0, '扩展', 'ext', 30),
(44, 14, 0, '查看', 'list', 10),
(45, 14, 0, '添加', 'add', 20),
(46, 14, 0, '修改', 'modify', 30),
(47, 14, 0, '删除', 'delete', 40),
(48, 25, 0, '查看', 'list', 10),
(49, 25, 0, '配置', 'set', 20),
(80, 14, 0, '启用/禁用', 'status', 50),
(52, 29, 0, '查看', 'list', 5),
(53, 27, 0, '查看', 'list', 10),
(54, 27, 0, '配置', 'set', 20),
(81, 19, 0, '网站', 'site', 40),
(82, 19, 0, '域名', 'domain', 50),
(58, 8, 0, '查看', 'list', 10),
(59, 8, 0, '维护', 'set', 20),
(63, 6, 0, '查看', 'list', 10),
(64, 6, 0, '维护', 'set', 20),
(67, 7, 0, '查看', 'list', 10),
(68, 7, 0, '添加', 'add', 20),
(69, 7, 0, '修改', 'modify', 30),
(70, 7, 0, '删除', 'delete', 40),
(71, 28, 0, '查看', 'list', 10),
(72, 28, 0, '添加', 'add', 20),
(73, 28, 0, '修改', 'modify', 30),
(74, 28, 0, '删除', 'delete', 40),
(75, 9, 0, '查看', 'list', 10),
(76, 9, 0, '添加', 'add', 20),
(77, 9, 0, '修改', 'modify', 30),
(78, 9, 0, '启用/禁用', 'status', 40),
(79, 29, 0, '启用/禁用', 'status', 40),
(133, 30, 0, '查看', 'list', 10),
(134, 30, 0, '设置', 'set', 20),
(135, 30, 0, '文件管理', 'filelist', 30),
(136, 30, 0, '删除', 'delete', 40),
(142, 13, 0, '审核', 'status', 40),
(143, 20, 41, '查看', 'list', 10),
(144, 20, 41, '添加', 'add', 30),
(145, 20, 41, '修改', 'modify', 40),
(146, 20, 41, '删除', 'delete', 50),
(147, 20, 41, '启用/禁用', 'status', 60),
(148, 20, 42, '查看', 'list', 10),
(149, 20, 42, '添加', 'add', 30),
(150, 20, 42, '修改', 'modify', 40),
(151, 20, 42, '删除', 'delete', 50),
(152, 20, 42, '启用/禁用', 'status', 60),
(153, 20, 43, '查看', 'list', 10),
(154, 20, 43, '添加', 'add', 30),
(155, 20, 43, '修改', 'modify', 40),
(156, 20, 43, '删除', 'delete', 50),
(157, 20, 43, '启用/禁用', 'status', 60),
(162, 31, 0, '添加站点', 'add', 40),
(159, 31, 0, '查看', 'list', 10),
(160, 31, 0, '删除', 'delete', 20),
(161, 31, 0, '设为默认', 'default', 30),
(165, 20, 45, '查看', 'list', 10),
(166, 20, 45, '添加', 'add', 30),
(167, 20, 45, '修改', 'modify', 40),
(168, 20, 45, '删除', 'delete', 50),
(169, 20, 45, '启用/禁用', 'status', 60),
(170, 19, 0, '添加站点', 'add', 60),
(344, 32, 0, '查看', 'list', 10),
(345, 32, 0, '启用/禁用', 'status', 20),
(346, 32, 0, '删除', 'delete', 30),
(347, 32, 0, '修改', 'modify', 40),
(348, 32, 0, '回复', 'reply', 50),
(349, 20, 87, '查看', 'list', 10),
(350, 20, 87, '添加', 'add', 30),
(351, 20, 87, '修改', 'modify', 40),
(352, 20, 87, '删除', 'delete', 50),
(353, 20, 87, '启用/禁用', 'status', 60),
(388, 20, 96, '查看', 'list', 10),
(389, 20, 96, '添加', 'add', 30),
(390, 20, 96, '修改', 'modify', 40),
(391, 20, 96, '删除', 'delete', 50),
(392, 20, 96, '启用/禁用', 'status', 60),
(476, 33, 0, '查看', 'list', 10),
(477, 33, 0, '添加', 'add', 20),
(478, 33, 0, '修改', 'modify', 30),
(479, 33, 0, '删除', 'delete', 40),
(480, 33, 0, '启用/禁用', 'status', 50),
(601, 34, 0, '查看', 'list', 10),
(602, 34, 0, '添加', 'add', 20),
(603, 34, 0, '修改', 'modify', 30),
(604, 34, 0, '审核', 'status', 40),
(605, 34, 0, '删除', 'delete', 50),
(606, 20, 142, '查看', 'list', 10),
(607, 20, 142, '编辑', 'set', 20),
(608, 20, 142, '添加', 'add', 30),
(609, 20, 142, '修改', 'modify', 40),
(610, 20, 142, '删除', 'delete', 50),
(611, 20, 142, '启用/禁用', 'status', 60),
(612, 20, 144, '查看', 'list', 10),
(613, 20, 144, '添加', 'add', 30),
(614, 20, 144, '修改', 'modify', 40),
(615, 20, 144, '删除', 'delete', 50),
(616, 20, 144, '启用/禁用', 'status', 60),
(617, 42, 0, '查看', 'list', 10),
(618, 42, 0, '执行', 'set', 20),
(619, 43, 0, '查看', 'list', 10),
(620, 44, 0, '查看', 'list', 10),
(621, 45, 0, '查看', 'list', 10),
(622, 45, 0, '升级', 'update', 20),
(623, 45, 0, '配置升级服务器', 'set', 30),
(624, 46, 0, '查看', 'list', 10),
(625, 9, 0, '删除', 'delete', 50),
(626, 52, 0, '查看', 'list', 10),
(627, 52, 0, '添加组', 'groupadd', 20),
(628, 52, 0, '修改组', 'groupedit', 30),
(629, 52, 0, '删除组', 'groupdelete', 40),
(630, 52, 0, '添加', 'add', 50),
(631, 52, 0, '修改', 'edit', 60),
(632, 52, 0, '删除', 'delete', 70),
(633, 52, 0, '启用/禁用', 'status', 80),
(634, 52, 0, '组启用/禁用', 'groupstatus', 35),
(635, 54, 0, '查看', 'list', 10),
(636, 54, 0, '添加', 'add', 20),
(637, 54, 0, '修改', 'modify', 30),
(638, 54, 0, '删除', 'delete', 40),
(639, 54, 0, '审核', 'status', 50),
(640, 54, 0, '排序', 'taxis', 60),
(647, 55, 0, '查看', 'list', 10),
(648, 55, 0, '更新HTML', 'create', 20),
(651, 20, 147, '查看', 'list', 10),
(652, 20, 147, '编辑', 'set', 20),
(653, 20, 147, '添加', 'add', 30),
(654, 20, 147, '修改', 'modify', 40),
(655, 20, 147, '删除', 'delete', 50),
(656, 20, 147, '启用/禁用', 'status', 60),
(657, 20, 148, '查看', 'list', 10),
(658, 20, 148, '编辑', 'set', 20),
(659, 20, 148, '添加', 'add', 30),
(660, 20, 148, '修改', 'modify', 40),
(661, 20, 148, '删除', 'delete', 50),
(662, 20, 148, '启用/禁用', 'status', 60),
(968, 20, 0, '修改', 'modify', 40),
(967, 20, 0, '添加', 'add', 30),
(669, 20, 150, '查看', 'list', 10),
(670, 20, 150, '编辑', 'set', 20),
(671, 20, 151, '查看', 'list', 10),
(672, 20, 151, '编辑', 'set', 20),
(673, 20, 151, '添加', 'add', 30),
(674, 20, 151, '修改', 'modify', 40),
(675, 20, 151, '删除', 'delete', 50),
(676, 20, 151, '启用/禁用', 'status', 60),
(677, 20, 152, '查看', 'list', 10),
(678, 20, 152, '编辑', 'set', 20),
(679, 20, 152, '添加', 'add', 30),
(680, 20, 152, '修改', 'modify', 40),
(681, 20, 152, '删除', 'delete', 50),
(682, 20, 152, '启用/禁用', 'status', 60),
(689, 20, 144, '编辑', 'set', 20),
(690, 57, 0, '查看', 'list', 10),
(691, 57, 0, '创建备份', 'create', 20),
(692, 57, 0, '删除备份', 'delete', 30),
(693, 57, 0, '恢复备份', 'recover', 40),
(694, 57, 0, '优化', 'optimize', 50),
(695, 57, 0, '修复', 'repair', 60),
(696, 58, 0, '查看', 'list', 10),
(697, 58, 0, '添加', 'add', 20),
(698, 58, 0, '修改', 'modify', 30),
(699, 58, 0, '删除', 'delete', 40),
(700, 18, 0, '状态', 'status', 50),
(701, 59, 0, '查看', 'list', 10),
(702, 59, 0, '设置', 'set', 20),
(703, 59, 0, '删除', 'delete', 30),
(704, 27, 0, '扩展', 'ext', 30),
(754, 63, 0, '修改', 'modify', 30),
(753, 63, 0, '添加', 'add', 20),
(752, 63, 0, '查看', 'list', 10),
(751, 62, 0, '删除', 'delete', 40),
(750, 62, 0, '编辑', 'modify', 30),
(749, 62, 0, '添加', 'add', 20),
(748, 62, 0, '查看', 'list', 10),
(755, 63, 0, '删除', 'delete', 40),
(757, 20, 43, '评论', 'comment', 80),
(758, 66, 0, '查看', 'list', 10),
(759, 66, 0, '添加', 'add', 20),
(760, 66, 0, '修改', 'modify', 30),
(761, 66, 0, '配置', 'setting', 40),
(762, 66, 0, '删除', 'delete', 60),
(763, 66, 0, '状态', 'status', 50),
(764, 67, 0, '查看', 'list', 10),
(765, 67, 0, '添加', 'add', 20),
(766, 67, 0, '修改', 'modify', 30),
(767, 67, 0, '删除', 'delete', 40),
(768, 68, 0, '查看', 'list', 10),
(769, 68, 0, '添加', 'add', 20),
(770, 68, 0, '修改', 'modify', 30),
(771, 68, 0, '删除', 'delete', 40),
(772, 77, 0, '查看', 'list', 10),
(773, 77, 0, '添加', 'add', 20),
(774, 77, 0, '修改', 'modify', 30),
(775, 77, 0, '删除', 'delete', 40),
(776, 77, 0, '状态', 'status', 50),
(777, 34, 0, '配置', 'set', 60),
(778, 31, 0, '订单配置', 'order', 50),
(779, 78, 0, '查看', 'list', 10),
(780, 78, 0, '添加', 'add', 20),
(781, 78, 0, '修改', 'modify', 30),
(782, 78, 0, '删除', 'delete', 40),
(783, 78, 0, '审核', 'status', 50),
(784, 78, 0, '设为默认', 'isdefault', 60),
(793, 80, 0, '查看', 'list', 10),
(794, 80, 0, '添加', 'add', 20),
(795, 80, 0, '修改', 'modify', 30),
(796, 80, 0, '删除', 'delete', 40),
(1311, 20, 45, '扩展', 'ext', 70),
(1310, 20, 45, '编辑', 'set', 20),
(972, 20, 0, '评论', 'comment', 80),
(971, 20, 0, '扩展', 'ext', 70),
(970, 20, 0, '启用/禁用', 'status', 60),
(969, 20, 0, '删除', 'delete', 50),
(966, 20, 0, '编辑', 'set', 20),
(965, 20, 0, '查看', 'list', 10),
(981, 20, 43, '编辑', 'set', 20),
(982, 20, 43, '扩展', 'ext', 70),
(983, 20, 311, '查看', 'list', 10),
(984, 20, 311, '添加', 'add', 30),
(985, 20, 311, '修改', 'modify', 40),
(986, 20, 311, '删除', 'delete', 50),
(987, 20, 311, '启用/禁用', 'status', 60),
(988, 20, 312, '查看', 'list', 10),
(989, 20, 312, '添加', 'add', 30),
(990, 20, 312, '修改', 'modify', 40),
(991, 20, 312, '删除', 'delete', 50),
(992, 20, 312, '启用/禁用', 'status', 60),
(993, 20, 313, '查看', 'list', 10),
(994, 20, 313, '添加', 'add', 30),
(995, 20, 313, '修改', 'modify', 40),
(996, 20, 313, '删除', 'delete', 50),
(997, 20, 313, '启用/禁用', 'status', 60),
(998, 20, 313, '评论', 'comment', 80),
(999, 20, 313, '编辑', 'set', 20),
(1000, 20, 313, '扩展', 'ext', 70),
(1001, 20, 314, '查看', 'list', 10),
(1002, 20, 314, '添加', 'add', 30),
(1003, 20, 314, '修改', 'modify', 40),
(1004, 20, 314, '删除', 'delete', 50),
(1005, 20, 314, '启用/禁用', 'status', 60),
(1006, 20, 315, '查看', 'list', 10),
(1007, 20, 315, '添加', 'add', 30),
(1008, 20, 315, '修改', 'modify', 40),
(1009, 20, 315, '删除', 'delete', 50),
(1010, 20, 315, '启用/禁用', 'status', 60),
(1011, 20, 316, '查看', 'list', 10),
(1012, 20, 316, '编辑', 'set', 20),
(1013, 20, 317, '查看', 'list', 10),
(1014, 20, 317, '编辑', 'set', 20),
(1015, 20, 318, '查看', 'list', 10),
(1016, 20, 318, '编辑', 'set', 20),
(1017, 20, 319, '查看', 'list', 10),
(1018, 20, 319, '编辑', 'set', 20),
(1019, 20, 320, '查看', 'list', 10),
(1020, 20, 320, '编辑', 'set', 20),
(1021, 20, 320, '添加', 'add', 30),
(1022, 20, 320, '修改', 'modify', 40),
(1023, 20, 320, '删除', 'delete', 50),
(1024, 20, 320, '启用/禁用', 'status', 60),
(1025, 20, 321, '查看', 'list', 10),
(1026, 20, 321, '添加', 'add', 30),
(1027, 20, 321, '修改', 'modify', 40),
(1028, 20, 321, '删除', 'delete', 50),
(1029, 20, 321, '启用/禁用', 'status', 60),
(1030, 20, 322, '查看', 'list', 10),
(1031, 20, 322, '添加', 'add', 30),
(1032, 20, 322, '修改', 'modify', 40),
(1033, 20, 322, '删除', 'delete', 50),
(1034, 20, 322, '启用/禁用', 'status', 60),
(1035, 20, 322, '编辑', 'set', 20),
(1036, 20, 323, '查看', 'list', 10),
(1037, 20, 323, '编辑', 'set', 20),
(1038, 20, 323, '添加', 'add', 30),
(1039, 20, 323, '修改', 'modify', 40),
(1040, 20, 323, '删除', 'delete', 50),
(1041, 20, 323, '启用/禁用', 'status', 60),
(1042, 20, 324, '查看', 'list', 10),
(1043, 20, 324, '编辑', 'set', 20),
(1044, 20, 324, '添加', 'add', 30),
(1045, 20, 324, '修改', 'modify', 40),
(1046, 20, 324, '删除', 'delete', 50),
(1047, 20, 324, '启用/禁用', 'status', 60),
(1048, 20, 325, '查看', 'list', 10),
(1049, 20, 325, '编辑', 'set', 20),
(1050, 20, 325, '添加', 'add', 30),
(1051, 20, 325, '修改', 'modify', 40),
(1052, 20, 325, '删除', 'delete', 50),
(1053, 20, 325, '启用/禁用', 'status', 60),
(1054, 20, 326, '编辑', 'set', 20),
(1055, 20, 326, '查看', 'list', 10),
(1056, 20, 327, '查看', 'list', 10),
(1057, 20, 327, '编辑', 'set', 20),
(1058, 20, 328, '查看', 'list', 10),
(1059, 20, 328, '编辑', 'set', 20),
(1060, 20, 328, '添加', 'add', 30),
(1061, 20, 328, '修改', 'modify', 40),
(1062, 20, 328, '删除', 'delete', 50),
(1063, 20, 328, '启用/禁用', 'status', 60),
(1064, 20, 329, '查看', 'list', 10),
(1065, 20, 329, '添加', 'add', 30),
(1066, 20, 329, '修改', 'modify', 40),
(1067, 20, 329, '删除', 'delete', 50),
(1068, 20, 329, '启用/禁用', 'status', 60),
(1069, 20, 330, '查看', 'list', 10),
(1070, 20, 330, '添加', 'add', 30),
(1071, 20, 330, '修改', 'modify', 40),
(1072, 20, 330, '删除', 'delete', 50),
(1073, 20, 330, '启用/禁用', 'status', 60),
(1074, 20, 331, '查看', 'list', 10),
(1075, 20, 331, '添加', 'add', 30),
(1076, 20, 331, '修改', 'modify', 40),
(1077, 20, 331, '删除', 'delete', 50),
(1078, 20, 331, '启用/禁用', 'status', 60),
(1079, 20, 331, '评论', 'comment', 80),
(1080, 20, 331, '编辑', 'set', 20),
(1081, 20, 331, '扩展', 'ext', 70),
(1082, 20, 332, '查看', 'list', 10),
(1083, 20, 332, '添加', 'add', 30),
(1084, 20, 332, '修改', 'modify', 40),
(1085, 20, 332, '删除', 'delete', 50),
(1086, 20, 332, '启用/禁用', 'status', 60),
(1087, 20, 333, '查看', 'list', 10),
(1088, 20, 333, '添加', 'add', 30),
(1089, 20, 333, '修改', 'modify', 40),
(1090, 20, 333, '删除', 'delete', 50),
(1091, 20, 333, '启用/禁用', 'status', 60),
(1092, 20, 334, '查看', 'list', 10),
(1093, 20, 334, '编辑', 'set', 20),
(1094, 20, 335, '查看', 'list', 10),
(1095, 20, 335, '编辑', 'set', 20),
(1096, 20, 336, '查看', 'list', 10),
(1097, 20, 336, '编辑', 'set', 20),
(1098, 20, 337, '查看', 'list', 10),
(1099, 20, 337, '编辑', 'set', 20),
(1100, 20, 338, '查看', 'list', 10),
(1101, 20, 338, '编辑', 'set', 20),
(1102, 20, 338, '添加', 'add', 30),
(1103, 20, 338, '修改', 'modify', 40),
(1104, 20, 338, '删除', 'delete', 50),
(1105, 20, 338, '启用/禁用', 'status', 60),
(1106, 20, 339, '查看', 'list', 10),
(1107, 20, 339, '添加', 'add', 30),
(1108, 20, 339, '修改', 'modify', 40),
(1109, 20, 339, '删除', 'delete', 50),
(1110, 20, 339, '启用/禁用', 'status', 60),
(1111, 20, 340, '查看', 'list', 10),
(1112, 20, 340, '添加', 'add', 30),
(1113, 20, 340, '修改', 'modify', 40),
(1114, 20, 340, '删除', 'delete', 50),
(1115, 20, 340, '启用/禁用', 'status', 60),
(1116, 20, 340, '编辑', 'set', 20),
(1117, 20, 341, '查看', 'list', 10),
(1118, 20, 341, '编辑', 'set', 20),
(1119, 20, 341, '添加', 'add', 30),
(1120, 20, 341, '修改', 'modify', 40),
(1121, 20, 341, '删除', 'delete', 50),
(1122, 20, 341, '启用/禁用', 'status', 60),
(1123, 20, 342, '查看', 'list', 10),
(1124, 20, 342, '编辑', 'set', 20),
(1125, 20, 342, '添加', 'add', 30),
(1126, 20, 342, '修改', 'modify', 40),
(1127, 20, 342, '删除', 'delete', 50),
(1128, 20, 342, '启用/禁用', 'status', 60),
(1129, 20, 343, '查看', 'list', 10),
(1130, 20, 343, '编辑', 'set', 20),
(1131, 20, 343, '添加', 'add', 30),
(1132, 20, 343, '修改', 'modify', 40),
(1133, 20, 343, '删除', 'delete', 50),
(1134, 20, 343, '启用/禁用', 'status', 60),
(1135, 20, 344, '编辑', 'set', 20),
(1136, 20, 344, '查看', 'list', 10),
(1137, 20, 345, '查看', 'list', 10),
(1138, 20, 345, '编辑', 'set', 20),
(1139, 20, 346, '查看', 'list', 10),
(1140, 20, 346, '编辑', 'set', 20),
(1141, 20, 346, '添加', 'add', 30),
(1142, 20, 346, '修改', 'modify', 40),
(1143, 20, 346, '删除', 'delete', 50),
(1144, 20, 346, '启用/禁用', 'status', 60),
(1145, 20, 347, '查看', 'list', 10),
(1146, 20, 347, '添加', 'add', 30),
(1147, 20, 347, '修改', 'modify', 40),
(1148, 20, 347, '删除', 'delete', 50),
(1149, 20, 347, '启用/禁用', 'status', 60),
(1150, 20, 348, '查看', 'list', 10),
(1151, 20, 348, '添加', 'add', 30),
(1152, 20, 348, '修改', 'modify', 40),
(1153, 20, 348, '删除', 'delete', 50),
(1154, 20, 348, '启用/禁用', 'status', 60),
(1155, 20, 349, '查看', 'list', 10),
(1156, 20, 349, '添加', 'add', 30),
(1157, 20, 349, '修改', 'modify', 40),
(1158, 20, 349, '删除', 'delete', 50),
(1159, 20, 349, '启用/禁用', 'status', 60),
(1160, 20, 349, '评论', 'comment', 80),
(1161, 20, 349, '编辑', 'set', 20),
(1162, 20, 349, '扩展', 'ext', 70),
(1163, 20, 350, '查看', 'list', 10),
(1164, 20, 350, '添加', 'add', 30),
(1165, 20, 350, '修改', 'modify', 40),
(1166, 20, 350, '删除', 'delete', 50),
(1167, 20, 350, '启用/禁用', 'status', 60),
(1168, 20, 351, '查看', 'list', 10),
(1169, 20, 351, '添加', 'add', 30),
(1170, 20, 351, '修改', 'modify', 40),
(1171, 20, 351, '删除', 'delete', 50),
(1172, 20, 351, '启用/禁用', 'status', 60),
(1173, 20, 352, '查看', 'list', 10),
(1174, 20, 352, '编辑', 'set', 20),
(1175, 20, 353, '查看', 'list', 10),
(1176, 20, 353, '编辑', 'set', 20),
(1177, 20, 354, '查看', 'list', 10),
(1178, 20, 354, '编辑', 'set', 20),
(1179, 20, 355, '查看', 'list', 10),
(1180, 20, 355, '编辑', 'set', 20),
(1181, 20, 356, '查看', 'list', 10),
(1182, 20, 356, '编辑', 'set', 20),
(1183, 20, 356, '添加', 'add', 30),
(1184, 20, 356, '修改', 'modify', 40),
(1185, 20, 356, '删除', 'delete', 50),
(1186, 20, 356, '启用/禁用', 'status', 60),
(1187, 20, 357, '查看', 'list', 10),
(1188, 20, 357, '添加', 'add', 30),
(1189, 20, 357, '修改', 'modify', 40),
(1190, 20, 357, '删除', 'delete', 50),
(1191, 20, 357, '启用/禁用', 'status', 60),
(1192, 20, 358, '查看', 'list', 10),
(1193, 20, 358, '添加', 'add', 30),
(1194, 20, 358, '修改', 'modify', 40),
(1195, 20, 358, '删除', 'delete', 50),
(1196, 20, 358, '启用/禁用', 'status', 60),
(1197, 20, 358, '编辑', 'set', 20),
(1198, 20, 359, '查看', 'list', 10),
(1199, 20, 359, '编辑', 'set', 20),
(1200, 20, 359, '添加', 'add', 30),
(1201, 20, 359, '修改', 'modify', 40),
(1202, 20, 359, '删除', 'delete', 50),
(1203, 20, 359, '启用/禁用', 'status', 60),
(1204, 20, 360, '查看', 'list', 10),
(1205, 20, 360, '编辑', 'set', 20),
(1206, 20, 360, '添加', 'add', 30),
(1207, 20, 360, '修改', 'modify', 40),
(1208, 20, 360, '删除', 'delete', 50),
(1209, 20, 360, '启用/禁用', 'status', 60),
(1210, 20, 361, '查看', 'list', 10),
(1211, 20, 361, '编辑', 'set', 20),
(1212, 20, 361, '添加', 'add', 30),
(1213, 20, 361, '修改', 'modify', 40),
(1214, 20, 361, '删除', 'delete', 50),
(1215, 20, 361, '启用/禁用', 'status', 60),
(1216, 20, 362, '编辑', 'set', 20),
(1217, 20, 362, '查看', 'list', 10),
(1218, 20, 363, '查看', 'list', 10),
(1219, 20, 363, '编辑', 'set', 20),
(1220, 20, 364, '查看', 'list', 10),
(1221, 20, 364, '编辑', 'set', 20),
(1222, 20, 364, '添加', 'add', 30),
(1223, 20, 364, '修改', 'modify', 40),
(1224, 20, 364, '删除', 'delete', 50),
(1225, 20, 364, '启用/禁用', 'status', 60),
(1307, 20, 87, '编辑', 'set', 20),
(1308, 20, 87, '扩展', 'ext', 70),
(1309, 20, 87, '评论', 'comment', 80),
(1312, 20, 45, '评论', 'comment', 80),
(1337, 20, 386, '查看', 'list', 10),
(1338, 20, 386, '编辑', 'set', 20),
(1339, 20, 386, '添加', 'add', 30),
(1340, 20, 386, '修改', 'modify', 40),
(1341, 20, 386, '删除', 'delete', 50),
(1342, 20, 386, '启用/禁用', 'status', 60),
(1343, 20, 386, '扩展', 'ext', 70),
(1344, 20, 386, '评论', 'comment', 80),
(1345, 34, 0, '取消', 'cancel', 70),
(1346, 34, 0, '结束', 'stop', 80),
(1347, 34, 0, '完成', 'end', 90),
(1364, 88, 0, '查看', 'list', 10),
(1365, 88, 0, '添加', 'add', 20),
(1366, 88, 0, '修改', 'modify', 30),
(1367, 88, 0, '删除', 'delete', 40),
(1384, 20, 396, '查看', 'list', 10),
(1385, 20, 396, '编辑', 'set', 20),
(1386, 20, 396, '添加', 'add', 30),
(1387, 20, 396, '修改', 'modify', 40),
(1388, 20, 396, '删除', 'delete', 50),
(1389, 20, 396, '启用/禁用', 'status', 60),
(1390, 20, 396, '扩展', 'ext', 70),
(1391, 20, 396, '评论', 'comment', 80),
(1392, 20, 397, '查看', 'list', 10),
(1393, 20, 397, '编辑', 'set', 20),
(1394, 20, 397, '添加', 'add', 30),
(1395, 20, 397, '修改', 'modify', 40),
(1396, 20, 397, '删除', 'delete', 50),
(1397, 20, 397, '启用/禁用', 'status', 60),
(1398, 20, 397, '扩展', 'ext', 70),
(1399, 20, 397, '评论', 'comment', 80),
(1400, 92, 0, '查看', 'list', 10),
(1401, 92, 0, '生成', 'save', 20),
(1402, 92, 0, '删除', 'delete', 30);

-- --------------------------------------------------------

--
-- 表的结构 `qinggan_project`
--

CREATE TABLE IF NOT EXISTS `qinggan_project` (
  `id` mediumint(8) unsigned NOT NULL AUTO_INCREMENT COMMENT '自增ID，也是应用ID',
  `parent_id` mediumint(8) unsigned NOT NULL DEFAULT '0' COMMENT '上一级ID',
  `site_id` mediumint(8) unsigned NOT NULL COMMENT '网站ID',
  `module` mediumint(8) unsigned NOT NULL DEFAULT '0' COMMENT '指定模型ID，为0表页面空白',
  `cate` mediumint(8) unsigned NOT NULL DEFAULT '0' COMMENT '绑定根分类ID',
  `title` varchar(255) NOT NULL COMMENT '名称',
  `nick_title` varchar(255) NOT NULL COMMENT '后台别称',
  `taxis` tinyint(3) unsigned NOT NULL DEFAULT '255' COMMENT '排序，值越小越往前靠',
  `status` tinyint(1) unsigned NOT NULL DEFAULT '0' COMMENT '0不使用1使用',
  `tpl_index` varchar(255) NOT NULL COMMENT '封面页',
  `tpl_list` varchar(255) NOT NULL COMMENT '列表页',
  `tpl_content` varchar(255) NOT NULL COMMENT '详细页',
  `is_identifier` tinyint(1) unsigned NOT NULL DEFAULT '0' COMMENT '是否自定义标识',
  `ico` varchar(255) NOT NULL COMMENT '图标',
  `orderby` text NOT NULL COMMENT '排序',
  `alias_title` varchar(255) NOT NULL COMMENT '主题别名',
  `alias_note` varchar(255) NOT NULL COMMENT '主题备注',
  `psize` int(10) unsigned NOT NULL DEFAULT '0' COMMENT '0表示不限制，每页显示数量',
  `uid` int(10) unsigned NOT NULL DEFAULT '0' COMMENT '会员ID号，为0表示管理员维护',
  `identifier` varchar(255) NOT NULL COMMENT '标识',
  `seo_title` varchar(255) NOT NULL COMMENT 'SEO标题',
  `seo_keywords` varchar(255) NOT NULL COMMENT 'SEO关键字',
  `seo_desc` varchar(255) NOT NULL COMMENT 'SEO描述',
  `subtopics` tinyint(1) unsigned NOT NULL DEFAULT '0' COMMENT '是否启用子主题功能',
  `is_search` tinyint(1) unsigned NOT NULL DEFAULT '0' COMMENT '是否支持搜索',
  `is_tag` tinyint(3) unsigned NOT NULL DEFAULT '0' COMMENT '必填Tag',
  `is_biz` tinyint(3) unsigned NOT NULL DEFAULT '0' COMMENT '0不启用电商，1启用电商',
  `is_userid` tinyint(1) unsigned NOT NULL DEFAULT '0' COMMENT '是否绑定会员',
  `is_tpl_content` tinyint(1) unsigned NOT NULL DEFAULT '0' COMMENT '是否自定义内容模板',
  `is_seo` tinyint(1) unsigned NOT NULL DEFAULT '0' COMMENT '是否默认使用seo',
  `currency_id` int(10) unsigned NOT NULL DEFAULT '0' COMMENT '默认货币ID',
  `admin_note` text NOT NULL COMMENT '管理员备注，给编辑人员使用的',
  `hidden` tinyint(1) unsigned NOT NULL DEFAULT '0' COMMENT '0显示1隐藏',
  `post_status` tinyint(1) unsigned NOT NULL DEFAULT '0' COMMENT '发布模式，0不启用1启用',
  `comment_status` tinyint(1) unsigned NOT NULL DEFAULT '0' COMMENT '启用评论功能',
  `post_tpl` varchar(255) NOT NULL COMMENT '发布页模板',
  `etpl_admin` varchar(255) NOT NULL COMMENT '通知管理员邮件模板',
  `etpl_user` varchar(255) NOT NULL COMMENT '发布邮件通知会员模板',
  `etpl_comment_admin` varchar(255) NOT NULL COMMENT '评论邮件通知管理员模板',
  `etpl_comment_user` varchar(255) NOT NULL COMMENT '评论邮件通知会员',
  `is_attr` tinyint(1) unsigned NOT NULL DEFAULT '0' COMMENT '1启用主题属性0不启用',
  `tag` varchar(255) NOT NULL COMMENT '自身Tag设置',
  `cate_multiple` tinyint(1) unsigned NOT NULL DEFAULT '0' COMMENT '0分类单选1分类支持多选',
  `biz_attr` tinyint(1) unsigned NOT NULL DEFAULT '0' COMMENT '产品属性，0不使用1使用',
  `freight` int(10) unsigned NOT NULL DEFAULT '0' COMMENT '运费模板ID',
  PRIMARY KEY (`id`),
  KEY `parent_id` (`parent_id`),
  KEY `site_id` (`site_id`,`status`)
) ENGINE=MyISAM  DEFAULT CHARSET=utf8 COMMENT='项目管理器' AUTO_INCREMENT=398 ;

--
-- 转存表中的数据 `qinggan_project`
--

INSERT INTO `qinggan_project` (`id`, `parent_id`, `site_id`, `module`, `cate`, `title`, `nick_title`, `taxis`, `status`, `tpl_index`, `tpl_list`, `tpl_content`, `is_identifier`, `ico`, `orderby`, `alias_title`, `alias_note`, `psize`, `uid`, `identifier`, `seo_title`, `seo_keywords`, `seo_desc`, `subtopics`, `is_search`, `is_tag`, `is_biz`, `is_userid`, `is_tpl_content`, `is_seo`, `currency_id`, `admin_note`, `hidden`, `post_status`, `comment_status`, `post_tpl`, `etpl_admin`, `etpl_user`, `etpl_comment_admin`, `etpl_comment_user`, `is_attr`, `tag`, `cate_multiple`, `biz_attr`, `freight`) VALUES
(41, 0, 1, 21, 0, '图片播放器', '', 20, 1, '', '', '', 0, 'images/ico/picplayer.png', 'l.sort ASC,l.dateline DESC,l.id DESC', '', '', 30, 0, 'picture-player', '', '', '', 0, 0, 0, 0, 0, 0, 0, 0, '', 0, 0, 0, '', '', '', '', '', 0, '', 0, 0, 0),
(42, 0, 1, 23, 0, '导航菜单', '', 30, 1, '', '', '', 0, 'images/ico/menu.png', 'l.sort ASC,l.dateline DESC,l.id DESC', '导航名称', '', 30, 0, 'menu', '', '', '', 1, 0, 0, 0, 0, 0, 0, 0, '', 0, 0, 0, '', '', '', '', '', 0, '', 0, 0, 0),
(43, 0, 1, 22, 7, '资讯中心', '', 12, 1, '', '', '', 0, 'images/ico/article.png', 'l.sort DESC,l.dateline DESC,l.id DESC', '新闻主题', '', 20, 0, 'news', '', '', '', 0, 1, 1, 0, 1, 0, 0, 0, '', 0, 0, 1, '', '', '', '', '', 1, '新闻,资讯', 0, 0, 0),
(87, 0, 1, 40, 0, '关于我们', '', 15, 1, '', '', '', 1, 'images/ico/about.png', 'l.sort ASC,l.dateline DESC,l.id DESC', '', '', 30, 0, 'about', '', '', '', 0, 0, 0, 0, 0, 0, 0, 0, '', 0, 0, 0, '', '', '', '', '', 0, '', 0, 0, 0),
(45, 0, 1, 24, 70, '产品展示', '', 50, 1, '', '', '', 0, 'images/ico/product.png', 'l.sort DESC,l.dateline DESC,l.id DESC', '产品名称', '', 12, 0, 'product', '', '', '', 0, 1, 0, 1, 0, 0, 0, 1, '', 0, 0, 0, '', '', '', '', '', 1, '', 1, 1, 0),
(142, 0, 1, 61, 0, '友情链接', '', 120, 1, '', '', '', 0, 'images/ico/link.png', 'l.sort ASC,l.dateline DESC,l.id DESC', '网站名称', '', 30, 0, 'link', '', '', '', 0, 0, 0, 0, 0, 0, 0, 0, '', 0, 1, 0, 'post_link', 'project_save', '', '', '', 0, '', 0, 0, 0),
(96, 0, 1, 46, 0, '在线留言', '', 70, 1, '', '', '', 0, 'images/ico/comment.png', 'l.sort DESC,l.dateline DESC,l.id DESC', '留言主题', '', 30, 0, 'book', '', '', '', 0, 0, 0, 0, 1, 0, 0, 0, '', 0, 1, 1, '', 'project_save', '', '', '', 0, '', 0, 0, 0),
(144, 0, 1, 68, 154, '图集相册', '', 90, 1, '', '', '', 0, 'images/ico/photo.png', 'l.sort DESC,l.dateline DESC,l.id DESC', '', '', 30, 0, 'photo', '', '', '', 0, 0, 0, 0, 0, 0, 0, 0, '', 0, 0, 0, '', '', '', '', '', 0, '', 0, 0, 0),
(151, 0, 1, 65, 197, '下载中心', '', 100, 1, '', 'download_list', 'download_content', 0, 'images/ico/cloud.png', 'l.sort DESC,l.dateline DESC,l.id DESC', '附件名称', '', 30, 0, 'download-center', '', '', '', 0, 1, 0, 0, 0, 0, 0, 0, '', 0, 0, 0, '', '', '', '', '', 0, '', 0, 0, 0),
(147, 0, 1, 23, 0, '页脚导航', '', 35, 1, '', '', '', 0, 'images/ico/menu.png', 'l.sort ASC,l.dateline DESC,l.id DESC', '', '', 30, 0, 'yejiaodaohang', '', '', '', 0, 0, 0, 0, 0, 0, 0, 0, '', 0, 0, 0, '', '', '', '', '', 0, '', 0, 0, 0),
(148, 0, 1, 64, 0, '在线客服', '', 130, 1, '', '', '', 0, 'images/ico/qq.png', 'l.sort ASC,l.dateline DESC,l.id DESC', '客服类型', '', 30, 0, 'kefu', '', '', '', 0, 0, 0, 0, 0, 0, 0, 0, '', 0, 0, 0, '', '', '', '', '', 0, '', 0, 0, 0),
(150, 0, 1, 0, 0, '售后保障', '', 60, 1, '', '', '', 0, 'images/ico/paper.png', 'l.sort DESC,l.dateline DESC,l.id DESC', '', '', 30, 0, 'shouhoukouzhang', '', '', '', 0, 0, 0, 0, 0, 0, 0, 0, '', 0, 0, 0, '', '', '', '', '', 0, '', 0, 0, 0),
(152, 0, 1, 66, 201, '论坛BBS', '', 110, 1, 'bbs_index', 'bbs_list', 'bbs_detail', 0, 'images/ico/forum.png', 'ext.toplevel DESC,l.replydate DESC,l.dateline DESC,l.id DESC', '讨论主题', '', 30, 0, 'bbs', '', '', '', 0, 0, 0, 0, 1, 0, 0, 0, '', 0, 1, 1, 'bbs_fabu', '', '', '', '', 0, '', 0, 0, 0),
(386, 0, 1, 75, 0, '银行汇款', '', 140, 1, '', '', '', 0, 'images/ico/bank.png', 'l.sort ASC,l.dateline DESC,l.id DESC', '订单编号', '', 30, 0, 'yinxinghuikuan', '', '', '', 0, 0, 0, 0, 1, 0, 0, 0, '', 0, 1, 0, '', '', '', '', '', 0, '', 0, 0, 0),
(396, 0, 1, 87, 0, '视频库', '', 145, 1, '', '', '', 0, 'images/ico/video.png', 'l.sort ASC,l.dateline DESC,l.id DESC', '视频名称', '', 30, 0, 'video-library', '', '', '', 0, 0, 1, 0, 0, 0, 0, 0, '', 0, 0, 0, '', '', '', '', '', 0, '', 0, 0, 0),
(397, 0, 1, 92, 0, '测试独立', '', 150, 1, '', '', '', 0, '', 'id DESC', '', '', 30, 0, 'test-independence', '', '', '', 0, 0, 0, 0, 0, 0, 0, 0, '', 0, 0, 0, '', '', '', '', '', 0, '测试', 0, 0, 0);

-- --------------------------------------------------------

--
-- 表的结构 `qinggan_reply`
--

CREATE TABLE IF NOT EXISTS `qinggan_reply` (
  `id` int(10) unsigned NOT NULL AUTO_INCREMENT COMMENT '自增ID',
  `tid` int(10) unsigned NOT NULL DEFAULT '0' COMMENT '主题ID',
  `parent_id` int(10) unsigned NOT NULL DEFAULT '0' COMMENT '父回复ID',
  `vouch` tinyint(1) unsigned NOT NULL DEFAULT '0' COMMENT '推荐评论',
  `star` tinyint(1) NOT NULL DEFAULT '3' COMMENT '星级',
  `uid` int(10) unsigned NOT NULL DEFAULT '0' COMMENT '会员ID',
  `ip` varchar(255) NOT NULL COMMENT '回复人IP',
  `addtime` int(10) unsigned NOT NULL DEFAULT '0' COMMENT '添加时间',
  `status` tinyint(1) unsigned NOT NULL DEFAULT '0' COMMENT '0未审核1审核',
  `session_id` varchar(255) NOT NULL COMMENT '游客标识',
  `content` text NOT NULL COMMENT '评论内容',
  `admin_id` mediumint(8) unsigned NOT NULL DEFAULT '0' COMMENT '管理员ID',
  `adm_content` longtext NOT NULL COMMENT '管理员回复内容',
  `adm_time` int(10) unsigned NOT NULL DEFAULT '0' COMMENT '回复时间',
  `order_id` int(10) unsigned NOT NULL DEFAULT '0' COMMENT '0为评论，非零绑定订单ID',
  `res` varchar(255) NOT NULL COMMENT '附件ID，多个附件用英文逗号隔开',
  `vtype` varchar(255) NOT NULL DEFAULT 'title' COMMENT '主题类型，titlte表示列表中的主题，project表示项目，cate表示分类',
  PRIMARY KEY (`id`),
  KEY `tid` (`tid`)
) ENGINE=MyISAM  DEFAULT CHARSET=utf8 COMMENT='主题评论表' AUTO_INCREMENT=46 ;

--
-- 转存表中的数据 `qinggan_reply`
--

INSERT INTO `qinggan_reply` (`id`, `tid`, `parent_id`, `vouch`, `star`, `uid`, `ip`, `addtime`, `status`, `session_id`, `content`, `admin_id`, `adm_content`, `adm_time`, `order_id`, `res`, `vtype`) VALUES
(39, 1369, 0, 0, 3, 0, '0.0.0.0', 1480329243, 1, 'sr4fjluaen5tpins0v8c3ife23', '<p>测试这个的评论，看有没有赠分~</p>', 0, '<p>测试下回复！<br/></p>', 1502172747, 0, '', 'title'),
(40, 1369, 0, 0, 0, 23, '0.0.0.0', 1480329276, 1, 'sr4fjluaen5tpins0v8c3ife23', '看下这条评论！', 0, '', 0, 0, '', 'title'),
(42, 1762, 0, 0, 0, 23, '0.0.0.0', 1480392662, 1, 'kvvddou0472srpf83vcpd32h20', '测试下评论', 0, '', 0, 0, '', 'title'),
(43, 1762, 0, 0, 0, 23, '0.0.0.0', 1480393813, 1, 'kvvddou0472srpf83vcpd32h20', '再来测试下！', 0, '', 0, 0, '', 'title'),
(44, 1763, 0, 0, 0, 23, '0.0.0.0', 1480398396, 1, '', '测试下点评噢', 0, '', 0, 23, '', 'title'),
(45, 222081, 0, 0, 0, 23, '::1', 1508737010, 1, 'qoedjr82b36gvspqeilpef45g1', '测试用的', 0, '', 0, 0, '', 'title');

-- --------------------------------------------------------

--
-- 表的结构 `qinggan_res`
--

CREATE TABLE IF NOT EXISTS `qinggan_res` (
  `id` int(10) unsigned NOT NULL AUTO_INCREMENT COMMENT '资源ID',
  `cate_id` mediumint(8) unsigned NOT NULL DEFAULT '0' COMMENT '分类ID',
  `folder` varchar(255) NOT NULL COMMENT '存储目录',
  `name` varchar(255) NOT NULL COMMENT '资源文件名',
  `ext` varchar(30) NOT NULL COMMENT '资源后缀，如jpg等',
  `filename` varchar(255) NOT NULL COMMENT '文件名带路径',
  `ico` varchar(255) NOT NULL COMMENT 'ICO图标文件',
  `addtime` int(10) unsigned NOT NULL DEFAULT '0' COMMENT '添加时间',
  `title` varchar(255) NOT NULL COMMENT '内容',
  `attr` text NOT NULL COMMENT '附件属性',
  `note` text NOT NULL COMMENT '备注',
  `session_id` varchar(100) NOT NULL COMMENT '操作者 ID，即会员ID用于检测是否有权限删除 ',
  `user_id` int(10) unsigned NOT NULL DEFAULT '0' COMMENT '会员ID，当该ID为时检则sesson_id，如不相同则不能删除 ',
  `download` int(10) unsigned NOT NULL DEFAULT '0' COMMENT '下载次数',
  `admin_id` int(10) unsigned NOT NULL DEFAULT '0' COMMENT '管理员ID',
  PRIMARY KEY (`id`),
  KEY `ext` (`ext`)
) ENGINE=MyISAM  DEFAULT CHARSET=utf8 COMMENT='资源ID' AUTO_INCREMENT=1259 ;

--
-- 转存表中的数据 `qinggan_res`
--

INSERT INTO `qinggan_res` (`id`, `cate_id`, `folder`, `name`, `ext`, `filename`, `ico`, `addtime`, `title`, `attr`, `note`, `session_id`, `user_id`, `download`, `admin_id`) VALUES
(624, 1, 'res/201409/01/', '27a6e141c3d265ae.jpg', 'jpg', 'res/201409/01/27a6e141c3d265ae.jpg', 'res/201409/01/_624.jpg', 1409550321, 'logo', 'a:2:{s:5:"width";i:219;s:6:"height";i:57;}', '', '', 0, 0, 0),
(629, 1, 'res/201409/03/', 'e8b2a2815497215c.png', 'png', 'res/201409/03/e8b2a2815497215c.png', 'res/201409/03/_629.png', 1409747220, 'bbs', 'a:2:{s:5:"width";i:280;s:6:"height";i:280;}', '', '', 0, 0, 0),
(630, 1, 'res/201409/03/', '5b0086d14de1bbf2.jpg', 'jpg', 'res/201409/03/5b0086d14de1bbf2.jpg', 'res/201409/03/_630.jpg', 1409749616, 'about-img', 'a:2:{s:5:"width";i:129;s:6:"height";i:133;}', '', '', 0, 0, 0),
(1006, 1, 'res/201603/22/', 'a9c66d15979de244.jpg', 'jpg', 'res/201603/22/a9c66d15979de244.jpg', 'res/201603/22/_1006.jpg', 1458614426, 'banner (1)', 'a:2:{s:5:"width";i:980;s:6:"height";i:180;}', '', '', 0, 0, 1),
(1007, 1, 'res/201603/22/', '5c94d5a5d4729ee2.jpg', 'jpg', 'res/201603/22/5c94d5a5d4729ee2.jpg', 'res/201603/22/_1007.jpg', 1458614426, 'banner (2)', 'a:2:{s:5:"width";i:980;s:6:"height";i:180;}', '', '', 0, 0, 1),
(1008, 1, 'res/201603/22/', '572864921e9b72f0.jpg', 'jpg', 'res/201603/22/572864921e9b72f0.jpg', 'res/201603/22/_1008.jpg', 1458614426, 'banner (3)', 'a:2:{s:5:"width";i:980;s:6:"height";i:180;}', '', '', 0, 0, 1),
(1015, 1, 'res/201603/22/', 'c329c62e183765ad.jpg', 'jpg', 'res/201603/22/c329c62e183765ad.jpg', 'res/201603/22/_1015.jpg', 1458627033, '魅族5', 'a:2:{s:5:"width";i:500;s:6:"height";i:500;}', '', '', 0, 0, 1),
(1010, 1, 'res/201603/22/', '671d21cb49401430.jpg', 'jpg', 'res/201603/22/671d21cb49401430.jpg', 'res/201603/22/_1010.jpg', 1458626175, '小米5-2', 'a:2:{s:5:"width";i:720;s:6:"height";i:420;}', '', '', 0, 0, 1),
(1011, 1, 'res/201603/22/', '6bd0beb0726e32cf.jpg', 'jpg', 'res/201603/22/6bd0beb0726e32cf.jpg', 'res/201603/22/_1011.jpg', 1458626175, '小米5-1', 'a:2:{s:5:"width";i:720;s:6:"height";i:424;}', '', '', 0, 0, 1),
(1012, 1, 'res/201603/22/', '8ec700add8e54d49.jpg', 'jpg', 'res/201603/22/8ec700add8e54d49.jpg', 'res/201603/22/_1012.jpg', 1458626175, '小米5-3', 'a:2:{s:5:"width";i:720;s:6:"height";i:335;}', '', '', 0, 0, 1),
(1013, 1, 'res/201603/22/', '6e32b648bf93b490.jpg', 'jpg', 'res/201603/22/6e32b648bf93b490.jpg', 'res/201603/22/_1013.jpg', 1458626325, '小米5-thumb', 'a:2:{s:5:"width";i:350;s:6:"height";i:350;}', '', '', 0, 0, 1),
(1016, 1, 'res/201603/22/', '9fa4450173e59070.jpg', 'jpg', 'res/201603/22/9fa4450173e59070.jpg', 'res/201603/22/_1016.jpg', 1458627040, '魅族5-1', 'a:2:{s:5:"width";i:500;s:6:"height";i:500;}', '', '', 0, 0, 1),
(1017, 1, 'res/201603/22/', '10f10d8a66069b59.jpg', 'jpg', 'res/201603/22/10f10d8a66069b59.jpg', 'res/201603/22/_1017.jpg', 1458627040, '魅族5-2', 'a:2:{s:5:"width";i:500;s:6:"height";i:500;}', '', '', 0, 0, 1),
(1018, 1, 'res/201603/23/', 'c941c40778124f2c.jpg', 'jpg', 'res/201603/23/c941c40778124f2c.jpg', 'res/201603/23/_1018.jpg', 1458667317, 'P7-2', 'a:2:{s:5:"width";i:600;s:6:"height";i:600;}', '', '', 0, 0, 1),
(1019, 1, 'res/201603/23/', '945b1df945e039f5.jpg', 'jpg', 'res/201603/23/945b1df945e039f5.jpg', 'res/201603/23/_1019.jpg', 1458667317, 'P7-1', 'a:2:{s:5:"width";i:532;s:6:"height";i:532;}', '', '', 0, 0, 1),
(1020, 1, 'res/201603/23/', '281512b3b3f9c5f0.jpg', 'jpg', 'res/201603/23/281512b3b3f9c5f0.jpg', 'res/201603/23/_1020.jpg', 1458667317, 'P7-3', 'a:2:{s:5:"width";i:600;s:6:"height";i:600;}', '', '', 0, 0, 1),
(1021, 1, 'res/201603/23/', 'fceefc0374ff1ef2.jpg', 'jpg', 'res/201603/23/fceefc0374ff1ef2.jpg', 'res/201603/23/_1021.jpg', 1458668292, 'xplay5-b-1', 'a:2:{s:5:"width";i:600;s:6:"height";i:600;}', '', '', 0, 0, 1),
(1022, 1, 'res/201603/23/', '63d31419a3bc3163.jpg', 'jpg', 'res/201603/23/63d31419a3bc3163.jpg', 'res/201603/23/_1022.jpg', 1458668292, 'xplay5-b-3', 'a:2:{s:5:"width";i:600;s:6:"height";i:600;}', '', '', 0, 0, 1),
(1023, 1, 'res/201603/23/', 'c94f7ff8e44ec536.jpg', 'jpg', 'res/201603/23/c94f7ff8e44ec536.jpg', 'res/201603/23/_1023.jpg', 1458668292, 'xplay5-b-2', 'a:2:{s:5:"width";i:600;s:6:"height";i:600;}', '', '', 0, 0, 1),
(1024, 1, 'res/201603/23/', '9470f2408e492d99.jpg', 'jpg', 'res/201603/23/9470f2408e492d99.jpg', 'res/201603/23/_1024.jpg', 1458668293, 'xplay5-b-4', 'a:2:{s:5:"width";i:600;s:6:"height";i:600;}', '', '', 0, 0, 1),
(1025, 1, 'res/201603/23/', '5b8b8f3f6cfd32b9.jpg', 'jpg', 'res/201603/23/5b8b8f3f6cfd32b9.jpg', 'res/201603/23/_1025.jpg', 1458669513, 'iphone5se-1', 'a:2:{s:5:"width";i:755;s:6:"height";i:755;}', '', '', 0, 0, 1),
(1026, 1, 'res/201603/23/', '2e16c80d821beaf0.jpg', 'jpg', 'res/201603/23/2e16c80d821beaf0.jpg', 'res/201603/23/_1026.jpg', 1458669513, 'iphone5se-2', 'a:2:{s:5:"width";i:600;s:6:"height";i:600;}', '', '', 0, 0, 1),
(1027, 1, 'res/201603/23/', '1548d11e0a50ee55.jpg', 'jpg', 'res/201603/23/1548d11e0a50ee55.jpg', 'res/201603/23/_1027.jpg', 1458669513, 'iphone5se-3', 'a:2:{s:5:"width";i:600;s:6:"height";i:600;}', '', '', 0, 0, 1),
(1028, 1, 'res/201603/23/', 'e2bb1c4c3a4bc11b.jpg', 'jpg', 'res/201603/23/e2bb1c4c3a4bc11b.jpg', 'res/201603/23/_1028.jpg', 1458669514, 'iphone5se-4', 'a:2:{s:5:"width";i:600;s:6:"height";i:600;}', '', '', 0, 0, 1),
(1029, 11, 'res/soft/2016/', '37e7a0aff81446b8.zip', 'zip', 'res/soft/2016/37e7a0aff81446b8.zip', 'images/filetype-large/zip.jpg', 1458715867, 'copy', '', '', '', 0, 4, 1),
(1040, 1, 'res/201604/03/', '0143658fa7928c1c', 'jpg', 'res/201604/03/0143658fa7928c1c.jpg', 'res/201604/03/_1040.jpg', 1459617276, '160', 'a:2:{s:5:"width";i:160;s:6:"height";i:160;}', '', 'v8tocibrgebid4pht9ksprfhd1', 23, 0, 0),
(1247, 1, 'res/201706/23/', '9c775ba204240f55.jpg', 'jpg', 'res/201706/23/9c775ba204240f55.jpg', 'res/201706/23/_1247.jpg', 1498191006, '我', 'a:2:{s:5:"width";i:1080;s:6:"height";i:1920;}', '', '', 0, 0, 1),
(1248, 1, 'res/201708/28/', '337eb426640e0b98.jpg', 'jpg', 'res/201708/28/337eb426640e0b98.jpg', 'res/201708/28/_1248.jpg', 1503908299, '自己', 'a:2:{s:5:"width";i:1080;s:6:"height";i:1332;}', '', 'ojtnpl8akhr27h5d9a8dm79lk7', 23, 0, 0),
(1250, 1, 'res/201709/16/', '655b45e9c29c8e30.jpg', 'jpg', 'res/201709/16/655b45e9c29c8e30.jpg', 'res/201709/16/_1250.jpg', 1505531806, '400', 'a:2:{s:5:"width";i:400;s:6:"height";i:400;}', '', 'cl2gqvhrno0fojg2g2k45bvnj2', 0, 0, 0),
(1256, 1, 'res/201709/28/', '628f03f84b269dd2.jpg', 'jpg', 'res/201709/28/628f03f84b269dd2.jpg', 'res/201709/28/_1256.jpg', 1506594973, 'WIN_20170630_15_41_53_Pro', 'a:2:{s:5:"width";i:1920;s:6:"height";i:1080;}', '', 'v3g0sec1b0vf7ag4l79kdonu04', 0, 0, 0),
(1255, 1, 'res/201709/28/', '8082ae652ca7f8de.jpg', 'jpg', 'res/201709/28/8082ae652ca7f8de.jpg', 'res/201709/28/_1255.jpg', 1506594935, 'WIN_20170630_15_41_56_Pro', 'a:2:{s:5:"width";i:1920;s:6:"height";i:1080;}', '', 'v3g0sec1b0vf7ag4l79kdonu04', 0, 0, 0),
(1257, 1, 'res/201709/28/', 'f48f8d342c67915c.jpg', 'jpg', 'res/201709/28/f48f8d342c67915c.jpg', 'res/201709/28/_1257.jpg', 1506594988, 'WIN_20170630_15_41_56_Pro', 'a:2:{s:5:"width";i:1920;s:6:"height";i:1080;}', '', 'v3g0sec1b0vf7ag4l79kdonu04', 0, 0, 0),
(1258, 1, 'res/201709/28/', '35689810417bd6ac.jpg', 'jpg', 'res/201709/28/35689810417bd6ac.jpg', 'res/201709/28/_1258.jpg', 1506595195, 'WIN_20170630_15_41_56_Pro', 'a:2:{s:5:"width";i:1920;s:6:"height";i:1080;}', '', 'v3g0sec1b0vf7ag4l79kdonu04', 0, 0, 0);

-- --------------------------------------------------------

--
-- 表的结构 `qinggan_res_cate`
--

CREATE TABLE IF NOT EXISTS `qinggan_res_cate` (
  `id` mediumint(8) unsigned NOT NULL AUTO_INCREMENT COMMENT '资源分类ID',
  `title` varchar(255) NOT NULL COMMENT '分类名称',
  `root` varchar(255) NOT NULL DEFAULT '/' COMMENT '存储目录',
  `folder` varchar(255) NOT NULL DEFAULT 'Ym/d/' COMMENT '存储目录格式',
  `is_default` tinyint(1) unsigned NOT NULL DEFAULT '0' COMMENT '1默认0非默认',
  `filetypes` varchar(255) NOT NULL COMMENT '附件类型',
  `typeinfo` varchar(200) NOT NULL COMMENT '类型说明',
  `gdtypes` varchar(255) NOT NULL COMMENT '支持的GD方案，多个GD方案用英文ID分开',
  `gdall` tinyint(1) NOT NULL DEFAULT '0' COMMENT '1支持全部GD方案0仅支持指定的GD方案',
  `ico` tinyint(1) NOT NULL DEFAULT '0' COMMENT '后台缩略图',
  `filemax` int(10) unsigned NOT NULL DEFAULT '2' COMMENT '上传文件大小限制',
  PRIMARY KEY (`id`)
) ENGINE=MyISAM  DEFAULT CHARSET=utf8 COMMENT='资源分类存储' AUTO_INCREMENT=25 ;

--
-- 转存表中的数据 `qinggan_res_cate`
--

INSERT INTO `qinggan_res_cate` (`id`, `title`, `root`, `folder`, `is_default`, `filetypes`, `typeinfo`, `gdtypes`, `gdall`, `ico`, `filemax`) VALUES
(1, '图片', 'res/', 'Ym/d/', 1, 'png,jpg,gif', '图片', '', 1, 1, 2000),
(11, '压缩软件', 'res/soft/', 'Y/', 0, 'rar,zip', '压缩包', '', 0, 0, 2000),
(20, 'Excel', 'res/excel', '', 0, 'xls,xlsx', 'Excel文件', '', 0, 0, 2048),
(21, '测试分类', 'res/', 'Ym/d/', 0, 'png,jpg,gif', '图片', '', 1, 1, 2048),
(22, '这个也是测试的', 'res/', 'Ym/d/', 0, 'png,jpg,gif', '图片', '', 1, 1, 102400),
(23, 'ddd', 'res/', 'Ym/d/', 0, 'png,jpg,gif', '图片', '', 1, 1, 102400),
(24, '视频', 'res/', 'Ym/d/', 0, 'mp4,flv,mp3,mpeg', '影音文字', '', 0, 0, 2048);

-- --------------------------------------------------------

--
-- 表的结构 `qinggan_res_ext`
--

CREATE TABLE IF NOT EXISTS `qinggan_res_ext` (
  `res_id` mediumint(8) unsigned NOT NULL DEFAULT '0' COMMENT '附件ID',
  `gd_id` mediumint(8) unsigned NOT NULL DEFAULT '0' COMMENT 'GD库方案ID',
  `filename` varchar(255) NOT NULL COMMENT '文件地址（含路径）',
  `filetime` int(10) unsigned NOT NULL DEFAULT '0' COMMENT '最后',
  PRIMARY KEY (`res_id`,`gd_id`)
) ENGINE=MyISAM DEFAULT CHARSET=utf8 COMMENT='生成扩展图片';

--
-- 转存表中的数据 `qinggan_res_ext`
--

INSERT INTO `qinggan_res_ext` (`res_id`, `gd_id`, `filename`, `filetime`) VALUES
(1006, 12, 'res/201603/22/auto_1006.jpg', 1458649356),
(1006, 2, 'res/201603/22/thumb_1006.jpg', 1458649356),
(1007, 12, 'res/201603/22/auto_1007.jpg', 1458649354),
(1008, 12, 'res/201603/22/auto_1008.jpg', 1458649352),
(1007, 2, 'res/201603/22/thumb_1007.jpg', 1458649354),
(1008, 2, 'res/201603/22/thumb_1008.jpg', 1458649352),
(630, 12, 'res/201409/03/auto_630.jpg', 1458649357),
(630, 2, 'res/201409/03/thumb_630.jpg', 1458649357),
(629, 12, 'res/201409/03/auto_629.png', 1458649359),
(629, 2, 'res/201409/03/thumb_629.png', 1458649359),
(624, 12, 'res/201409/01/auto_624.jpg', 1458649361),
(624, 2, 'res/201409/01/thumb_624.jpg', 1458649361),
(1015, 12, 'res/201603/22/auto_1015.jpg', 1458649343),
(1015, 2, 'res/201603/22/thumb_1015.jpg', 1458649343),
(1012, 12, 'res/201603/22/auto_1012.jpg', 1458649347),
(1010, 12, 'res/201603/22/auto_1010.jpg', 1458649351),
(1011, 12, 'res/201603/22/auto_1011.jpg', 1458649349),
(1012, 2, 'res/201603/22/thumb_1012.jpg', 1458649347),
(1010, 2, 'res/201603/22/thumb_1010.jpg', 1458649351),
(1011, 2, 'res/201603/22/thumb_1011.jpg', 1458649349),
(1013, 12, 'res/201603/22/auto_1013.jpg', 1458649345),
(1013, 2, 'res/201603/22/thumb_1013.jpg', 1458649345),
(1016, 12, 'res/201603/22/auto_1016.jpg', 1458649341),
(1017, 12, 'res/201603/22/auto_1017.jpg', 1458649340),
(1016, 2, 'res/201603/22/thumb_1016.jpg', 1458649341),
(1017, 2, 'res/201603/22/thumb_1017.jpg', 1458649340),
(1019, 12, 'res/201603/23/auto_1019.jpg', 1458667317),
(1018, 12, 'res/201603/23/auto_1018.jpg', 1458667317),
(1020, 12, 'res/201603/23/auto_1020.jpg', 1458667317),
(1019, 2, 'res/201603/23/thumb_1019.jpg', 1458667317),
(1018, 2, 'res/201603/23/thumb_1018.jpg', 1458667317),
(1020, 2, 'res/201603/23/thumb_1020.jpg', 1458667317),
(1021, 12, 'res/201603/23/auto_1021.jpg', 1458668292),
(1022, 12, 'res/201603/23/auto_1022.jpg', 1458668292),
(1023, 12, 'res/201603/23/auto_1023.jpg', 1458668292),
(1021, 2, 'res/201603/23/thumb_1021.jpg', 1458668292),
(1022, 2, 'res/201603/23/thumb_1022.jpg', 1458668292),
(1023, 2, 'res/201603/23/thumb_1023.jpg', 1458668292),
(1024, 12, 'res/201603/23/auto_1024.jpg', 1458668293),
(1024, 2, 'res/201603/23/thumb_1024.jpg', 1458668293),
(1026, 12, 'res/201603/23/auto_1026.jpg', 1478857219),
(1027, 12, 'res/201603/23/auto_1027.jpg', 1478857217),
(1026, 2, 'res/201603/23/thumb_1026.jpg', 1478857219),
(1025, 12, 'res/201603/23/auto_1025.jpg', 1478857221),
(1027, 2, 'res/201603/23/thumb_1027.jpg', 1478857217),
(1025, 2, 'res/201603/23/thumb_1025.jpg', 1478857221),
(1028, 12, 'res/201603/23/auto_1028.jpg', 1478857215),
(1028, 2, 'res/201603/23/thumb_1028.jpg', 1478857215),
(1040, 12, 'res/201604/03/auto_1040.jpg', 1478857209),
(1040, 2, 'res/201604/03/thumb_1040.jpg', 1478857209),
(1247, 12, 'res/201706/23/auto_1247.jpg', 1498191006),
(1247, 2, 'res/201706/23/thumb_1247.jpg', 1498191006),
(1248, 12, 'res/201708/28/auto_1248.jpg', 1503908299),
(1248, 2, 'res/201708/28/thumb_1248.jpg', 1503908299),
(1250, 12, 'res/201709/16/auto_1250.jpg', 1505531806),
(1250, 2, 'res/201709/16/thumb_1250.jpg', 1505531806),
(1256, 12, 'res/201709/28/auto_1256.jpg', 1506594973),
(1255, 12, 'res/201709/28/auto_1255.jpg', 1506594935),
(1255, 2, 'res/201709/28/thumb_1255.jpg', 1506594935),
(1256, 2, 'res/201709/28/thumb_1256.jpg', 1506594973),
(1257, 12, 'res/201709/28/auto_1257.jpg', 1506594988),
(1257, 2, 'res/201709/28/thumb_1257.jpg', 1506594988),
(1258, 12, 'res/201709/28/auto_1258.jpg', 1506595195),
(1258, 2, 'res/201709/28/thumb_1258.jpg', 1506595195);

-- --------------------------------------------------------

--
-- 表的结构 `qinggan_session`
--

CREATE TABLE IF NOT EXISTS `qinggan_session` (
  `id` varchar(32) NOT NULL COMMENT 'session_id',
  `data` varchar(20485) NOT NULL COMMENT 'session 内容，最多只能放20K',
  `lasttime` int(10) unsigned NOT NULL COMMENT '时间',
  PRIMARY KEY (`id`)
) ENGINE=MyISAM DEFAULT CHARSET=utf8 COMMENT='SESSION操作';

-- --------------------------------------------------------

--
-- 表的结构 `qinggan_site`
--

CREATE TABLE IF NOT EXISTS `qinggan_site` (
  `id` mediumint(8) unsigned NOT NULL AUTO_INCREMENT COMMENT '应用ID',
  `domain_id` mediumint(8) unsigned NOT NULL DEFAULT '0' COMMENT '默认域名ID',
  `title` varchar(255) NOT NULL COMMENT '网站名称',
  `dir` varchar(255) NOT NULL DEFAULT '/' COMMENT '安装目录，以/结尾',
  `status` tinyint(1) unsigned NOT NULL DEFAULT '0' COMMENT '状态',
  `content` text NOT NULL COMMENT '网站关闭原因',
  `is_default` tinyint(1) unsigned NOT NULL DEFAULT '0' COMMENT '1默认站点',
  `tpl_id` mediumint(8) unsigned NOT NULL DEFAULT '0' COMMENT '模板ID',
  `url_type` enum('default','rewrite','html') NOT NULL DEFAULT 'default' COMMENT '默认，即带?等能数，rewrite是伪静态页，html为生成的静态页',
  `logo` varchar(255) NOT NULL COMMENT '网站 LOGO ',
  `meta` text NOT NULL COMMENT '扩展配置',
  `currency_id` mediumint(8) unsigned NOT NULL DEFAULT '0' COMMENT '默认货币ID',
  `register_status` tinyint(1) unsigned NOT NULL DEFAULT '0' COMMENT '0关闭注册1开启注册',
  `register_close` varchar(255) NOT NULL COMMENT '关闭注册说明',
  `login_status` tinyint(1) unsigned NOT NULL DEFAULT '0' COMMENT '0关闭登录1开启',
  `login_close` varchar(255) NOT NULL COMMENT '关闭登录说明',
  `adm_logo29` varchar(255) NOT NULL COMMENT '在后台左侧LOGO地址',
  `adm_logo180` varchar(255) NOT NULL COMMENT '登录LOGO地址',
  `lang` varchar(255) NOT NULL COMMENT '语言包',
  `api` int(10) unsigned NOT NULL DEFAULT '0' COMMENT '0不走接口',
  `api_code` varchar(255) NOT NULL COMMENT 'API验证串',
  `seo_title` varchar(255) NOT NULL COMMENT 'SEO主题',
  `seo_keywords` varchar(255) NOT NULL COMMENT 'SEO关键字',
  `seo_desc` text NOT NULL COMMENT 'SEO摘要',
  `biz_sn` varchar(255) NOT NULL COMMENT '订单号生成规则',
  `biz_payment` int(10) unsigned NOT NULL DEFAULT '0' COMMENT '默认支付方式',
  `upload_guest` tinyint(1) unsigned NOT NULL DEFAULT '0' COMMENT '游客上传权限',
  `upload_user` tinyint(1) unsigned NOT NULL DEFAULT '0' COMMENT '会员上传权限',
  PRIMARY KEY (`id`)
) ENGINE=MyISAM  DEFAULT CHARSET=utf8 COMMENT='网站管理' AUTO_INCREMENT=43 ;

--
-- 转存表中的数据 `qinggan_site`
--

INSERT INTO `qinggan_site` (`id`, `domain_id`, `title`, `dir`, `status`, `content`, `is_default`, `tpl_id`, `url_type`, `logo`, `meta`, `currency_id`, `register_status`, `register_close`, `login_status`, `login_close`, `adm_logo29`, `adm_logo180`, `lang`, `api`, `api_code`, `seo_title`, `seo_keywords`, `seo_desc`, `biz_sn`, `biz_payment`, `upload_guest`, `upload_user`) VALUES
(1, 1, '锟铻科技', '/phpok/', 1, '网站关闭测试', 1, 1, 'default', 'res/201409/01/27a6e141c3d265ae.jpg', '', 1, 1, '本系统暂停新会员注册，如需会员服务请联系QQ：40782502', 1, '本系统暂停会员登录，给您带来不便还请见谅！', '', '', 'cn', 0, 'wMbo#qAhsafg@c15', '网站建设|企业网站建设|PHPOK网站建设|PHPOK企业网站建设', '网站建设,企业网站建设,PHPOK网站建设,PHPOK企业网站建设', '高效的企业网站建设系统，可实现高定制化的企业网站电商系统，实现企业网站到电子商务企业网站。定制功能更高，操作更简单！', 'prefix[P]-year-month-date-rand-user-number', 0, 1, 1);

-- --------------------------------------------------------

--
-- 表的结构 `qinggan_site_domain`
--

CREATE TABLE IF NOT EXISTS `qinggan_site_domain` (
  `id` mediumint(8) unsigned NOT NULL AUTO_INCREMENT COMMENT '自增ID',
  `site_id` mediumint(8) unsigned NOT NULL COMMENT '网站ID',
  `domain` varchar(255) NOT NULL COMMENT '域名信息',
  `is_mobile` tinyint(1) unsigned NOT NULL DEFAULT '0' COMMENT '1此域名强制为手机版',
  PRIMARY KEY (`id`),
  KEY `site_id` (`site_id`)
) ENGINE=MyISAM  DEFAULT CHARSET=utf8 COMMENT='网站指定的域名' AUTO_INCREMENT=53 ;

--
-- 转存表中的数据 `qinggan_site_domain`
--

INSERT INTO `qinggan_site_domain` (`id`, `site_id`, `domain`, `is_mobile`) VALUES
(1, 1, 'localhost', 0);

-- --------------------------------------------------------

--
-- 表的结构 `qinggan_sysmenu`
--

CREATE TABLE IF NOT EXISTS `qinggan_sysmenu` (
  `id` mediumint(8) unsigned NOT NULL AUTO_INCREMENT COMMENT '自增ID号',
  `parent_id` mediumint(8) unsigned NOT NULL DEFAULT '0' COMMENT '父级ID，0为根菜单',
  `title` varchar(100) NOT NULL COMMENT '分类名称',
  `status` tinyint(1) unsigned NOT NULL DEFAULT '0' COMMENT '状态0禁用1正常',
  `appfile` varchar(100) NOT NULL COMMENT '应用文件名，放在phpok/admin/目录下，记录不带.php',
  `taxis` tinyint(3) unsigned NOT NULL DEFAULT '255' COMMENT '排序，值越小越往前靠，可选0-255',
  `func` varchar(100) NOT NULL COMMENT '应用函数，为空使用index',
  `identifier` varchar(100) NOT NULL COMMENT '标识串，用于区分同一应用文件的不同内容',
  `ext` varchar(255) NOT NULL COMMENT '表单扩展',
  `if_system` tinyint(1) unsigned NOT NULL DEFAULT '0' COMMENT '0常规项目，1系统项目',
  `site_id` mediumint(8) unsigned NOT NULL DEFAULT '0' COMMENT '0表示全局网站',
  `icon` varchar(255) NOT NULL COMMENT '图标路径',
  PRIMARY KEY (`id`)
) ENGINE=MyISAM  DEFAULT CHARSET=utf8 COMMENT='PHPOK后台系统菜单' AUTO_INCREMENT=93 ;

--
-- 转存表中的数据 `qinggan_sysmenu`
--

INSERT INTO `qinggan_sysmenu` (`id`, `parent_id`, `title`, `status`, `appfile`, `taxis`, `func`, `identifier`, `ext`, `if_system`, `site_id`, `icon`) VALUES
(1, 0, '设置', 1, 'setting', 50, '', '', '', 1, 0, ''),
(3, 0, '会员', 1, 'user', 30, '', '', '', 0, 0, ''),
(5, 0, '内容', 1, 'index', 10, '', '', '', 0, 0, ''),
(6, 1, '表单选项', 1, 'opt', 30, '', '', '', 0, 0, ''),
(7, 4, '字段维护', 1, 'fields', 20, '', '', '', 0, 0, ''),
(8, 1, '模块管理', 1, 'module', 20, '', '', '', 0, 0, 'newtab'),
(9, 1, '核心配置', 1, 'system', 50, '', '', '', 1, 0, ''),
(13, 3, '会员列表', 1, 'user', 10, '', '', '', 0, 0, 'newtab'),
(14, 3, '会员组', 1, 'usergroup', 20, '', '', '', 0, 0, ''),
(25, 3, '会员字段', 1, 'user', 30, 'fields', '', '', 0, 0, ''),
(16, 4, '插件中心', 1, 'plugin', 30, '', '', '', 0, 0, 'newtab'),
(18, 5, '分类管理', 1, 'cate', 30, '', '', '', 0, 0, 'newtab'),
(19, 5, '全局内容', 1, 'all', 10, '', '', '', 0, 0, ''),
(20, 5, '内容管理', 1, 'list', 20, '', '', '', 0, 0, 'newtab'),
(22, 5, '资源管理', 1, 'res', 60, '', '', '', 0, 0, 'newtab'),
(23, 5, '数据调用', 1, 'call', 40, '', '', '', 0, 0, 'newtab'),
(27, 1, '项目管理', 1, 'project', 10, '', '', '', 0, 0, 'newtab'),
(28, 4, '通知模板', 1, 'email', 40, '', '', '', 0, 0, ''),
(29, 1, '管理员维护', 1, 'admin', 80, '', '', '', 0, 0, ''),
(30, 1, '风格管理', 1, 'tpl', 60, '', '', '', 0, 0, 'newtab'),
(31, 1, '站点管理', 1, 'site', 90, '', '', '', 0, 0, ''),
(32, 5, '评论管理', 1, 'reply', 50, '', '', '', 0, 0, 'newtab'),
(33, 2, '货币及汇率', 1, 'currency', 30, '', '', '', 0, 0, ''),
(34, 2, '订单管理', 1, 'order', 10, '', '', '', 0, 0, 'newtab'),
(4, 0, '工具', 1, 'tool', 40, '', '', '', 0, 0, ''),
(45, 4, '程序升级', 1, 'update', 10, '', '', '', 0, 0, 'newtab'),
(2, 0, '商务', 1, '', 20, '', '', '', 1, 0, ''),
(52, 2, '付款方案', 1, 'payment', 20, '', '', '', 0, 0, ''),
(57, 1, '数据库管理', 1, 'sql', 100, '', '', '', 0, 0, ''),
(58, 5, '标签管理', 1, 'tag', 70, '', '', '', 0, 0, 'newtab'),
(59, 1, '伪静态页规则', 1, 'rewrite', 70, '', '', '', 0, 0, ''),
(62, 4, '附件分类管理', 1, 'rescate', 120, '', '', '', 0, 0, ''),
(63, 4, '图片规格方案', 1, 'gd', 130, '', '', '', 0, 0, ''),
(66, 3, '财富方案', 1, 'wealth', 40, '', '', '', 0, 0, ''),
(67, 2, '商品属性', 1, 'options', 40, '', '', '', 0, 0, ''),
(68, 2, '运费模板', 1, 'freight', 50, '', '', '', 0, 0, ''),
(78, 4, '网关路由', 1, 'gateway', 110, '', '', '', 0, 0, ''),
(77, 2, '物流快递', 1, 'express', 50, '', '', '', 0, 0, ''),
(80, 4, '计划任务', 1, 'task', 140, '', '', '', 0, 0, ''),
(87, 1, '日志', 1, 'log', 110, '', '', '', 0, 1, ''),
(88, 3, '会员地址库', 1, 'address', 50, '', '', '', 0, 1, ''),
(92, 5, '报表统计', 1, 'report', 80, '', '', '', 0, 1, 'newtab');

-- --------------------------------------------------------

--
-- 表的结构 `qinggan_tag`
--

CREATE TABLE IF NOT EXISTS `qinggan_tag` (
  `id` mediumint(8) unsigned NOT NULL AUTO_INCREMENT COMMENT 'id',
  `site_id` int(10) unsigned NOT NULL DEFAULT '0' COMMENT '站点ID',
  `title` varchar(255) NOT NULL COMMENT '名称',
  `url` varchar(255) NOT NULL COMMENT '关键字网址',
  `target` tinyint(1) NOT NULL DEFAULT '0' COMMENT '0原窗口打开，1新窗口打开',
  `hits` int(10) unsigned NOT NULL DEFAULT '0' COMMENT '点击次数',
  `alt` varchar(255) NOT NULL COMMENT '链接里的提示',
  `is_global` tinyint(1) NOT NULL DEFAULT '0' COMMENT '是否全局状态1是0否',
  `replace_count` tinyint(4) NOT NULL DEFAULT '3' COMMENT '替换次数',
  PRIMARY KEY (`id`)
) ENGINE=MyISAM  DEFAULT CHARSET=utf8 COMMENT='关键字管理器' AUTO_INCREMENT=69 ;

--
-- 转存表中的数据 `qinggan_tag`
--

INSERT INTO `qinggan_tag` (`id`, `site_id`, `title`, `url`, `target`, `hits`, `alt`, `is_global`, `replace_count`) VALUES
(63, 1, '新闻', '', 0, 0, '', 0, 3),
(64, 1, '资讯', '', 0, 0, '', 0, 3),
(65, 1, '自检清单', '', 0, 0, '', 0, 3),
(66, 1, '必应', '', 0, 0, '', 0, 3),
(67, 1, '谷歌', '', 0, 0, '', 0, 3),
(68, 1, '测试', '', 0, 0, '', 0, 3);

-- --------------------------------------------------------

--
-- 表的结构 `qinggan_tag_stat`
--

CREATE TABLE IF NOT EXISTS `qinggan_tag_stat` (
  `title_id` varchar(200) NOT NULL COMMENT '主题ID，以p开头的表示项目ID，以c开头的表示分类ID',
  `tag_id` int(10) unsigned NOT NULL DEFAULT '0' COMMENT 'TAG标签ID',
  PRIMARY KEY (`title_id`,`tag_id`),
  KEY `title_id` (`title_id`),
  KEY `tag_id` (`tag_id`)
) ENGINE=MyISAM DEFAULT CHARSET=utf8 COMMENT='Tag主题统计';

--
-- 转存表中的数据 `qinggan_tag_stat`
--

INSERT INTO `qinggan_tag_stat` (`title_id`, `tag_id`) VALUES
('p397', 68),
('p43', 63),
('p43', 64);

-- --------------------------------------------------------

--
-- 表的结构 `qinggan_task`
--

CREATE TABLE IF NOT EXISTS `qinggan_task` (
  `id` int(10) unsigned NOT NULL AUTO_INCREMENT COMMENT '自增ID',
  `year` varchar(9) NOT NULL COMMENT '年份',
  `month` varchar(5) NOT NULL COMMENT '月',
  `day` varchar(5) NOT NULL COMMENT '日',
  `hour` varchar(5) NOT NULL COMMENT '时',
  `minute` varchar(5) NOT NULL COMMENT '分',
  `second` varchar(5) NOT NULL COMMENT '秒',
  `exec_time` int(10) unsigned NOT NULL DEFAULT '0' COMMENT '开始执行时间',
  `stop_time` int(10) unsigned NOT NULL DEFAULT '0' COMMENT '结束时间',
  `action` varchar(100) NOT NULL COMMENT '执行动作脚本',
  `param` varchar(255) NOT NULL COMMENT '参数',
  `only_once` tinyint(1) NOT NULL DEFAULT '0' COMMENT '1表示仅执行一次',
  `is_lock` tinyint(1) NOT NULL DEFAULT '0' COMMENT '0未锁定1已锁定',
  PRIMARY KEY (`id`)
) ENGINE=MyISAM  DEFAULT CHARSET=utf8 COMMENT='计划任务' AUTO_INCREMENT=122 ;

--
-- 转存表中的数据 `qinggan_task`
--

INSERT INTO `qinggan_task` (`id`, `year`, `month`, `day`, `hour`, `minute`, `second`, `exec_time`, `stop_time`, `action`, `param`, `only_once`, `is_lock`) VALUES
(15, '*', '*', '*', '*', '42', '*', 1505529723, 1505529723, 'expired', '', 0, 0);

-- --------------------------------------------------------

--
-- 表的结构 `qinggan_tpl`
--

CREATE TABLE IF NOT EXISTS `qinggan_tpl` (
  `id` mediumint(8) unsigned NOT NULL AUTO_INCREMENT COMMENT '自增ID',
  `title` varchar(100) NOT NULL COMMENT '模板名称',
  `author` varchar(100) NOT NULL COMMENT '开发者名称',
  `folder` varchar(100) NOT NULL DEFAULT 'www' COMMENT '模板目录',
  `refresh_auto` tinyint(1) NOT NULL DEFAULT '1' COMMENT '1自动判断更新刷新0不刷新',
  `refresh` tinyint(1) NOT NULL DEFAULT '0' COMMENT '1强制刷新0普通刷新',
  `ext` varchar(20) NOT NULL DEFAULT 'html' COMMENT '后缀',
  `folder_change` varchar(255) NOT NULL COMMENT '更改目录',
  `phpfolder` varchar(200) NOT NULL COMMENT 'PHP执行文件目录',
  PRIMARY KEY (`id`)
) ENGINE=MyISAM  DEFAULT CHARSET=utf8 COMMENT='模板管理' AUTO_INCREMENT=19 ;

--
-- 转存表中的数据 `qinggan_tpl`
--

INSERT INTO `qinggan_tpl` (`id`, `title`, `author`, `folder`, `refresh_auto`, `refresh`, `ext`, `folder_change`, `phpfolder`) VALUES
(1, '默认风格', 'phpok.com', 'www', 1, 0, 'html', 'css,images,js', 'phpinc'),
(18, 'English', 'phpok.com', 'en', 1, 0, 'html', 'css,js,images', 'phpinc');

-- --------------------------------------------------------

--
-- 表的结构 `qinggan_user`
--

CREATE TABLE IF NOT EXISTS `qinggan_user` (
  `id` mediumint(8) unsigned NOT NULL AUTO_INCREMENT COMMENT '自增ID，即会员ID',
  `group_id` mediumint(8) unsigned NOT NULL DEFAULT '0' COMMENT '主要会员组',
  `user` varchar(100) NOT NULL COMMENT '会员账号',
  `pass` varchar(100) NOT NULL COMMENT '会员密码',
  `status` tinyint(3) unsigned NOT NULL DEFAULT '0' COMMENT '状态ID，0未审核1正常2锁定',
  `regtime` int(10) unsigned NOT NULL DEFAULT '0' COMMENT '注册时间',
  `email` varchar(200) NOT NULL COMMENT '邮箱，可用于取回密码',
  `mobile` varchar(50) NOT NULL COMMENT '手机或电话',
  `code` varchar(255) NOT NULL COMMENT '验证串，可用于取回密码',
  `avatar` varchar(255) NOT NULL COMMENT '会员头像',
  PRIMARY KEY (`id`)
) ENGINE=MyISAM  DEFAULT CHARSET=utf8 COMMENT='会员管理' AUTO_INCREMENT=32 ;

--
-- 转存表中的数据 `qinggan_user`
--

INSERT INTO `qinggan_user` (`id`, `group_id`, `user`, `pass`, `status`, `regtime`, `email`, `mobile`, `code`, `avatar`) VALUES
(23, 2, 'admin', 'e0ae361b631ce089a16f4a4c8cc8d033:5a', 1, 1438668082, '40782502@qq.com', '15818533971', '', 'res/201604/03/0143658fa7928c1c.jpg'),
(24, 2, 'seika', '51e87180975db1b7c59a02b4b6bc3c99:3e', 1, 1439398782, 'admin@phpok.com', '15818533972', '', ''),
(25, 2, 'demo', 'edd2f2aac34c1bb0c746876bfae9fbf8:ac', 1, 1469963807, 'demo@demo.com', '', '', ''),
(26, 2, 'd2', 'defe12aad396f90e6b179c239de260d4:ab', 1, 1469963896, 'ddd@ddd.com', '', '', ''),
(27, 2, 'suxiangkun', 'e8eb7ea7212ace80bbc98aa93a17904e:35', 1, 1470033757, 'suxiangkun@126.com', '', '', ''),
(28, 2, '18928475010', '44e8f70e59e6b6a2472c241d351428a7:ed', 1, 1481105125, '', '18928475010', '8536-1481439164', ''),
(29, 2, 'WX148480971245', 'a6c26f6a231a66b61b410d828f4ab454:03', 1, 1484809712, '', '', '', 'http://wx.qlogo.cn/mmopen/C5MIGaMvBHLg44Juo7PFGnV1Viavz6NnCQcO0UnN7tW6vXLnibFEWpSnoWrpwJnljrfibboQiaric4O8DV8iaNcng1uCjboibkmUXQz/0'),
(30, 7, 'Xiangkun Su', 'fbba68c30cf6807deb9eaae82e4fdea2:5f', 1, 1497592640, '', '', '', ''),
(31, 2, 'demo123', 'a6c742c087858b436686c019306f0bb9:c3', 1, 1504764209, 'de@dd.com', '147258369', '', '');

-- --------------------------------------------------------

--
-- 表的结构 `qinggan_user_address`
--

CREATE TABLE IF NOT EXISTS `qinggan_user_address` (
  `id` int(10) unsigned NOT NULL AUTO_INCREMENT COMMENT '自增ID',
  `user_id` int(10) unsigned NOT NULL DEFAULT '0' COMMENT '会员ID',
  `country` varchar(255) NOT NULL DEFAULT '中国' COMMENT '国家',
  `province` varchar(255) NOT NULL COMMENT '省信息',
  `city` varchar(255) NOT NULL COMMENT '市',
  `county` varchar(255) NOT NULL COMMENT '县',
  `address` varchar(255) NOT NULL COMMENT '地址信息（不含国家，省市县镇区信息）',
  `mobile` varchar(100) NOT NULL COMMENT '手机号码',
  `tel` varchar(100) NOT NULL COMMENT '电话号码',
  `email` varchar(100) NOT NULL COMMENT '邮箱',
  `fullname` varchar(100) NOT NULL COMMENT '联系人姓名',
  `zipcode` varchar(50) NOT NULL COMMENT '邮编',
  `is_default` tinyint(1) NOT NULL DEFAULT '0' COMMENT '1表示默认地址，0为常规',
  PRIMARY KEY (`id`)
) ENGINE=MyISAM  DEFAULT CHARSET=utf8 COMMENT='会员地址库' AUTO_INCREMENT=5 ;

--
-- 转存表中的数据 `qinggan_user_address`
--

INSERT INTO `qinggan_user_address` (`id`, `user_id`, `country`, `province`, `city`, `county`, `address`, `mobile`, `tel`, `email`, `fullname`, `zipcode`, `is_default`) VALUES
(2, 23, '中国', '广东省', '深圳市', '龙华新区', '民治大道325号东边商务大楼13层1309室', '15818533971', '0755-23776246', 'admin@phpok.com', '苏相锟', '', 0),
(3, 23, '中国', '广东', '深圳', '龙华', '民治大道325号东边商务大楼13层1309室', '15818533971', '0755-23776246', 'admin@phpok.com', '苏相锟', '518000', 0),
(4, 27, '中国', '广东', '深圳', '龙华', '测试用的', '15818533971', '0755-23776246', 'admin@phpok.com', 'seika', '518000', 0);

-- --------------------------------------------------------

--
-- 表的结构 `qinggan_user_ext`
--

CREATE TABLE IF NOT EXISTS `qinggan_user_ext` (
  `id` int(10) unsigned NOT NULL COMMENT '会员ID',
  `fullname` varchar(255) NOT NULL DEFAULT '' COMMENT '姓名',
  `gender` varchar(255) NOT NULL DEFAULT '' COMMENT '性别',
  PRIMARY KEY (`id`)
) ENGINE=MyISAM DEFAULT CHARSET=utf8 COMMENT='会员扩展字段';

--
-- 转存表中的数据 `qinggan_user_ext`
--

INSERT INTO `qinggan_user_ext` (`id`, `fullname`, `gender`) VALUES
(23, '苏相锟aa', '1'),
(0, 'demo', ''),
(24, '', ''),
(25, '', ''),
(26, '', ''),
(27, '', ''),
(28, '', ''),
(29, 'phpok.com-苏相锟', '1'),
(30, 'Xiangkun Su', ''),
(31, 'Su', '');

-- --------------------------------------------------------

--
-- 表的结构 `qinggan_user_fields`
--

CREATE TABLE IF NOT EXISTS `qinggan_user_fields` (
  `id` mediumint(8) unsigned NOT NULL AUTO_INCREMENT COMMENT '字段ID，自增',
  `title` varchar(255) NOT NULL COMMENT '字段名称',
  `identifier` varchar(50) NOT NULL COMMENT '字段标识串',
  `field_type` varchar(255) NOT NULL DEFAULT '200' COMMENT '字段存储类型',
  `note` varchar(255) NOT NULL COMMENT '字段内容备注',
  `form_type` varchar(100) NOT NULL COMMENT '表单类型',
  `form_style` varchar(255) NOT NULL COMMENT '表单CSS',
  `format` varchar(100) NOT NULL COMMENT '格式化方式',
  `content` varchar(255) NOT NULL COMMENT '默认值',
  `taxis` tinyint(3) unsigned NOT NULL DEFAULT '255' COMMENT '排序',
  `ext` text NOT NULL COMMENT '扩展内容',
  `is_edit` tinyint(1) NOT NULL DEFAULT '0' COMMENT '0不可编辑1可编辑',
  PRIMARY KEY (`id`)
) ENGINE=MyISAM  DEFAULT CHARSET=utf8 COMMENT='字段管理器' AUTO_INCREMENT=28 ;

--
-- 转存表中的数据 `qinggan_user_fields`
--

INSERT INTO `qinggan_user_fields` (`id`, `title`, `identifier`, `field_type`, `note`, `form_type`, `form_style`, `format`, `content`, `taxis`, `ext`, `is_edit`) VALUES
(21, '姓名', 'fullname', 'varchar', '', 'text', '', 'safe', '', 10, 'a:2:{s:8:"form_btn";b:0;s:5:"width";s:3:"300";}', 1),
(22, '性别', 'gender', 'varchar', '', 'radio', '', 'safe', '', 15, 'a:3:{s:11:"option_list";s:5:"opt:1";s:9:"put_order";s:1:"0";s:10:"ext_select";s:0:"";}', 1);

-- --------------------------------------------------------

--
-- 表的结构 `qinggan_user_group`
--

CREATE TABLE IF NOT EXISTS `qinggan_user_group` (
  `id` int(10) unsigned NOT NULL AUTO_INCREMENT COMMENT '会员组ID',
  `title` varchar(255) NOT NULL COMMENT '会员组名称',
  `status` tinyint(1) unsigned NOT NULL DEFAULT '1' COMMENT '0不使用1使用',
  `is_default` tinyint(1) unsigned NOT NULL DEFAULT '0' COMMENT '1为会员注册默认组',
  `is_guest` tinyint(1) NOT NULL DEFAULT '0' COMMENT '游客组',
  `is_open` tinyint(1) unsigned NOT NULL DEFAULT '0' COMMENT '1开放供用户选择，0不开放',
  `taxis` tinyint(3) unsigned NOT NULL DEFAULT '255' COMMENT '排序',
  `register_status` varchar(100) NOT NULL COMMENT '1通过0审核email邮件code邀请码mobile手机',
  `tbl_id` mediumint(8) unsigned NOT NULL DEFAULT '0' COMMENT '关联验证串项目',
  `fields` text NOT NULL COMMENT '会员字段，多个字段用英文逗号隔开',
  `popedom` longtext NOT NULL COMMENT '权限，包括读写及评论审核',
  PRIMARY KEY (`id`)
) ENGINE=MyISAM  DEFAULT CHARSET=utf8 COMMENT='会员组信息管理' AUTO_INCREMENT=8 ;

--
-- 转存表中的数据 `qinggan_user_group`
--

INSERT INTO `qinggan_user_group` (`id`, `title`, `status`, `is_default`, `is_guest`, `is_open`, `taxis`, `register_status`, `tbl_id`, `fields`, `popedom`) VALUES
(2, '普通会员', 1, 1, 0, 0, 10, '', 0, '', 'a:2:{i:1;s:266:"read:43,read:87,read:41,read:42,read:147,read:45,read:150,read:96,post:96,read:144,read:151,read:152,post:152,post1:152,reply:152,reply1:152,read:142,post:142,read:148,read:386,post:386,read:389,read:390,read:391,read:392,read:393,read:394,read:395,read:396,read:397";i:33;s:57:"read:384,post:384,reply:384,post1:384,reply1:384,read:385";}'),
(3, '游客组', 1, 0, 1, 0, 200, '', 0, '', 'a:2:{i:1;s:555:"read:149,read:87,read:90,read:146,read:92,read:93,read:43,read:41,read:42,read:147,read:45,read:150,read:96,post:96,read:144,read:151,read:152,read:142,post:142,read:148,read:153,read:156,read:157,read:158,post:158,post1:158,read:159,read:160,post:160,reply:160,post1:160,reply1:160,read:161,post:161,reply:161,post1:161,reply1:161,read:162,post:162,reply:162,post1:162,reply1:162,read:163,read:164,post:164,reply:164,post1:164,reply1:164,read:165,read:166,read:386,post:386,read:389,read:390,read:391,read:392,read:393,read:394,read:395,read:396,read:397";i:33;s:57:"read:384,post:384,reply:384,post1:384,reply1:384,read:385";}'),
(7, 'VIP会员', 1, 0, 0, 0, 255, '0', 0, 'fullname,gender', 'a:1:{i:1;s:251:"read:43,read:87,read:41,read:42,read:147,read:45,read:150,read:96,post:96,post1:96,reply:96,reply1:96,read:144,read:151,read:152,post:152,post1:152,reply:152,reply1:152,read:142,post:142,post1:142,read:148,read:386,post:386,post1:386,read:396,read:397";}');

-- --------------------------------------------------------

--
-- 表的结构 `qinggan_user_relation`
--

CREATE TABLE IF NOT EXISTS `qinggan_user_relation` (
  `uid` int(10) unsigned NOT NULL DEFAULT '0' COMMENT '用户ID',
  `introducer` int(10) unsigned NOT NULL DEFAULT '0' COMMENT '介绍人ID',
  `dateline` int(10) unsigned NOT NULL DEFAULT '0' COMMENT '介绍时间'
) ENGINE=MyISAM DEFAULT CHARSET=utf8 COMMENT='会员介绍关系图';

--
-- 转存表中的数据 `qinggan_user_relation`
--

INSERT INTO `qinggan_user_relation` (`uid`, `introducer`, `dateline`) VALUES
(24, 23, 1439398782),
(25, 23, 1469963807),
(26, 24, 1469963896),
(31, 23, 1504764209);

-- --------------------------------------------------------

--
-- 表的结构 `qinggan_wealth`
--

CREATE TABLE IF NOT EXISTS `qinggan_wealth` (
  `id` int(10) unsigned NOT NULL AUTO_INCREMENT COMMENT '财富ID',
  `site_id` int(10) unsigned NOT NULL DEFAULT '0' COMMENT '站点ID',
  `title` varchar(100) NOT NULL COMMENT '财产名称',
  `identifier` varchar(100) NOT NULL COMMENT '标识，仅限英文字符',
  `unit` varchar(100) NOT NULL COMMENT '单位名称',
  `dnum` tinyint(1) NOT NULL DEFAULT '0' COMMENT '保留几位小数，为0表示只取整数',
  `ifpay` tinyint(1) NOT NULL DEFAULT '0' COMMENT '是否支持充值',
  `pay_ratio` float unsigned NOT NULL DEFAULT '0' COMMENT '兑换比例，即1元可以兑换多少，为0不支持充值，为1表示1：1，不支持小数',
  `status` tinyint(1) NOT NULL DEFAULT '0' COMMENT '0不使用1使用',
  `taxis` tinyint(3) unsigned NOT NULL DEFAULT '255' COMMENT '排序，0-255，越小越往前靠',
  `ifcash` tinyint(1) unsigned NOT NULL DEFAULT '0' COMMENT '是否抵现，即允许财富当现金使用',
  `cash_ratio` float unsigned NOT NULL DEFAULT '0' COMMENT '抵现比例，即100财富值可抵用多少元',
  `ifcheck` tinyint(1) NOT NULL DEFAULT '0' COMMENT '是否审核，为1时表示获取到的财富需要管理员审核后才行',
  `min_val` float unsigned NOT NULL DEFAULT '0' COMMENT '最低使用值',
  PRIMARY KEY (`id`)
) ENGINE=MyISAM  DEFAULT CHARSET=utf8 COMMENT='财富类型' AUTO_INCREMENT=6 ;

--
-- 转存表中的数据 `qinggan_wealth`
--

INSERT INTO `qinggan_wealth` (`id`, `site_id`, `title`, `identifier`, `unit`, `dnum`, `ifpay`, `pay_ratio`, `status`, `taxis`, `ifcash`, `cash_ratio`, `ifcheck`, `min_val`) VALUES
(1, 1, '积分', 'integral', '点', 2, 0, 0, 1, 10, 1, 1, 0, 100),
(2, 1, '钱包', 'wallet', '元', 2, 1, 1, 1, 20, 1, 100, 1, 0),
(5, 1, '红包', 'redbao', '个', 2, 0, 0, 1, 30, 1, 1, 0, 100);

-- --------------------------------------------------------

--
-- 表的结构 `qinggan_wealth_info`
--

CREATE TABLE IF NOT EXISTS `qinggan_wealth_info` (
  `wid` int(10) unsigned NOT NULL DEFAULT '0' COMMENT '方案ID',
  `uid` int(10) unsigned NOT NULL DEFAULT '0' COMMENT '主题ID或会员ID或分类ID或项目ID',
  `lasttime` int(11) NOT NULL DEFAULT '0' COMMENT '最后一次更新时间',
  `val` float unsigned NOT NULL DEFAULT '0' COMMENT '最小财富为0，不考虑负数情况',
  PRIMARY KEY (`wid`,`uid`)
) ENGINE=MyISAM DEFAULT CHARSET=utf8 COMMENT='财富内容';

--
-- 转存表中的数据 `qinggan_wealth_info`
--

INSERT INTO `qinggan_wealth_info` (`wid`, `uid`, `lasttime`, `val`) VALUES
(1, 23, 1508737010, 613),
(1, 24, 1479890664, 2007.8),
(1, 25, 1470021972, 55),
(1, 0, 1469963896, 5),
(1, 26, 1476354571, 3338),
(1, 27, 1476354482, 3293),
(2, 23, 1508572947, 538),
(5, 23, 1508572939, 65),
(1, 28, 1481105324, 5),
(1, 29, 1493900979, 12),
(1, 31, 1504764469, 5),
(2, 24, 1508572903, 150),
(2, 25, 1508572911, 100),
(2, 29, 1508572921, 89),
(5, 27, 1508572931, 18);

-- --------------------------------------------------------

--
-- 表的结构 `qinggan_wealth_log`
--

CREATE TABLE IF NOT EXISTS `qinggan_wealth_log` (
  `id` int(10) unsigned NOT NULL AUTO_INCREMENT COMMENT '自增ID',
  `wid` int(10) unsigned NOT NULL DEFAULT '0' COMMENT '财富ID',
  `rule_id` int(10) unsigned NOT NULL DEFAULT '0' COMMENT '规则ID',
  `goal_id` int(10) unsigned NOT NULL DEFAULT '0' COMMENT '目标会员ID',
  `mid` varchar(100) NOT NULL COMMENT '主键ID关联',
  `val` float NOT NULL DEFAULT '0' COMMENT '不带负号表示增加，带负号表示减去',
  `note` varchar(255) NOT NULL COMMENT '操作摘要',
  `appid` enum('admin','www','api') NOT NULL DEFAULT 'www' COMMENT '来自哪个接口',
  `dateline` int(11) NOT NULL DEFAULT '0' COMMENT '写入时间',
  `user_id` int(10) unsigned NOT NULL DEFAULT '0' COMMENT '会员ID，为0非会员',
  `admin_id` int(10) unsigned NOT NULL DEFAULT '0' COMMENT '管理员ID，为0非管理员',
  `ctrlid` varchar(100) NOT NULL COMMENT '控制器ID',
  `funcid` varchar(100) NOT NULL COMMENT '方法ID',
  `url` varchar(255) NOT NULL COMMENT '执行的URL',
  `status` tinyint(1) NOT NULL DEFAULT '0' COMMENT '0未审核1已审核',
  PRIMARY KEY (`id`)
) ENGINE=MyISAM  DEFAULT CHARSET=utf8 COMMENT='财富获取或消耗日志' AUTO_INCREMENT=150 ;

--
-- 转存表中的数据 `qinggan_wealth_log`
--

INSERT INTO `qinggan_wealth_log` (`id`, `wid`, `rule_id`, `goal_id`, `mid`, `val`, `note`, `appid`, `dateline`, `user_id`, `admin_id`, `ctrlid`, `funcid`, `url`, `status`) VALUES
(1, 1, 5, 23, '', 5, '会员登录', 'www', 1469445274, 23, 1, 'login', 'ok', '', 1),
(2, 1, 5, 24, '', 5, '会员登录', 'www', 1469445374, 24, 1, 'login', 'ok', '', 1),
(3, 1, 5, 23, '', 5, '会员登录', 'www', 1469963756, 23, 1, 'login', 'ok', '', 1),
(4, 1, 2, 25, '', 50, '会员注册', 'api', 1469963807, 0, 1, 'register', 'save', '', 1),
(5, 1, 4, 23, '', 20, '会员注册', 'api', 1469963807, 0, 1, 'register', 'save', '', 1),
(6, 1, 16, 0, '', 10, '会员注册', 'api', 1469963807, 0, 1, 'register', 'save', '', 1),
(7, 1, 17, 0, '', 5, '会员注册', 'api', 1469963807, 0, 1, 'register', 'save', '', 1),
(8, 1, 5, 24, '', 5, '会员登录', 'www', 1469963859, 24, 1, 'login', 'ok', '', 1),
(9, 1, 2, 26, '', 50, '会员注册', 'api', 1469963896, 0, 1, 'register', 'save', '', 1),
(10, 1, 4, 24, '', 20, '会员注册', 'api', 1469963896, 0, 1, 'register', 'save', '', 1),
(11, 1, 16, 23, '', 10, '会员注册', 'api', 1469963896, 0, 1, 'register', 'save', '', 1),
(12, 1, 17, 0, '', 5, '会员注册', 'api', 1469963896, 0, 1, 'register', 'save', '', 1),
(13, 1, 5, 25, '', 5, '会员登录', 'www', 1470021972, 25, 1, 'login', 'ok', '', 1),
(14, 1, 5, 27, '', 5, '会员登录', 'www', 1470033786, 27, 1, 'login', 'ok', '', 1),
(15, 1, 5, 23, '', 5, '会员登录', 'www', 1470033869, 23, 1, 'login', 'ok', '', 1),
(16, 1, 5, 23, '', 5, '会员登录', 'www', 1470103517, 23, 0, 'login', 'ok', '', 1),
(17, 2, 0, 23, '', 10, '管理员操作：充值测试', 'admin', 1470117181, 0, 1, 'wealth', 'val', 'admin.php...', 1),
(18, 1, 5, 23, '', 5, '会员登录', 'www', 1470207495, 23, 1, 'login', 'ok', '', 1),
(19, 1, 5, 23, '', 5, '会员登录', 'www', 1470292107, 23, 0, 'login', 'ok', '', 1),
(20, 1, 5, 23, '', 5, '会员登录', 'www', 1471330852, 23, 1, 'login', 'ok', '', 1),
(21, 2, 0, 23, '', -10, '财富抵现', 'www', 1471334587, 23, 0, 'payment', 'create', 'index.php', 1),
(22, 2, 0, 23, '', 10, '管理员操作：测试', 'admin', 1471334841, 0, 1, 'wealth', 'val', 'admin.php...', 1),
(23, 2, 0, 23, '', -10, '财富抵现', 'www', 1471334856, 23, 0, 'payment', 'create', 'index.php', 1),
(24, 2, 0, 23, '', 15, '管理员操作：充值', 'admin', 1471335089, 0, 1, 'wealth', 'val', 'admin.php...', 1),
(25, 2, 0, 23, '', -15, '财富抵现', 'www', 1471335103, 23, 0, 'payment', 'create', 'index.php', 1),
(26, 2, 0, 23, '', 11, '管理员操作：1111', 'admin', 1471335226, 0, 1, 'wealth', 'val', 'admin.php...', 1),
(27, 2, 0, 23, '', -11, '财富抵现', 'www', 1471335239, 23, 0, 'payment', 'create', 'index.php', 1),
(28, 1, 5, 23, '', 5, '会员登录', 'www', 1471405281, 23, 0, 'login', 'ok', '', 1),
(29, 1, 5, 23, '', 5, '会员登录', 'www', 1471592328, 23, 1, 'login', 'ok', '', 1),
(30, 1, 5, 23, '', 5, '会员登录', 'www', 1472782400, 23, 0, 'login', 'ok', '', 1),
(31, 1, 5, 23, '', 5, '会员登录', 'www', 1473056543, 23, 0, 'login', 'ok', '', 1),
(32, 1, 5, 23, '', 5, '会员登录', 'www', 1473130556, 23, 1, 'login', 'ok', '', 1),
(33, 1, 5, 23, '', 5, '会员登录', 'www', 1473299105, 23, 0, 'login', 'ok', '', 1),
(34, 1, 5, 23, '', 5, '会员登录', 'www', 1473553301, 23, 0, 'login', 'ok', '', 1),
(35, 1, 5, 23, '', 5, '会员登录', 'www', 1473660827, 23, 0, 'login', 'ok', '', 1),
(36, 1, 0, 23, '', -105, '财富抵现', 'www', 1473660928, 23, 0, 'payment', 'create', 'index.php', 1),
(37, 1, 5, 23, '', 5, '会员登录', 'www', 1474273355, 23, 1, 'login', 'ok', '', 1),
(38, 1, 14, 23, '13', 0, '订单完成赚送积分', 'admin', 1476352896, 0, 1, 'order', 'end', '', 1),
(39, 1, 14, 23, '14', 0, '订单完成赚送积分', 'admin', 1476354262, 0, 1, 'order', 'end', '', 1),
(40, 1, 14, 23, '15', 0, '订单完成赚送积分', 'admin', 1476354313, 0, 1, 'order', 'end', '', 1),
(41, 1, 14, 23, '16', 3288, '订单完成赚送积分', 'admin', 1476354424, 0, 1, 'order', 'end', '', 1),
(42, 1, 14, 27, '17', 3288, '订单完成赚送积分', 'admin', 1476354482, 0, 1, 'order', 'end', '', 1),
(43, 1, 14, 26, '18', 3288, '订单完成赚送积分', 'admin', 1476354571, 0, 1, 'order', 'end', '', 1),
(44, 1, 18, 24, '18', 1973, '订单完成赚送积分', 'admin', 1476354571, 0, 1, 'order', 'end', '', 1),
(45, 1, 19, 23, '18', 986, '订单完成赚送积分', 'admin', 1476354571, 0, 1, 'order', 'end', '', 1),
(46, 1, 5, 23, '', 5, '会员登录', 'www', 1477989431, 23, 0, 'login', 'ok', '', 1),
(47, 1, 0, 23, '', -4284, '财富抵现', 'www', 1477989527, 23, 0, 'payment', 'create', 'index.php', 1),
(48, 1, 5, 23, '', 5, '会员登录', 'api', 1479815656, 23, 0, 'login', 'sms', '', 1),
(49, 1, 5, 23, '', 5, '会员登录', 'api', 1479889514, 23, 0, 'login', 'sms', '', 1),
(50, 1, 5, 24, '', 5, '会员登录', 'api', 1479890664, 24, 0, 'login', 'email', '', 1),
(51, 1, 5, 23, '', 5, '会员登录', 'www', 1479967659, 23, 0, 'login', 'ok', '', 1),
(52, 1, 5, 23, '', 5, '会员登录', 'www', 1480061079, 23, 0, 'login', 'ok', '', 1),
(53, 1, 5, 23, '', 5, '会员登录', 'www', 1480127150, 23, 0, 'login', 'ok', '', 1),
(54, 2, 0, 23, '', 100, '管理员操作：测试支付', 'admin', 1480128296, 0, 1, 'wealth', 'val', 'admin.php...', 1),
(55, 1, 0, 23, '', 100, '管理员操作：赠送积分', 'admin', 1480128318, 0, 1, 'wealth', 'val', 'admin.php...', 1),
(56, 1, 5, 23, '', 5, '会员登录', 'www', 1480214937, 23, 0, 'login', 'ok', '', 1),
(57, 5, 0, 23, '', 150, '管理员操作：测试', 'admin', 1480223010, 0, 1, 'wealth', 'val', 'admin.php...', 1),
(58, 2, 0, 23, '', -8, '支付订单：P2016091173U00023003', 'www', 1480247421, 23, 0, 'payment', 'create', 'index.php', 1),
(59, 1, 5, 23, '', 5, '会员登录', 'www', 1480312041, 23, 0, 'login', 'ok', '', 1),
(60, 1, 12, 23, '1760', 1, '阅读：魅族 MX5 移动联通双4G手机 双卡双待', 'www', 1480328563, 23, 0, 'content', 'index', '', 1),
(61, 1, 12, 23, '1803', 1, '阅读：测试视频录入', 'www', 1480328634, 23, 0, 'content', 'index', '', 1),
(62, 1, 13, 23, '1803', 5, '管理员审核评论：', 'admin', 1480328772, 0, 1, 'reply', 'status', '', 1),
(63, 1, 12, 23, '1369', 1, '阅读：金山 WPS - 免费正版办公软件(支持Win/Linux/手机)', 'www', 1480329267, 23, 0, 'content', 'index', '', 1),
(64, 1, 13, 23, '1369', 5, '管理员审核评论#40', 'admin', 1480329307, 0, 1, 'reply', 'status', '', 1),
(65, 1, 12, 23, '1368', 1, '阅读：EverEdit - 值得关注的代码编辑器', 'www', 1480329320, 23, 0, 'content', 'index', '', 1),
(66, 1, 13, 23, '1368', 5, '管理员编辑评论#41', 'admin', 1480329350, 0, 1, 'reply', 'edit_save', '', 1),
(67, 1, 15, 23, '1810', 10, '管理员编辑主题发布：测试留言', 'admin', 1480329586, 0, 1, 'list', 'ok', '', 1),
(68, 1, 5, 23, '', 5, '会员登录', 'www', 1480390470, 23, 0, 'login', 'ok', '', 1),
(69, 2, 0, 23, '', -48, '支付订单：P2016112948U00023001', 'www', 1480395168, 23, 0, 'payment', 'create', 'index.php', 1),
(70, 1, 12, 23, '1763', 1, '阅读#1763', 'www', 1480395259, 23, 0, 'content', 'index', '', 1),
(71, 1, 14, 23, '22', 48, '订单完成赚送积分', 'admin', 1480395292, 0, 1, 'order', 'end', '', 1),
(72, 1, 0, 23, '', -100, '财富（积分）抵现', 'www', 1480395663, 23, 0, 'payment', 'create', 'index.php', 1),
(73, 1, 0, 23, '', 100, '管理员操作：误操作反还', 'admin', 1480395766, 0, 1, 'wealth', 'val', 'admin.php...', 1),
(74, 1, 0, 23, '', -100, '财富（积分）抵现', 'www', 1480395980, 23, 0, 'payment', 'create', 'index.php', 1),
(75, 1, 0, 23, '', -100, '财富（积分）抵现', 'www', 1480396030, 23, 0, 'payment', 'create', 'index.php', 1),
(76, 5, 0, 23, '', -100, '财富（红包）抵现', 'www', 1480396339, 23, 0, 'payment', 'create', 'index.php', 1),
(77, 1, 0, 23, '', 200, '管理员操作：测试返还', 'admin', 1480396497, 0, 1, 'wealth', 'val', 'admin.php...', 1),
(78, 5, 0, 23, '', 300, '管理员操作：测试红包', 'admin', 1480396509, 0, 1, 'wealth', 'val', 'admin.php...', 1),
(79, 1, 0, 23, '', -100, '财富（积分）抵现', 'www', 1480396550, 23, 0, 'payment', 'create', 'index.php', 1),
(80, 1, 0, 23, '', -100, '财富（积分）抵现', 'www', 1480396676, 23, 0, 'payment', 'create', 'index.php', 1),
(81, 5, 0, 23, '', -100, '财富（红包）抵现', 'www', 1480396741, 23, 0, 'payment', 'create', 'index.php', 1),
(82, 5, 0, 23, '', -100, '财富（红包）抵现', 'www', 1480396832, 23, 0, 'payment', 'create', 'index.php', 1),
(83, 5, 0, 23, '', -100, '财富（红包）抵现', 'www', 1480396889, 23, 0, 'payment', 'create', 'index.php', 1),
(84, 1, 0, 23, '', 500, '管理员操作：de', 'admin', 1480396926, 0, 1, 'wealth', 'val', 'admin.php...', 1),
(85, 1, 0, 23, '', -100, '财富（积分）抵现', 'www', 1480396966, 23, 0, 'payment', 'create', 'index.php', 1),
(86, 1, 0, 23, '', -100, '财富（积分）抵现', 'www', 1480397059, 23, 0, 'payment', 'create', 'index.php', 1),
(87, 1, 0, 23, '', -100, '财富（积分）抵现', 'www', 1480397786, 23, 0, 'payment', 'create', 'index.php', 1),
(88, 2, 0, 23, '', -4, '支付订单：P2016112919U00023002', 'www', 1480397788, 23, 0, 'payment', 'create', 'index.php', 1),
(89, 1, 14, 23, '23', 3, '订单完成赚送积分', 'admin', 1480397929, 0, 1, 'order', 'end', '', 1),
(90, 1, 12, 23, '1762', 1, '阅读#1762', 'www', 1480397939, 23, 0, 'content', 'index', '', 1),
(91, 1, 0, 23, '', -100, '财富（积分）抵现', 'www', 1480397971, 23, 0, 'payment', 'create', 'index.php', 1),
(92, 1, 0, 23, '', -100, '财富（积分）抵现', 'www', 1480398062, 23, 0, 'payment', 'create', 'index.php', 1),
(93, 2, 0, 23, '', -2, '支付订单：P2016112970U00023003', 'www', 1480398064, 23, 0, 'payment', 'create', 'index.php', 1),
(94, 1, 13, 23, '1763', 5, '管理员审核评论#44', 'admin', 1480398899, 0, 1, 'reply', 'status', '', 1),
(95, 1, 13, 23, '1762', 5, '管理员审核评论#43', 'admin', 1480398911, 0, 1, 'reply', 'status', '', 1),
(96, 1, 0, 23, '', 500, '管理员操作：测试用的', 'admin', 1480400004, 0, 1, 'wealth', 'val', 'admin.php...', 1),
(97, 1, 12, 23, '1348', 1, '阅读#1348', 'www', 1480401835, 23, 0, 'content', 'index', '', 1),
(98, 1, 5, 23, '', 5, '会员登录', 'www', 1480502688, 23, 0, 'login', 'ok', '', 1),
(99, 1, 5, 23, '', 5, '会员登录', 'www', 1480581367, 23, 0, 'login', 'ok', '', 1),
(100, 1, 5, 23, '', 5, '会员登录', 'www', 1481082317, 23, 0, 'login', 'ok', '', 1),
(101, 1, 0, 23, '0', -100, '财富（积分）抵现', 'www', 1481082923, 23, 0, 'payment', 'create', 'index.php', 1),
(102, 1, 5, 28, '', 5, '会员登录', 'api', 1481105324, 28, 0, 'login', 'sms', '', 1),
(103, 1, 5, 23, '', 5, '会员登录', 'api', 1481182216, 23, 0, 'login', 'sms', '', 1),
(104, 1, 5, 23, '', 5, '会员登录', 'www', 1483091256, 23, 0, 'login', 'ok', '', 1),
(105, 1, 5, 23, '', 5, '会员登录', 'api', 1483677612, 23, 0, 'login', 'save', '', 1),
(106, 1, 12, 29, '1763', 1, '阅读#1763', 'www', 1484897052, 29, 0, 'content', 'index', '', 1),
(107, 1, 12, 29, '1756', 1, '阅读#1756', 'www', 1484900526, 29, 0, 'content', 'index', '', 1),
(108, 1, 5, 23, '', 5, '会员登录', 'www', 1486363410, 23, 0, 'login', 'ok', '', 1),
(109, 1, 5, 23, '', 5, '会员登录', 'api', 1487666948, 23, 0, 'login', 'save', '', 1),
(110, 1, 12, 23, '1753', 1, '阅读#1753', 'www', 1487666977, 23, 0, 'content', 'index', '', 1),
(111, 1, 5, 23, '', 5, '会员登录', 'www', 1491448424, 23, 0, 'login', 'ok', '', 1),
(112, 1, 12, 23, '1810', 1, '阅读#1810', 'www', 1491448441, 23, 0, 'content', 'index', '', 1),
(113, 1, 12, 23, '1809', 1, '阅读#1809', 'www', 1491448447, 23, 0, 'content', 'index', '', 1),
(114, 1, 5, 23, '', 5, '会员登录', 'api', 1491821379, 23, 0, 'login', 'sms', '', 1),
(115, 1, 5, 23, '', 5, '会员登录', 'api', 1492072570, 23, 0, 'login', 'sms', '', 1),
(116, 1, 5, 23, '', 5, '会员登录', 'www', 1493627586, 23, 0, 'login', 'ok', '', 1),
(117, 1, 0, 23, '0', 10, '管理员操作：20', 'admin', 1493899072, 0, 1, 'wealth', 'val', 'admin.php...', 1),
(118, 1, 0, 29, '0', 10, '管理员操作：22222', 'admin', 1493900979, 0, 1, 'wealth', 'val', 'admin.php...', 1),
(119, 1, 5, 23, '', 5, '会员登录', 'www', 1494149094, 23, 0, 'login', 'ok', '', 1),
(120, 1, 5, 23, '', 5, '会员登录', 'www', 1495869485, 23, 0, 'login', 'ok', '', 1),
(121, 1, 5, 23, '', 5, '会员登录', 'api', 1498017760, 23, 0, 'login', 'save', '', 1),
(122, 1, 15, 23, '1854', 10, '发布：测试新主题', 'api', 1498026275, 23, 0, 'post', 'save', '', 1),
(123, 1, 12, 23, '1854', 1, '阅读#1854', 'www', 1498026355, 23, 0, 'content', 'index', '', 1),
(124, 1, 12, 23, '1759', 1, '阅读#1759', 'www', 1498029306, 23, 0, 'content', 'index', '', 1),
(125, 1, 12, 23, '1311', 1, '阅读#1311', 'www', 1498031434, 23, 0, 'content', 'index', '', 1),
(126, 1, 12, 23, '1334', 1, '阅读#1334', 'www', 1498031439, 23, 0, 'content', 'index', '', 1),
(127, 1, 12, 23, '1370', 1, '阅读#1370', 'www', 1498031846, 23, 0, 'content', 'index', '', 1),
(128, 1, 5, 23, '', 5, '会员登录', 'api', 1500895218, 23, 0, 'login', 'save', '', 1),
(129, 1, 5, 23, '', 5, '会员登录', 'www', 1501317831, 23, 0, 'login', 'ok', '', 1),
(130, 1, 5, 23, '', 5, '会员登录', 'api', 1501573681, 23, 0, 'login', 'save', '', 1),
(131, 1, 5, 23, '', 5, '会员登录', 'www', 1503826090, 23, 0, 'login', 'ok', '', 1),
(132, 1, 5, 23, '', 5, '会员登录', 'www', 1503908281, 23, 0, 'login', 'ok', '', 1),
(133, 1, 15, 23, '222081', 10, '发布：一模一样dg', 'api', 1503908307, 23, 0, 'post', 'save', '', 1),
(134, 1, 15, 23, '222082', 10, '发布：栽植', 'api', 1503909184, 23, 0, 'post', 'save', '', 1),
(135, 1, 5, 23, '', 5, '会员登录', 'www', 1504416178, 23, 0, 'login', 'ok', '', 1),
(136, 1, 12, 23, '1761', 1, '阅读#1761', 'www', 1504438955, 23, 0, 'content', 'index', '', 1),
(137, 1, 5, 23, '', 5, '会员登录', 'www', 1504690602, 23, 0, 'login', 'ok', '', 1),
(138, 1, 5, 23, '', 5, '会员登录', 'www', 1504757899, 23, 0, 'login', 'ok', '', 1),
(139, 1, 5, 31, '', 5, '会员登录', 'www', 1504764469, 31, 0, 'login', 'ok', '', 1),
(140, 1, 5, 23, '', 5, '会员登录', 'www', 1505820876, 23, 0, 'login', 'ok', '', 1),
(141, 2, 0, 24, '0', 150, '管理员操作：测试用的', 'admin', 1508572903, 0, 1, 'wealth', 'val', 'admin.php...', 1),
(142, 2, 0, 25, '0', 100, '管理员操作：测试用的', 'admin', 1508572911, 0, 1, 'wealth', 'val', 'admin.php...', 1),
(143, 2, 0, 29, '0', 89, '管理员操作：测试用的', 'admin', 1508572921, 0, 1, 'wealth', 'val', 'admin.php...', 1),
(144, 5, 0, 27, '0', 18, '管理员操作：测试用的', 'admin', 1508572931, 0, 1, 'wealth', 'val', 'admin.php...', 1),
(145, 5, 0, 23, '0', 15, '管理员操作：测试用的', 'admin', 1508572939, 0, 1, 'wealth', 'val', 'admin.php...', 1),
(146, 2, 0, 23, '0', 500, '管理员操作：测试用的', 'admin', 1508572947, 0, 1, 'wealth', 'val', 'admin.php...', 1),
(147, 1, 5, 23, '', 5, '会员登录', 'www', 1508736969, 23, 0, 'login', 'ok', '', 1),
(148, 1, 12, 23, '222081', 1, '阅读#222081', 'www', 1508736999, 23, 0, 'content', 'index', '', 1),
(149, 1, 13, 23, '222081', 5, '评论：一模一样dg', 'api', 1508737010, 23, 0, 'comment', 'save', '', 1);

-- --------------------------------------------------------

--
-- 表的结构 `qinggan_wealth_rule`
--

CREATE TABLE IF NOT EXISTS `qinggan_wealth_rule` (
  `id` int(10) unsigned NOT NULL AUTO_INCREMENT COMMENT '规则ID',
  `wid` int(10) unsigned NOT NULL COMMENT '财产ID',
  `action` varchar(255) NOT NULL COMMENT '触发动作',
  `val` varchar(255) NOT NULL DEFAULT '0' COMMENT '值，负值表示减，大于0表示加，支持计算如price*2',
  `goal` varchar(255) NOT NULL DEFAULT 'user' COMMENT '目标类型user用户，agent1一级代理',
  `taxis` tinyint(3) unsigned NOT NULL DEFAULT '255' COMMENT '排序',
  PRIMARY KEY (`id`)
) ENGINE=MyISAM  DEFAULT CHARSET=utf8 COMMENT='财富生成规则' AUTO_INCREMENT=21 ;

--
-- 转存表中的数据 `qinggan_wealth_rule`
--

INSERT INTO `qinggan_wealth_rule` (`id`, `wid`, `action`, `val`, `goal`, `taxis`) VALUES
(4, 1, 'register', '20', 'introducer', 20),
(2, 1, 'register', '50', 'user', 10),
(5, 1, 'login', '5', 'user', 30),
(12, 1, 'content', '1', 'user', 40),
(13, 1, 'comment', '5', 'user', 50),
(14, 1, 'payment', 'price', 'user', 60),
(15, 1, 'post', '10', 'user', 70),
(16, 1, 'register', '10', 'introducer2', 25),
(17, 1, 'register', '5', 'introducer3', 28),
(18, 1, 'payment', 'price*0.6', 'introducer', 62),
(19, 1, 'payment', 'price*0.3', 'introducer2', 65),
(20, 1, 'payment', 'price*0.1', 'introducer3', 68);

/*!40101 SET CHARACTER_SET_CLIENT=@OLD_CHARACTER_SET_CLIENT */;
/*!40101 SET CHARACTER_SET_RESULTS=@OLD_CHARACTER_SET_RESULTS */;
/*!40101 SET COLLATION_CONNECTION=@OLD_COLLATION_CONNECTION */;
