-- phpMyAdmin SQL Dump
-- version 3.5.7
-- http://www.phpmyadmin.net
--
-- 主机: 127.0.0.1:3306
-- 生成日期: 2015 年 07 月 07 日 11:28
-- 服务器版本: 5.5.40
-- PHP 版本: 5.3.29

SET SQL_MODE="NO_AUTO_VALUE_ON_ZERO";
SET time_zone = "+00:00";


/*!40101 SET @OLD_CHARACTER_SET_CLIENT=@@CHARACTER_SET_CLIENT */;
/*!40101 SET @OLD_CHARACTER_SET_RESULTS=@@CHARACTER_SET_RESULTS */;
/*!40101 SET @OLD_COLLATION_CONNECTION=@@COLLATION_CONNECTION */;
/*!40101 SET NAMES utf8 */;

--
-- 数据库: `phpok`
--

-- --------------------------------------------------------

--
-- 转存表中的数据 `qinggan_currency`
--

INSERT INTO `qinggan_currency` (`id`, `code`, `val`, `taxis`, `title`, `symbol_left`, `symbol_right`, `status`, `hidden`) VALUES
(1, 'CNY', 6.16989994, 10, '人民币', '￥', '', 1, 0),
(2, 'USD', 1.00000000, 20, '美金', 'US$', '', 1, 0),
(3, 'HKD', 7.76350021, 30, '港元', 'HK$', '', 1, 0),
(4, 'EUR', 0.76639998, 40, '欧元', 'EUR', '', 1, 0),
(5, 'GBP', 0.64529997, 50, '英镑', '￡', '', 1, 0);

-- --------------------------------------------------------

--
-- 转存表中的数据 `qinggan_email`
--

INSERT INTO `qinggan_email` (`id`, `site_id`, `identifier`, `title`, `content`) VALUES
(4, 1, 'register_code', '获取会员注册资格', '<p>您好，{$email}</p><p>您将注册成为网站【{$config.title} 】会员，请点击下面的地址，进入下一步注册：</p><p><br/></p><blockquote style="margin: 0 0 0 40px; border: none; padding: 0px;"><p><a href="{$link}" target="_blank">{$link}</a></p><p>（此链接24小时内有效）</p></blockquote><p><br/></p><p><br/></p><p>感谢您对本站的关注，茫茫人海中，能有缘走到一起。</p>'),
(5, 1, 'getpass', '取回密码操作', '<p>您好，{$user.account}</p><p>您执行了忘记密码操作功能，请点击下面的链接执行下一步：</p><p><br /></p><p><blockquote style="margin: 0 0 0 40px; border: none; padding: 0px;"><p><a href="{$link}" target="_blank">{$link}</a></p></blockquote><br /></p><p>感谢您对本站的支持，有什么问题您在登录后可以咨询我们的客服。</p>'),
(6, 1, 'project_save', '主题添加通知', '<p>您好，管理员</p><blockquote><p>您的网站（<a href="http://{$sys.url}" target="_self">{$sys.url}</a>）新增了一篇主题，下述是主题的基本信息：<br/></p><p>主题名称：{$rs.title}</p><p>项目类型：{$page_rs.title}</p><p><br/></p><p>请登录网站查询</p></blockquote>'),
(7, 1, 'order_admin', '网站收到一个新的订单，订单号是：{$order.sn}', '<p>您好，管理员</p><blockquote><p>您的网站：{$sys.url} 收到一份新的订单，订单号是：{$order.sn}</p><p><br/></p><p>请登录网站后台进行核验</p></blockquote>');

-- --------------------------------------------------------


INSERT INTO `qinggan_fields` (`id`, `title`, `identifier`, `field_type`, `note`, `form_type`, `form_style`, `format`, `content`, `taxis`, `ext`, `area`) VALUES
(6, '内容', 'content', 'longtext', '', 'editor', '', 'html', '', 255, 'a:11:{s:5:"width";s:3:"950";s:6:"height";s:3:"360";s:7:"is_code";s:0:"";s:9:"btn_image";s:1:"1";s:9:"btn_video";s:1:"1";s:8:"btn_file";s:1:"1";s:8:"btn_page";s:0:"";s:8:"btn_info";s:0:"";s:7:"is_read";s:0:"";s:5:"etype";s:4:"full";s:7:"btn_map";s:0:"";}', 'all,cate,module,project,user,usergroup'),
(7, '图片', 'pictures', 'varchar', '支持多图', 'upload', '', 'safe', '', 50, 'a:3:{s:11:"upload_type";s:7:"picture";s:7:"cate_id";s:1:"1";s:11:"is_multiple";s:1:"1";}', 'all,cate,module,project,user'),
(8, '缩略图', 'thumb', 'varchar', '', 'upload', '', 'safe', '', 30, 'a:3:{s:11:"upload_type";s:7:"picture";s:7:"cate_id";s:1:"1";s:11:"is_multiple";s:1:"0";}', 'all,cate,module,project,user'),
(9, '压缩文件', 'file', 'varchar', '仅支持压缩文件', 'upload', '', 'safe', '', 60, 'a:3:{s:11:"upload_type";s:3:"zip";s:7:"cate_id";s:1:"1";s:11:"is_multiple";s:1:"0";}', 'all,cate,module,project'),
(11, '链接', 'link', 'longtext', '手动指定外部链接时，伪静态链接可以留空', 'url', '', 'safe', '', 90, 'a:1:{s:5:"width";s:3:"500";}', 'all,cate,module,project,user'),
(12, '摘要', 'note', 'longtext', '简要文字描述', 'textarea', '', 'safe', '', 20, 'a:2:{s:5:"width";s:3:"600";s:6:"height";s:2:"80";}', 'all,cate,module,project'),
(13, '性别', 'gender', 'varchar', '', 'radio', '', 'safe', '女', 120, 'a:3:{s:11:"option_list";b:0;s:9:"put_order";s:1:"0";s:10:"ext_select";s:8:"男\r\n女";}', 'all,cate,module,project,user'),
(14, '邮箱', 'email', 'varchar', '', 'text', '', 'safe', '', 130, 'a:2:{s:8:"form_btn";b:0;s:5:"width";b:0;}', 'all,cate,module,project,user'),
(37, '链接方式', 'target', 'varchar', '设置是否在新窗口打开', 'radio', '', 'safe', '_self', 100, 'a:1:{s:11:"option_list";s:5:"opt:6";}', 'cate,module,project'),
(30, '姓名', 'fullname', 'varchar', '', 'text', '', 'safe', '', 10, 'a:2:{s:8:"form_btn";b:0;s:5:"width";s:3:"300";}', 'all,cate,module,project,user'),
(31, '通栏图片', 'banner', 'varchar', '', 'upload', '', 'safe', '', 40, 'a:3:{s:11:"upload_type";s:7:"picture";s:7:"cate_id";s:1:"1";s:11:"is_multiple";s:1:"0";}', 'all,cate,module,project'),
(34, '附件', 'files', 'varchar', '仅支持rar和zip的压缩包，支持多附件', 'upload', '', 'safe', '', 70, 'a:3:{s:11:"upload_type";s:3:"zip";s:7:"cate_id";s:1:"1";s:11:"is_multiple";s:1:"1";}', 'all,cate,module,project'),
(35, '文档', 'doc', 'varchar', '支持在线办公室的文档', 'upload', '', 'safe', '', 80, 'a:3:{s:11:"upload_type";s:8:"document";s:7:"cate_id";s:1:"1";s:11:"is_multiple";s:1:"1";}', 'all,cate,module,project'),
(36, '视频', 'video', 'varchar', '支持并推荐您使用FlV格式视频', 'upload', '', 'int', '', 110, 'a:3:{s:7:"cate_id";s:2:"16";s:11:"is_multiple";s:1:"0";s:11:"upload_auto";s:1:"0";}', 'all,cate,module,project,user,usergroup,cart,order,pay'),
(60, '客服QQ', 'qq', 'varchar', '', 'text', '', 'safe', '', 150, 'a:2:{s:8:"form_btn";b:0;s:5:"width";s:3:"300";}', 'all,cate,module,project,user'),
(116, '广告内容', 'ad', 'longtext', '', 'editor', '', 'html_js', '', 255, 'a:12:{s:5:"width";s:3:"600";s:6:"height";s:3:"100";s:7:"is_code";i:1;s:9:"btn_image";i:1;s:9:"btn_video";i:1;s:8:"btn_file";b:0;s:8:"btn_page";b:0;s:8:"btn_info";b:0;s:7:"is_read";b:0;s:5:"etype";s:6:"simple";s:7:"btn_tpl";b:0;s:7:"btn_map";b:0;}', 'all,cate,module,project'),
(75, '联系地址', 'address', 'varchar', '', 'text', '', 'safe', '', 79, 'a:2:{s:8:"form_btn";b:0;s:5:"width";s:3:"500";}', 'all,module,user'),
(76, '联系电话', 'tel', 'varchar', '', 'text', '', 'safe', '', 89, 'a:2:{s:8:"form_btn";b:0;s:5:"width";s:3:"300";}', 'all,cate,module,project,user'),
(77, '邮编', 'zipcode', 'varchar', '请填写六位数字的邮编号码', 'text', '', 'safe', '', 30, 'a:2:{s:8:"form_btn";b:0;s:5:"width";s:3:"300";}', 'all,module'),
(79, 'LOGO', 'logo', 'varchar', '网站LOGO，规格：88x31', 'text', '', 'safe', '', 160, 'a:2:{s:8:"form_btn";s:5:"image";s:5:"width";s:3:"500";}', 'all,cate,module,project'),
(80, '图片', 'pic', 'varchar', '', 'text', '', 'safe', '', 255, 'a:2:{s:8:"form_btn";s:5:"image";s:5:"width";s:3:"500";}', 'all,cate,module,project,user'),
(81, '统计', 'statjs', 'varchar', '', 'code_editor', '', 'html_js', '', 255, 'a:2:{s:5:"width";s:3:"500";s:6:"height";s:2:"80";}', 'all'),
(82, '备案号', 'cert', 'varchar', '', 'text', '', 'safe', '', 255, 'a:2:{s:8:"form_btn";b:0;s:5:"width";s:3:"300";}', 'all'),
(95, '发货时间', 'sendtime', 'varchar', '设置发货时间', 'text', '', 'time', '', 255, 'a:2:{s:8:"form_btn";s:4:"date";s:5:"width";s:3:"300";}', 'module'),
(96, '企业名称', 'company', 'varchar', '', 'text', '', 'safe', '', 255, 'a:2:{s:8:"form_btn";b:0;s:5:"width";s:3:"500";}', 'all,module,project,user'),
(106, '管理员回复', 'adm_reply', 'longtext', '', 'editor', '', 'html', '', 255, 'a:12:{s:5:"width";s:3:"800";s:6:"height";s:3:"180";s:7:"is_code";b:0;s:9:"btn_image";i:1;s:9:"btn_video";i:1;s:8:"btn_file";i:1;s:8:"btn_page";b:0;s:8:"btn_info";b:0;s:7:"is_read";b:0;s:5:"etype";s:6:"simple";s:7:"btn_tpl";b:0;s:7:"btn_map";b:0;}', 'module'),
(112, '赞', 'good', 'varchar', '设置点赞次数', 'text', '', 'int', '', 20, 'a:2:{s:8:"form_btn";b:0;s:5:"width";s:3:"100";}', 'module'),
(113, '省市', 'province_city', 'longtext', '', 'select', '', 'safe', '', 255, 'a:4:{s:11:"option_list";s:5:"opt:2";s:11:"is_multiple";s:1:"0";s:5:"width";b:0;s:10:"ext_select";b:0;}', 'all,cate,module,project,user,usergroup'),
(114, '手机号', 'mobile', 'varchar', '', 'text', '', 'safe', '', 255, 'a:2:{s:8:"form_btn";b:0;s:5:"width";s:3:"300";}', 'all,cate,module,project,user,usergroup'),
(117, '规格参数', 'spec', 'longtext', '', 'param', '', '', '', 255, 'a:2:{s:6:"p_name";s:30:"名称\r\n型号\r\n流量\r\n大小";s:6:"p_type";s:1:"1";}', 'module'),
(118, '产品属性', 'spec_single', 'longtext', '', 'param', '', '', '', 255, 'a:2:{s:6:"p_name";s:119:"型号\r\n推荐用途\r\n平台\r\n显卡类型\r\n网卡\r\n类型\r\n速度\r\n核心数\r\n二级缓存\r\n显示芯片\r\n显存容量";s:6:"p_type";s:1:"0";}', 'module'),
(119, '页脚版权', 'copyright', 'longtext', '', 'editor', '', 'html', '', 255, 'a:12:{s:5:"width";s:3:"800";s:6:"height";s:3:"100";s:7:"is_code";b:0;s:9:"btn_image";s:1:"1";s:9:"btn_video";b:0;s:8:"btn_file";b:0;s:8:"btn_page";b:0;s:8:"btn_info";b:0;s:7:"is_read";b:0;s:5:"etype";s:6:"simple";s:7:"btn_tpl";b:0;s:7:"btn_map";b:0;}', 'all,module'),
(120, '英文标题', 'entitle', 'varchar', '设置与主题名称相对应的英文标题', 'text', '', 'safe', '', 255, 'a:4:{s:8:"form_btn";b:0;s:5:"width";s:3:"500";s:15:"ext_quick_words";b:0;s:14:"ext_quick_type";b:0;}', 'all,cate,module,project,user,usergroup,cart,order,pay'),
(121, '二维码图片', 'barcode', 'varchar', '请上传相应的二维码图片', 'upload', '', '', '', 255, 'a:3:{s:11:"upload_type";s:7:"picture";s:7:"cate_id";s:1:"1";s:11:"is_multiple";s:1:"0";}', 'all,cate,module,project,user,usergroup,cart,order,pay'),
(122, '子标题', 'subtitle', 'varchar', '', 'text', '', '', '', 20, 'a:2:{s:8:"form_btn";b:0;s:5:"width";s:3:"300";}', 'all,cate,module,project,user,usergroup,cart,order,pay'),
(123, '百度分享代码', 'baidu', 'longtext', '', 'code_editor', '', 'html_js', '', 10, 'a:2:{s:5:"width";s:3:"800";s:6:"height";s:3:"300";}', 'all,cate,module,project,user,usergroup,cart,order,pay'),
(124, '自定义链接', 'linkurl', 'varchar', '请填写链接地址，外链请输入http://或https://', 'text', '', 'safe', '', 255, 'a:4:{s:8:"form_btn";s:3:"url";s:5:"width";s:3:"500";s:15:"ext_quick_words";s:0:"";s:14:"ext_quick_type";s:0:"";}', 'all,cate,module,project,user,usergroup,cart,order,pay'),
(125, '背景颜色', 'bgcolor', 'varchar', '实现在不支持CSS3的情况与背景融合', 'text', '', '', 'FFFFFF', 255, 'a:4:{s:8:"form_btn";s:5:"color";s:5:"width";s:0:"";s:15:"ext_quick_words";s:0:"";s:14:"ext_quick_type";s:0:"";}', 'all,cate,module,project,user,usergroup,cart,order,pay');

-- --------------------------------------------------------

--
-- 转存表中的数据 `qinggan_gd`
--

INSERT INTO `qinggan_gd` (`id`, `identifier`, `width`, `height`, `mark_picture`, `mark_position`, `cut_type`, `quality`, `bgcolor`, `trans`, `editor`) VALUES
(2, 'thumb', 200, 240, '', 'bottom-right', 1, 80, 'FFFFFF', 0, 0),
(12, 'auto', 0, 0, 'res/201502/26/36afa2d3dfe37cbd.png', 'bottom-right', 0, 80, 'FFFFFF', 0, 1);
-- --------------------------------------------------------
--
-- 转存表中的数据 `qinggan_opt`
--

INSERT INTO `qinggan_opt` (`id`, `group_id`, `parent_id`, `title`, `val`, `taxis`) VALUES
(1, 1, 0, '女', '', 20),
(2, 1, 0, '男', '1', 10),
(5, 2, 0, '福建省', '福建省', 255),
(6, 2, 5, '泉州市', '泉州市', 255),
(7, 2, 6, '永春县', '永春县', 255),
(8, 2, 7, '一都镇', '一都镇', 255),
(9, 2, 8, '美岭村', '美岭村', 255),
(11, 2, 0, '广东省', '广东省', 255),
(12, 2, 11, '深圳市', '深圳市', 255),
(13, 2, 12, '龙岗区', '龙岗区', 10),
(14, 2, 12, '罗湖区', '罗湖区', 20),
(15, 2, 12, '福田区', '福田区', 30),
(16, 2, 12, '龙华区', '龙华区', 40),
(17, 4, 0, '是', '1', 10),
(18, 4, 0, '否', '', 20),
(21, 6, 0, '当前窗口', '_self', 10),
(22, 6, 0, '新窗口', '_blank', 20),
(23, 7, 0, '启用', '1', 10),
(24, 7, 0, '禁用', '', 20),
(25, 8, 0, 'UTF-8', 'utf8', 20),
(26, 8, 0, 'GBK', 'gbk', 10),
(62, 12, 0, '不置顶', '', 10),
(63, 12, 0, '一级置顶', '1', 20),
(64, 12, 0, '二级置顶', '2', 30);

--
-- 转存表中的数据 `qinggan_opt_group`
--

INSERT INTO `qinggan_opt_group` (`id`, `title`) VALUES
(1, '性别'),
(2, '省市县多级联动'),
(4, '是与否'),
(6, '窗口打开方式'),
(7, '注册'),
(8, '邮件编码'),
(12, '置顶属性');

-- --------------------------------------------------------

--
-- 转存表中的数据 `qinggan_plugins`
--

INSERT INTO `qinggan_plugins` (`id`, `title`, `author`, `version`, `status`, `taxis`, `note`, `param`) VALUES
('identifier', '标识串自动生成工具', 'phpok.com', '1.0', 1, 10, '可实现以 title 的表单数据', 'a:5:{s:9:"is_youdao";s:1:"1";s:7:"keyfrom";s:9:"phpok-com";s:5:"keyid";s:9:"108499576";s:10:"is_pingyin";s:1:"1";s:5:"is_py";s:1:"1";}');

--
-- 转存表中的数据 `qinggan_popedom`
--

INSERT INTO `qinggan_popedom` (`id`, `gid`, `pid`, `title`, `identifier`, `taxis`) VALUES
(2, 19, 0, '配置全局', 'gset', 10),
(3, 19, 0, '内容', 'set', 20),
(4, 29, 0, '添加', 'add', 10),
(5, 29, 0, '修改', 'modify', 20),
(6, 29, 0, '删除', 'delete', 30),
(7, 18, 0, '添加', 'add', 10),
(8, 18, 0, '编辑', 'modify', 20),
(9, 18, 0, '删除', 'delete', 30),
(10, 23, 0, '添加', 'add', 10),
(11, 23, 0, '编辑', 'modify', 20),
(12, 23, 0, '删除', 'delete', 30),
(14, 22, 0, 'GD配置', 'gd', 10),
(15, 22, 0, '附件分类维护', 'cate', 20),
(16, 22, 0, '批处理', 'pl', 30),
(17, 16, 0, '配置', 'config', 10),
(18, 16, 0, '安装', 'install', 20),
(19, 16, 0, '卸载', 'uninstall', 30),
(20, 16, 0, '删除', 'delete', 40),
(21, 17, 0, '添加', 'add', 20),
(22, 13, 0, '添加', 'add', 10),
(23, 13, 0, '修改', 'modify', 20),
(24, 13, 0, '删除', 'delete', 30),
(25, 13, 0, '查看', 'list', 5),
(26, 19, 0, '查看', 'list', 5),
(27, 20, 0, '查看', 'list', 10),
(28, 20, 0, '编辑', 'set', 20),
(29, 20, 0, '添加', 'add', 30),
(30, 20, 0, '修改', 'modify', 40),
(31, 20, 0, '删除', 'delete', 50),
(32, 20, 0, '启用/禁用', 'status', 60),
(33, 21, 0, '查看', 'list', 10),
(34, 21, 0, '添加', 'add', 20),
(35, 21, 0, '编辑', 'modify', 30),
(36, 21, 0, '删除', 'delete', 40),
(37, 18, 0, '查看', 'list', 5),
(38, 23, 0, '查看', 'list', 5),
(83, 16, 0, '启用/禁用', 'status', 50),
(40, 16, 0, '查看', 'list', 5),
(41, 17, 0, '查看', 'list', 10),
(42, 18, 0, '扩展', 'ext', 40),
(43, 19, 0, '扩展', 'ext', 30),
(44, 14, 0, '查看', 'list', 10),
(45, 14, 0, '添加', 'add', 20),
(46, 14, 0, '修改', 'modify', 30),
(47, 14, 0, '删除', 'delete', 40),
(48, 25, 0, '查看', 'list', 10),
(49, 25, 0, '配置', 'set', 20),
(80, 14, 0, '启用/禁用', 'status', 50),
(52, 29, 0, '查看', 'list', 5),
(53, 27, 0, '查看', 'list', 10),
(54, 27, 0, '配置', 'set', 20),
(81, 19, 0, '网站', 'site', 40),
(82, 19, 0, '域名', 'domain', 50),
(58, 8, 0, '查看', 'list', 10),
(59, 8, 0, '维护', 'set', 20),
(84, 20, 1, '查看', 'list', 10),
(85, 20, 1, '编辑', 'set', 20),
(63, 6, 0, '查看', 'list', 10),
(64, 6, 0, '维护', 'set', 20),
(86, 20, 22, '查看', 'list', 10),
(67, 7, 0, '查看', 'list', 10),
(68, 7, 0, '添加', 'add', 20),
(69, 7, 0, '修改', 'modify', 30),
(70, 7, 0, '删除', 'delete', 40),
(71, 28, 0, '查看', 'list', 10),
(72, 28, 0, '添加', 'add', 20),
(73, 28, 0, '修改', 'modify', 30),
(74, 28, 0, '删除', 'delete', 40),
(75, 9, 0, '查看', 'list', 10),
(76, 9, 0, '添加', 'add', 20),
(77, 9, 0, '修改', 'modify', 30),
(78, 9, 0, '启用/禁用', 'status', 40),
(79, 29, 0, '启用/禁用', 'status', 40),
(87, 20, 22, '添加', 'add', 30),
(88, 20, 22, '修改', 'modify', 40),
(89, 20, 22, '删除', 'delete', 50),
(90, 20, 22, '启用/禁用', 'status', 60),
(91, 20, 24, '查看', 'list', 10),
(92, 20, 24, '添加', 'add', 30),
(93, 20, 24, '修改', 'modify', 40),
(94, 20, 24, '删除', 'delete', 50),
(95, 20, 24, '启用/禁用', 'status', 60),
(96, 20, 26, '查看', 'list', 10),
(97, 20, 26, '添加', 'add', 30),
(98, 20, 26, '修改', 'modify', 40),
(99, 20, 26, '删除', 'delete', 50),
(100, 20, 26, '启用/禁用', 'status', 60),
(101, 20, 25, '查看', 'list', 10),
(102, 20, 25, '编辑', 'set', 20),
(103, 20, 25, '添加', 'add', 30),
(104, 20, 25, '修改', 'modify', 40),
(105, 20, 25, '删除', 'delete', 50),
(106, 20, 25, '启用/禁用', 'status', 60),
(107, 20, 33, '查看', 'list', 10),
(108, 20, 33, '编辑', 'set', 20),
(109, 20, 34, '查看', 'list', 10),
(110, 20, 34, '添加', 'add', 30),
(111, 20, 34, '修改', 'modify', 40),
(112, 20, 34, '删除', 'delete', 50),
(113, 20, 34, '启用/禁用', 'status', 60),
(114, 20, 35, '查看', 'list', 10),
(115, 20, 35, '编辑', 'set', 20),
(116, 20, 36, '查看', 'list', 10),
(117, 20, 36, '编辑', 'set', 20),
(118, 20, 37, '查看', 'list', 10),
(119, 20, 37, '添加', 'add', 30),
(120, 20, 37, '修改', 'modify', 40),
(121, 20, 37, '删除', 'delete', 50),
(122, 20, 37, '启用/禁用', 'status', 60),
(123, 20, 38, '查看', 'list', 10),
(124, 20, 38, '添加', 'add', 30),
(125, 20, 38, '修改', 'modify', 40),
(126, 20, 38, '删除', 'delete', 50),
(127, 20, 38, '启用/禁用', 'status', 60),
(128, 20, 39, '查看', 'list', 10),
(129, 20, 39, '添加', 'add', 30),
(130, 20, 39, '修改', 'modify', 40),
(131, 20, 39, '删除', 'delete', 50),
(132, 20, 39, '启用/禁用', 'status', 60),
(133, 30, 0, '查看', 'list', 10),
(134, 30, 0, '设置', 'set', 20),
(135, 30, 0, '文件管理', 'filelist', 30),
(136, 30, 0, '删除', 'delete', 40),
(137, 20, 40, '查看', 'list', 10),
(138, 20, 40, '添加', 'add', 30),
(139, 20, 40, '修改', 'modify', 40),
(140, 20, 40, '删除', 'delete', 50),
(141, 20, 40, '启用/禁用', 'status', 60),
(142, 13, 0, '审核', 'status', 40),
(143, 20, 41, '查看', 'list', 10),
(144, 20, 41, '添加', 'add', 30),
(145, 20, 41, '修改', 'modify', 40),
(146, 20, 41, '删除', 'delete', 50),
(147, 20, 41, '启用/禁用', 'status', 60),
(148, 20, 42, '查看', 'list', 10),
(149, 20, 42, '添加', 'add', 30),
(150, 20, 42, '修改', 'modify', 40),
(151, 20, 42, '删除', 'delete', 50),
(152, 20, 42, '启用/禁用', 'status', 60),
(153, 20, 43, '查看', 'list', 10),
(154, 20, 43, '添加', 'add', 30),
(155, 20, 43, '修改', 'modify', 40),
(156, 20, 43, '删除', 'delete', 50),
(157, 20, 43, '启用/禁用', 'status', 60),
(162, 31, 0, '添加站点', 'add', 40),
(159, 31, 0, '查看', 'list', 10),
(160, 31, 0, '删除', 'delete', 20),
(161, 31, 0, '设为默认', 'default', 30),
(163, 20, 44, '查看', 'list', 10),
(164, 20, 44, '编辑', 'set', 20),
(165, 20, 45, '查看', 'list', 10),
(166, 20, 45, '添加', 'add', 30),
(167, 20, 45, '修改', 'modify', 40),
(168, 20, 45, '删除', 'delete', 50),
(169, 20, 45, '启用/禁用', 'status', 60),
(170, 19, 0, '添加站点', 'add', 60),
(171, 20, 46, '查看', 'list', 10),
(172, 20, 46, '添加', 'add', 30),
(173, 20, 46, '修改', 'modify', 40),
(174, 20, 46, '删除', 'delete', 50),
(175, 20, 46, '启用/禁用', 'status', 60),
(176, 20, 47, '查看', 'list', 10),
(177, 20, 47, '添加', 'add', 30),
(178, 20, 47, '修改', 'modify', 40),
(179, 20, 47, '删除', 'delete', 50),
(180, 20, 47, '启用/禁用', 'status', 60),
(181, 20, 48, '查看', 'list', 10),
(182, 20, 48, '添加', 'add', 30),
(183, 20, 48, '修改', 'modify', 40),
(184, 20, 48, '删除', 'delete', 50),
(185, 20, 48, '启用/禁用', 'status', 60),
(186, 20, 49, '查看', 'list', 10),
(187, 20, 49, '添加', 'add', 30),
(188, 20, 49, '修改', 'modify', 40),
(189, 20, 49, '删除', 'delete', 50),
(190, 20, 49, '启用/禁用', 'status', 60),
(191, 20, 50, '查看', 'list', 10),
(192, 20, 50, '添加', 'add', 30),
(193, 20, 50, '修改', 'modify', 40),
(194, 20, 50, '删除', 'delete', 50),
(195, 20, 50, '启用/禁用', 'status', 60),
(196, 20, 51, '查看', 'list', 10),
(197, 20, 51, '编辑', 'set', 20),
(198, 20, 51, '添加', 'add', 30),
(199, 20, 51, '修改', 'modify', 40),
(200, 20, 51, '删除', 'delete', 50),
(201, 20, 51, '启用/禁用', 'status', 60),
(202, 20, 52, '查看', 'list', 10),
(203, 20, 52, '编辑', 'set', 20),
(204, 20, 53, '查看', 'list', 10),
(205, 20, 53, '编辑', 'set', 20),
(206, 20, 54, '查看', 'list', 10),
(207, 20, 54, '添加', 'add', 30),
(208, 20, 54, '修改', 'modify', 40),
(209, 20, 54, '删除', 'delete', 50),
(210, 20, 54, '启用/禁用', 'status', 60),
(211, 20, 55, '查看', 'list', 10),
(212, 20, 55, '添加', 'add', 30),
(213, 20, 55, '修改', 'modify', 40),
(214, 20, 55, '删除', 'delete', 50),
(215, 20, 55, '启用/禁用', 'status', 60),
(216, 20, 56, '查看', 'list', 10),
(217, 20, 56, '编辑', 'set', 20),
(218, 20, 57, '查看', 'list', 10),
(219, 20, 57, '添加', 'add', 30),
(220, 20, 57, '修改', 'modify', 40),
(221, 20, 57, '删除', 'delete', 50),
(222, 20, 57, '启用/禁用', 'status', 60),
(223, 20, 58, '查看', 'list', 10),
(224, 20, 58, '添加', 'add', 30),
(225, 20, 58, '修改', 'modify', 40),
(226, 20, 58, '删除', 'delete', 50),
(227, 20, 58, '启用/禁用', 'status', 60),
(228, 20, 59, '查看', 'list', 10),
(229, 20, 59, '添加', 'add', 30),
(230, 20, 59, '修改', 'modify', 40),
(231, 20, 59, '删除', 'delete', 50),
(232, 20, 59, '启用/禁用', 'status', 60),
(233, 20, 60, '查看', 'list', 10),
(234, 20, 60, '添加', 'add', 30),
(235, 20, 60, '修改', 'modify', 40),
(236, 20, 60, '删除', 'delete', 50),
(237, 20, 60, '启用/禁用', 'status', 60),
(238, 20, 61, '查看', 'list', 10),
(239, 20, 61, '添加', 'add', 30),
(240, 20, 61, '修改', 'modify', 40),
(241, 20, 61, '删除', 'delete', 50),
(242, 20, 61, '启用/禁用', 'status', 60),
(243, 20, 62, '查看', 'list', 10),
(244, 20, 62, '编辑', 'set', 20),
(245, 20, 62, '添加', 'add', 30),
(246, 20, 62, '修改', 'modify', 40),
(247, 20, 62, '删除', 'delete', 50),
(248, 20, 62, '启用/禁用', 'status', 60),
(249, 20, 63, '查看', 'list', 10),
(250, 20, 63, '编辑', 'set', 20),
(251, 20, 64, '查看', 'list', 10),
(252, 20, 64, '编辑', 'set', 20),
(253, 20, 65, '查看', 'list', 10),
(254, 20, 65, '添加', 'add', 30),
(255, 20, 65, '修改', 'modify', 40),
(256, 20, 65, '删除', 'delete', 50),
(257, 20, 65, '启用/禁用', 'status', 60),
(258, 20, 66, '查看', 'list', 10),
(259, 20, 66, '添加', 'add', 30),
(260, 20, 66, '修改', 'modify', 40),
(261, 20, 66, '删除', 'delete', 50),
(262, 20, 66, '启用/禁用', 'status', 60),
(263, 20, 67, '查看', 'list', 10),
(264, 20, 67, '编辑', 'set', 20),
(265, 20, 68, '查看', 'list', 10),
(266, 20, 68, '添加', 'add', 30),
(267, 20, 68, '修改', 'modify', 40),
(268, 20, 68, '删除', 'delete', 50),
(269, 20, 68, '启用/禁用', 'status', 60),
(270, 20, 69, '查看', 'list', 10),
(271, 20, 69, '添加', 'add', 30),
(272, 20, 69, '修改', 'modify', 40),
(273, 20, 69, '删除', 'delete', 50),
(274, 20, 69, '启用/禁用', 'status', 60),
(275, 20, 70, '查看', 'list', 10),
(276, 20, 70, '添加', 'add', 30),
(277, 20, 70, '修改', 'modify', 40),
(278, 20, 70, '删除', 'delete', 50),
(279, 20, 70, '启用/禁用', 'status', 60),
(280, 20, 71, '查看', 'list', 10),
(281, 20, 71, '编辑', 'set', 20),
(282, 20, 72, '查看', 'list', 10),
(283, 20, 72, '编辑', 'set', 20),
(284, 20, 73, '查看', 'list', 10),
(285, 20, 73, '编辑', 'set', 20),
(286, 20, 74, '查看', 'list', 10),
(287, 20, 74, '编辑', 'set', 20),
(288, 20, 75, '查看', 'list', 10),
(289, 20, 75, '编辑', 'set', 20),
(290, 20, 76, '查看', 'list', 10),
(291, 20, 76, '编辑', 'set', 20),
(292, 20, 77, '查看', 'list', 10),
(293, 20, 77, '编辑', 'set', 20),
(294, 20, 77, '添加', 'add', 30),
(295, 20, 77, '修改', 'modify', 40),
(296, 20, 77, '删除', 'delete', 50),
(297, 20, 77, '启用/禁用', 'status', 60),
(298, 20, 78, '查看', 'list', 10),
(299, 20, 78, '添加', 'add', 30),
(300, 20, 78, '修改', 'modify', 40),
(301, 20, 78, '删除', 'delete', 50),
(302, 20, 78, '启用/禁用', 'status', 60),
(303, 20, 79, '查看', 'list', 10),
(304, 20, 79, '添加', 'add', 30),
(305, 20, 79, '修改', 'modify', 40),
(306, 20, 79, '删除', 'delete', 50),
(307, 20, 79, '启用/禁用', 'status', 60),
(308, 20, 80, '查看', 'list', 10),
(309, 20, 80, '编辑', 'set', 20),
(310, 20, 81, '查看', 'list', 10),
(311, 20, 81, '添加', 'add', 30),
(312, 20, 81, '修改', 'modify', 40),
(313, 20, 81, '删除', 'delete', 50),
(314, 20, 81, '启用/禁用', 'status', 60),
(315, 20, 82, '查看', 'list', 10),
(316, 20, 82, '添加', 'add', 30),
(317, 20, 82, '修改', 'modify', 40),
(318, 20, 82, '删除', 'delete', 50),
(319, 20, 82, '启用/禁用', 'status', 60),
(320, 20, 83, '查看', 'list', 10),
(321, 20, 83, '编辑', 'set', 20),
(322, 20, 83, '添加', 'add', 30),
(323, 20, 83, '修改', 'modify', 40),
(324, 20, 83, '删除', 'delete', 50),
(325, 20, 83, '启用/禁用', 'status', 60),
(326, 20, 84, '查看', 'list', 10),
(327, 20, 84, '编辑', 'set', 20),
(328, 20, 84, '添加', 'add', 30),
(329, 20, 84, '修改', 'modify', 40),
(330, 20, 84, '删除', 'delete', 50),
(331, 20, 84, '启用/禁用', 'status', 60),
(332, 20, 85, '查看', 'list', 10),
(333, 20, 85, '编辑', 'set', 20),
(334, 20, 85, '添加', 'add', 30),
(335, 20, 85, '修改', 'modify', 40),
(336, 20, 85, '删除', 'delete', 50),
(337, 20, 85, '启用/禁用', 'status', 60),
(338, 20, 86, '查看', 'list', 10),
(339, 20, 86, '编辑', 'set', 20),
(340, 20, 86, '添加', 'add', 30),
(341, 20, 86, '修改', 'modify', 40),
(342, 20, 86, '删除', 'delete', 50),
(343, 20, 86, '启用/禁用', 'status', 60),
(344, 32, 0, '查看', 'list', 10),
(345, 32, 0, '启用/禁用', 'status', 20),
(346, 32, 0, '删除', 'delete', 30),
(347, 32, 0, '修改', 'modify', 40),
(348, 32, 0, '回复', 'reply', 50),
(349, 20, 87, '查看', 'list', 10),
(350, 20, 87, '添加', 'add', 30),
(351, 20, 87, '修改', 'modify', 40),
(352, 20, 87, '删除', 'delete', 50),
(353, 20, 87, '启用/禁用', 'status', 60),
(354, 20, 88, '查看', 'list', 10),
(355, 20, 88, '添加', 'add', 30),
(356, 20, 88, '修改', 'modify', 40),
(357, 20, 88, '删除', 'delete', 50),
(358, 20, 88, '启用/禁用', 'status', 60),
(359, 20, 89, '查看', 'list', 10),
(360, 20, 89, '添加', 'add', 30),
(361, 20, 89, '修改', 'modify', 40),
(362, 20, 89, '删除', 'delete', 50),
(363, 20, 89, '启用/禁用', 'status', 60),
(364, 20, 90, '查看', 'list', 10),
(365, 20, 90, '编辑', 'set', 20),
(366, 20, 91, '查看', 'list', 10),
(367, 20, 91, '添加', 'add', 30),
(368, 20, 91, '修改', 'modify', 40),
(369, 20, 91, '删除', 'delete', 50),
(370, 20, 91, '启用/禁用', 'status', 60),
(371, 20, 92, '查看', 'list', 10),
(372, 20, 92, '编辑', 'set', 20),
(373, 20, 93, '查看', 'list', 10),
(378, 20, 94, '查看', 'list', 10),
(379, 20, 94, '添加', 'add', 30),
(380, 20, 94, '修改', 'modify', 40),
(381, 20, 94, '删除', 'delete', 50),
(382, 20, 94, '启用/禁用', 'status', 60),
(383, 20, 95, '查看', 'list', 10),
(384, 20, 95, '添加', 'add', 30),
(385, 20, 95, '修改', 'modify', 40),
(386, 20, 95, '删除', 'delete', 50),
(387, 20, 95, '启用/禁用', 'status', 60),
(388, 20, 96, '查看', 'list', 10),
(389, 20, 96, '添加', 'add', 30),
(390, 20, 96, '修改', 'modify', 40),
(391, 20, 96, '删除', 'delete', 50),
(392, 20, 96, '启用/禁用', 'status', 60),
(393, 20, 97, '查看', 'list', 10),
(394, 20, 97, '添加', 'add', 30),
(395, 20, 97, '修改', 'modify', 40),
(396, 20, 97, '删除', 'delete', 50),
(397, 20, 97, '启用/禁用', 'status', 60),
(398, 20, 98, '查看', 'list', 10),
(399, 20, 98, '添加', 'add', 30),
(400, 20, 98, '修改', 'modify', 40),
(401, 20, 98, '删除', 'delete', 50),
(402, 20, 98, '启用/禁用', 'status', 60),
(403, 20, 99, '查看', 'list', 10),
(404, 20, 99, '添加', 'add', 30),
(405, 20, 99, '修改', 'modify', 40),
(406, 20, 99, '删除', 'delete', 50),
(407, 20, 99, '启用/禁用', 'status', 60),
(408, 20, 100, '查看', 'list', 10),
(409, 20, 100, '添加', 'add', 30),
(410, 20, 100, '修改', 'modify', 40),
(411, 20, 100, '删除', 'delete', 50),
(412, 20, 100, '启用/禁用', 'status', 60),
(413, 20, 101, '查看', 'list', 10),
(414, 20, 101, '添加', 'add', 30),
(415, 20, 101, '修改', 'modify', 40),
(416, 20, 101, '删除', 'delete', 50),
(417, 20, 101, '启用/禁用', 'status', 60),
(418, 20, 102, '查看', 'list', 10),
(419, 20, 102, '添加', 'add', 30),
(420, 20, 102, '修改', 'modify', 40),
(421, 20, 102, '删除', 'delete', 50),
(422, 20, 102, '启用/禁用', 'status', 60),
(423, 20, 103, '查看', 'list', 10),
(424, 20, 103, '添加', 'add', 30),
(425, 20, 103, '修改', 'modify', 40),
(426, 20, 103, '删除', 'delete', 50),
(427, 20, 103, '启用/禁用', 'status', 60),
(428, 20, 104, '查看', 'list', 10),
(429, 20, 104, '添加', 'add', 30),
(430, 20, 104, '修改', 'modify', 40),
(431, 20, 104, '删除', 'delete', 50),
(432, 20, 104, '启用/禁用', 'status', 60),
(433, 20, 105, '查看', 'list', 10),
(434, 20, 105, '添加', 'add', 30),
(435, 20, 105, '修改', 'modify', 40),
(436, 20, 105, '删除', 'delete', 50),
(437, 20, 105, '启用/禁用', 'status', 60),
(438, 20, 106, '查看', 'list', 10),
(439, 20, 106, '添加', 'add', 30),
(440, 20, 106, '修改', 'modify', 40),
(441, 20, 106, '删除', 'delete', 50),
(442, 20, 106, '启用/禁用', 'status', 60),
(443, 20, 107, '查看', 'list', 10),
(444, 20, 107, '添加', 'add', 30),
(445, 20, 107, '修改', 'modify', 40),
(446, 20, 107, '删除', 'delete', 50),
(447, 20, 107, '启用/禁用', 'status', 60),
(448, 20, 108, '查看', 'list', 10),
(449, 20, 108, '添加', 'add', 30),
(450, 20, 108, '修改', 'modify', 40),
(451, 20, 108, '删除', 'delete', 50),
(452, 20, 108, '启用/禁用', 'status', 60),
(453, 20, 109, '查看', 'list', 10),
(454, 20, 109, '添加', 'add', 30),
(455, 20, 109, '修改', 'modify', 40),
(456, 20, 109, '删除', 'delete', 50),
(457, 20, 109, '启用/禁用', 'status', 60),
(458, 20, 110, '查看', 'list', 10),
(459, 20, 110, '编辑', 'set', 20),
(460, 20, 111, '查看', 'list', 10),
(461, 20, 111, '编辑', 'set', 20),
(462, 20, 112, '查看', 'list', 10),
(463, 20, 112, '编辑', 'set', 20),
(464, 20, 113, '查看', 'list', 10),
(465, 20, 113, '编辑', 'set', 20),
(466, 20, 114, '查看', 'list', 10),
(467, 20, 114, '添加', 'add', 30),
(468, 20, 114, '修改', 'modify', 40),
(469, 20, 114, '删除', 'delete', 50),
(470, 20, 114, '启用/禁用', 'status', 60),
(471, 20, 115, '查看', 'list', 10),
(472, 20, 115, '添加', 'add', 30),
(473, 20, 115, '修改', 'modify', 40),
(474, 20, 115, '删除', 'delete', 50),
(475, 20, 115, '启用/禁用', 'status', 60),
(476, 33, 0, '查看', 'list', 10),
(477, 33, 0, '添加', 'add', 20),
(478, 33, 0, '修改', 'modify', 30),
(479, 33, 0, '删除', 'delete', 40),
(480, 33, 0, '启用/禁用', 'status', 50),
(481, 20, 116, '查看', 'list', 10),
(482, 20, 116, '添加', 'add', 30),
(483, 20, 116, '修改', 'modify', 40),
(484, 20, 116, '删除', 'delete', 50),
(485, 20, 116, '启用/禁用', 'status', 60),
(486, 20, 117, '查看', 'list', 10),
(487, 20, 117, '添加', 'add', 30),
(488, 20, 117, '修改', 'modify', 40),
(489, 20, 117, '删除', 'delete', 50),
(490, 20, 117, '启用/禁用', 'status', 60),
(491, 20, 118, '查看', 'list', 10),
(492, 20, 118, '添加', 'add', 30),
(493, 20, 118, '修改', 'modify', 40),
(494, 20, 118, '删除', 'delete', 50),
(495, 20, 118, '启用/禁用', 'status', 60),
(496, 20, 119, '查看', 'list', 10),
(497, 20, 119, '添加', 'add', 30),
(498, 20, 119, '修改', 'modify', 40),
(499, 20, 119, '删除', 'delete', 50),
(500, 20, 119, '启用/禁用', 'status', 60),
(501, 20, 120, '查看', 'list', 10),
(502, 20, 120, '添加', 'add', 30),
(503, 20, 120, '修改', 'modify', 40),
(504, 20, 120, '删除', 'delete', 50),
(505, 20, 120, '启用/禁用', 'status', 60),
(506, 20, 121, '查看', 'list', 10),
(507, 20, 121, '添加', 'add', 30),
(508, 20, 121, '修改', 'modify', 40),
(509, 20, 121, '删除', 'delete', 50),
(510, 20, 121, '启用/禁用', 'status', 60),
(511, 20, 122, '查看', 'list', 10),
(512, 20, 122, '添加', 'add', 30),
(513, 20, 122, '修改', 'modify', 40),
(514, 20, 122, '删除', 'delete', 50),
(515, 20, 122, '启用/禁用', 'status', 60),
(516, 20, 123, '查看', 'list', 10),
(517, 20, 123, '添加', 'add', 30),
(518, 20, 123, '修改', 'modify', 40),
(519, 20, 123, '删除', 'delete', 50),
(520, 20, 123, '启用/禁用', 'status', 60),
(521, 20, 124, '查看', 'list', 10),
(522, 20, 124, '添加', 'add', 30),
(523, 20, 124, '修改', 'modify', 40),
(524, 20, 124, '删除', 'delete', 50),
(525, 20, 124, '启用/禁用', 'status', 60),
(526, 20, 125, '查看', 'list', 10),
(527, 20, 125, '添加', 'add', 30),
(528, 20, 125, '修改', 'modify', 40),
(529, 20, 125, '删除', 'delete', 50),
(530, 20, 125, '启用/禁用', 'status', 60),
(531, 20, 126, '查看', 'list', 10),
(532, 20, 126, '添加', 'add', 30),
(533, 20, 126, '修改', 'modify', 40),
(534, 20, 126, '删除', 'delete', 50),
(535, 20, 126, '启用/禁用', 'status', 60),
(536, 20, 128, '查看', 'list', 10),
(537, 20, 128, '添加', 'add', 30),
(538, 20, 128, '修改', 'modify', 40),
(539, 20, 128, '删除', 'delete', 50),
(540, 20, 128, '启用/禁用', 'status', 60),
(541, 20, 129, '查看', 'list', 10),
(542, 20, 129, '添加', 'add', 30),
(543, 20, 129, '修改', 'modify', 40),
(544, 20, 129, '删除', 'delete', 50),
(545, 20, 129, '启用/禁用', 'status', 60),
(546, 20, 130, '查看', 'list', 10),
(547, 20, 130, '添加', 'add', 30),
(548, 20, 130, '修改', 'modify', 40),
(549, 20, 130, '删除', 'delete', 50),
(550, 20, 130, '启用/禁用', 'status', 60),
(551, 20, 131, '查看', 'list', 10),
(552, 20, 131, '添加', 'add', 30),
(553, 20, 131, '修改', 'modify', 40),
(554, 20, 131, '删除', 'delete', 50),
(555, 20, 131, '启用/禁用', 'status', 60),
(556, 20, 132, '查看', 'list', 10),
(557, 20, 132, '添加', 'add', 30),
(558, 20, 132, '修改', 'modify', 40),
(559, 20, 132, '删除', 'delete', 50),
(560, 20, 132, '启用/禁用', 'status', 60),
(561, 20, 133, '查看', 'list', 10),
(562, 20, 133, '添加', 'add', 30),
(563, 20, 133, '修改', 'modify', 40),
(564, 20, 133, '删除', 'delete', 50),
(565, 20, 133, '启用/禁用', 'status', 60),
(566, 20, 134, '查看', 'list', 10),
(567, 20, 134, '添加', 'add', 30),
(568, 20, 134, '修改', 'modify', 40),
(569, 20, 134, '删除', 'delete', 50),
(570, 20, 134, '启用/禁用', 'status', 60),
(571, 20, 135, '查看', 'list', 10),
(572, 20, 135, '添加', 'add', 30),
(573, 20, 135, '修改', 'modify', 40),
(574, 20, 135, '删除', 'delete', 50),
(575, 20, 135, '启用/禁用', 'status', 60),
(576, 20, 136, '查看', 'list', 10),
(577, 20, 136, '添加', 'add', 30),
(578, 20, 136, '修改', 'modify', 40),
(579, 20, 136, '删除', 'delete', 50),
(580, 20, 136, '启用/禁用', 'status', 60),
(581, 20, 137, '查看', 'list', 10),
(582, 20, 137, '添加', 'add', 30),
(583, 20, 137, '修改', 'modify', 40),
(584, 20, 137, '删除', 'delete', 50),
(585, 20, 137, '启用/禁用', 'status', 60),
(586, 20, 138, '查看', 'list', 10),
(587, 20, 138, '添加', 'add', 30),
(588, 20, 138, '修改', 'modify', 40),
(589, 20, 138, '删除', 'delete', 50),
(590, 20, 138, '启用/禁用', 'status', 60),
(591, 20, 139, '查看', 'list', 10),
(592, 20, 139, '添加', 'add', 30),
(593, 20, 139, '修改', 'modify', 40),
(594, 20, 139, '删除', 'delete', 50),
(595, 20, 139, '启用/禁用', 'status', 60),
(596, 20, 140, '查看', 'list', 10),
(597, 20, 140, '编辑', 'set', 20),
(598, 20, 141, '查看', 'list', 10),
(599, 20, 141, '编辑', 'set', 20),
(600, 20, 93, '编辑', 'set', 20),
(601, 34, 0, '查看', 'list', 10),
(602, 34, 0, '添加', 'add', 20),
(603, 34, 0, '修改', 'modify', 30),
(604, 34, 0, '审核', 'status', 40),
(605, 34, 0, '删除', 'delete', 50),
(606, 20, 142, '查看', 'list', 10),
(607, 20, 142, '编辑', 'set', 20),
(608, 20, 142, '添加', 'add', 30),
(609, 20, 142, '修改', 'modify', 40),
(610, 20, 142, '删除', 'delete', 50),
(611, 20, 142, '启用/禁用', 'status', 60),
(612, 20, 144, '查看', 'list', 10),
(613, 20, 144, '添加', 'add', 30),
(614, 20, 144, '修改', 'modify', 40),
(615, 20, 144, '删除', 'delete', 50),
(616, 20, 144, '启用/禁用', 'status', 60),
(617, 42, 0, '查看', 'list', 10),
(618, 42, 0, '执行', 'set', 20),
(619, 43, 0, '查看', 'list', 10),
(620, 44, 0, '查看', 'list', 10),
(621, 45, 0, '查看', 'list', 10),
(622, 45, 0, '升级', 'update', 20),
(623, 45, 0, '配置升级服务器', 'set', 30),
(624, 46, 0, '查看', 'list', 10),
(625, 9, 0, '删除', 'delete', 50),
(626, 52, 0, '查看', 'list', 10),
(627, 52, 0, '添加组', 'groupadd', 20),
(628, 52, 0, '修改组', 'groupedit', 30),
(629, 52, 0, '删除组', 'groupdelete', 40),
(630, 52, 0, '添加', 'add', 50),
(631, 52, 0, '修改', 'edit', 60),
(632, 52, 0, '删除', 'delete', 70),
(633, 52, 0, '启用/禁用', 'status', 80),
(634, 52, 0, '组启用/禁用', 'groupstatus', 35),
(635, 54, 0, '查看', 'list', 10),
(636, 54, 0, '添加', 'add', 20),
(637, 54, 0, '修改', 'modify', 30),
(638, 54, 0, '删除', 'delete', 40),
(639, 54, 0, '审核', 'status', 50),
(640, 54, 0, '排序', 'taxis', 60),
(641, 20, 145, '查看', 'list', 10),
(642, 20, 145, '编辑', 'set', 20),
(643, 20, 145, '添加', 'add', 30),
(644, 20, 145, '修改', 'modify', 40),
(645, 20, 145, '删除', 'delete', 50),
(646, 20, 145, '启用/禁用', 'status', 60),
(647, 55, 0, '查看', 'list', 10),
(648, 55, 0, '更新HTML', 'create', 20),
(649, 20, 146, '查看', 'list', 10),
(650, 20, 146, '编辑', 'set', 20),
(651, 20, 147, '查看', 'list', 10),
(652, 20, 147, '编辑', 'set', 20),
(653, 20, 147, '添加', 'add', 30),
(654, 20, 147, '修改', 'modify', 40),
(655, 20, 147, '删除', 'delete', 50),
(656, 20, 147, '启用/禁用', 'status', 60),
(657, 20, 148, '查看', 'list', 10),
(658, 20, 148, '编辑', 'set', 20),
(659, 20, 148, '添加', 'add', 30),
(660, 20, 148, '修改', 'modify', 40),
(661, 20, 148, '删除', 'delete', 50),
(662, 20, 148, '启用/禁用', 'status', 60),
(663, 20, 149, '查看', 'list', 10),
(664, 20, 149, '编辑', 'set', 20),
(669, 20, 150, '查看', 'list', 10),
(670, 20, 150, '编辑', 'set', 20),
(671, 20, 151, '查看', 'list', 10),
(672, 20, 151, '编辑', 'set', 20),
(673, 20, 151, '添加', 'add', 30),
(674, 20, 151, '修改', 'modify', 40),
(675, 20, 151, '删除', 'delete', 50),
(676, 20, 151, '启用/禁用', 'status', 60),
(677, 20, 152, '查看', 'list', 10),
(678, 20, 152, '编辑', 'set', 20),
(679, 20, 152, '添加', 'add', 30),
(680, 20, 152, '修改', 'modify', 40),
(681, 20, 152, '删除', 'delete', 50),
(682, 20, 152, '启用/禁用', 'status', 60),
(683, 20, 153, '查看', 'list', 10),
(684, 20, 153, '编辑', 'set', 20),
(685, 20, 153, '添加', 'add', 30),
(686, 20, 153, '修改', 'modify', 40),
(687, 20, 153, '删除', 'delete', 50),
(688, 20, 153, '启用/禁用', 'status', 60),
(689, 20, 144, '编辑', 'set', 20),
(690, 57, 0, '查看', 'list', 10),
(691, 57, 0, '创建备份', 'create', 20),
(692, 57, 0, '删除备份', 'delete', 30),
(693, 57, 0, '恢复备份', 'recover', 40),
(694, 57, 0, '优化', 'optimize', 50),
(695, 57, 0, '修复', 'repair', 60),
(696, 58, 0, '查看', 'list', 10),
(697, 58, 0, '添加', 'add', 20),
(698, 58, 0, '修改', 'modify', 30),
(699, 58, 0, '删除', 'delete', 40),
(700, 18, 0, '状态', 'status', 50),
(701, 59, 0, '查看', 'list', 10),
(702, 59, 0, '设置', 'set', 20),
(703, 59, 0, '删除', 'delete', 30),
(704, 27, 0, '扩展', 'ext', 30),
(705, 20, 0, '扩展', 'ext', 70),
(706, 20, 157, '查看', 'list', 10),
(707, 20, 157, '编辑', 'set', 20),
(708, 20, 157, '添加', 'add', 30),
(709, 20, 157, '修改', 'modify', 40),
(710, 20, 157, '删除', 'delete', 50),
(711, 20, 157, '启用/禁用', 'status', 60),
(712, 20, 157, '扩展', 'ext', 70),
(713, 20, 158, '查看', 'list', 10),
(714, 20, 158, '编辑', 'set', 20),
(715, 20, 158, '添加', 'add', 30),
(716, 20, 158, '修改', 'modify', 40),
(717, 20, 158, '删除', 'delete', 50),
(718, 20, 158, '启用/禁用', 'status', 60),
(719, 20, 158, '扩展', 'ext', 70),
(720, 20, 160, '查看', 'list', 10),
(721, 20, 160, '编辑', 'set', 20),
(722, 20, 160, '添加', 'add', 30),
(723, 20, 160, '修改', 'modify', 40),
(724, 20, 160, '删除', 'delete', 50),
(725, 20, 160, '启用/禁用', 'status', 60),
(726, 20, 160, '扩展', 'ext', 70),
(727, 20, 161, '查看', 'list', 10),
(728, 20, 161, '编辑', 'set', 20),
(729, 20, 161, '添加', 'add', 30),
(730, 20, 161, '修改', 'modify', 40),
(731, 20, 161, '删除', 'delete', 50),
(732, 20, 161, '启用/禁用', 'status', 60),
(733, 20, 161, '扩展', 'ext', 70),
(754, 63, 0, '修改', 'modify', 30),
(753, 63, 0, '添加', 'add', 20),
(752, 63, 0, '查看', 'list', 10),
(751, 62, 0, '删除', 'delete', 40),
(750, 62, 0, '编辑', 'modify', 30),
(749, 62, 0, '添加', 'add', 20),
(748, 62, 0, '查看', 'list', 10),
(755, 63, 0, '删除', 'delete', 40),
(756, 20, 0, '评论', 'comment', 80),
(757, 20, 43, '评论', 'comment', 80);

-- --------------------------------------------------------

--
-- 转存表中的数据 `qinggan_res_cate`
--

INSERT INTO `qinggan_res_cate` (`id`, `title`, `root`, `folder`, `is_default`, `filetypes`, `typeinfo`, `gdtypes`, `gdall`, `ico`, `filemax`) VALUES
(1, '默认分类', 'res/', 'Ym/d/', 1, 'png,jpg,gif,zip,rar', '文件', '', 1, 1, 20480);

-- --------------------------------------------------------

--
-- 转存表中的数据 `qinggan_site`
--

INSERT INTO `qinggan_site` (`id`, `domain_id`, `title`, `dir`, `status`, `content`, `is_default`, `tpl_id`, `url_type`, `logo`, `meta`, `currency_id`, `register_status`, `register_close`, `login_status`, `login_close`, `adm_logo29`, `adm_logo180`, `lang`, `api`, `api_code`, `email_charset`, `email_server`, `email_port`, `email_ssl`, `email_account`, `email_pass`, `email_name`, `email`, `seo_title`, `seo_keywords`, `seo_desc`, `biz_sn`, `biz_payment`, `biz_billing`, `upload_guest`, `upload_user`, `html_root_dir`, `html_content_type`, `biz_etpl`) VALUES
(1, 1, 'PHPOK企业网站', '/', 1, '网站正在建设中！', 1, 1, 'default', 'res/201409/01/27a6e141c3d265ae.jpg', '', 1, 1, '本系统暂停新会员注册，给您带来不便还请见谅，如需会员服务请联系QQ：40782502', 1, '本系统暂停会员登录，给您带来不便还请见谅！', '', '', 'cn', 0, 'DqmRmixqCrdxSkD3', 'utf-8', 'smtp.qq.com', '25', 0, 'admin@phpok.com', 'abc', '网站管理员', 'admin@phpok.com', '网站建设|企业网站建设|PHPOK网站建设|PHPOK企业网站建设', '网站建设,企业网站建设,PHPOK网站建设,PHPOK企业网站建设', '高效的企业网站建设系统，可实现高定制化的企业网站电商系统，实现企业网站到电子商务企业网站。定制功能更高，操作更简单！', 'prefix[P]-year-month-date-number', 2, 1, 1, 1, 'html/', 'Ym/', 'order_admin');


INSERT INTO `qinggan_site_domain` (`id`, `site_id`, `domain`) VALUES
(1, 1, 'phpok:81');

--
-- 转存表中的数据 `qinggan_sysmenu`
--

INSERT INTO `qinggan_sysmenu` (`id`, `parent_id`, `title`, `status`, `appfile`, `taxis`, `func`, `identifier`, `ext`, `if_system`, `site_id`, `icon`) VALUES
(1, 0, '设置', 1, 'setting', 50, '', '', '', 1, 0, ''),
(3, 0, '会员', 1, 'user', 30, '', '', '', 0, 0, ''),
(5, 0, '内容', 1, 'index', 10, '', '', '', 0, 0, ''),
(6, 1, '表单选项', 1, 'opt', 30, '', '', '', 0, 0, ''),
(7, 4, '字段维护', 1, 'fields', 20, '', '', '', 0, 0, ''),
(8, 1, '模块管理', 1, 'module', 20, '', '', '', 0, 0, 'settings'),
(9, 1, '核心配置', 1, 'system', 50, '', '', '', 1, 0, ''),
(13, 3, '会员列表', 1, 'user', 10, '', '', '', 0, 0, 'user'),
(14, 3, '会员组', 1, 'usergroup', 20, '', '', '', 0, 0, ''),
(25, 3, '会员字段', 1, 'user', 30, 'fields', '', '', 0, 0, ''),
(16, 4, '插件', 1, 'plugin', 30, '', '', '', 0, 0, ''),
(18, 5, '分类管理', 1, 'cate', 30, '', '', '', 0, 0, 'stack'),
(19, 5, '全局内容', 1, 'all', 10, '', '', '', 0, 0, ''),
(20, 5, '内容管理', 1, 'list', 20, '', '', '', 0, 0, 'office'),
(22, 5, '资源管理', 1, 'res', 60, '', '', '', 0, 0, 'download'),
(23, 5, '数据调用', 1, 'call', 40, '', '', '', 0, 0, 'rocket'),
(27, 1, '项目管理', 1, 'project', 10, '', '', '', 0, 0, 'finder'),
(28, 1, '邮件通知模板', 1, 'email', 40, '', '', '', 0, 0, ''),
(29, 1, '管理员维护', 1, 'admin', 80, '', '', '', 0, 0, 'user3'),
(30, 1, '风格管理', 1, 'tpl', 60, '', '', '', 0, 0, ''),
(31, 1, '站点管理', 1, 'site', 90, '', '', '', 0, 0, ''),
(32, 5, '评论管理', 1, 'reply', 50, '', '', '', 0, 1, 'bubbles'),
(33, 2, '货币及汇率', 1, 'currency', 30, '', '', '', 0, 1, ''),
(34, 2, '订单管理', 1, 'order', 10, '', '', '', 0, 1, 'coin'),
(4, 0, '工具', 1, 'tool', 40, '', '', '', 0, 0, ''),
(45, 4, '程序升级', 1, 'update', 10, '', '', '', 0, 1, 'earth'),
(2, 0, '订单', 1, 'order', 20, '', '', '', 0, 0, ''),
(52, 2, '付款方案', 1, 'payment', 20, '', '', '', 0, 1, ''),
(55, 1, '生成静态页', 1, 'html', 110, '', '', '', 0, 1, 'screen'),
(57, 1, '数据库管理', 1, 'sql', 100, '', '', '', 0, 1, ''),
(58, 5, 'Tag标签管理', 1, 'tag', 70, '', '', '', 0, 1, 'tags'),
(59, 1, '伪静态页规则', 1, 'rewrite', 70, '', '', '', 0, 1, ''),
(60, 5, '数据库比较', 1, 'plugin', 80, 'exec', '', 'id=sqldiff&exec=manage', 0, 1, ''),
(62, 1, '附件分类管理', 1, 'rescate', 120, '', '', '', 0, 1, 'cogs'),
(63, 1, 'GD图片方案', 1, 'gd', 130, '', '', '', 0, 1, 'image');

-- --------------------------------------------------------

--
-- 转存表中的数据 `qinggan_tpl`
--

INSERT INTO `qinggan_tpl` (`id`, `title`, `author`, `folder`, `refresh_auto`, `refresh`, `ext`, `folder_change`, `phpfolder`) VALUES
(1, '默认风格', 'phpok.com', 'www', 1, 0, 'html', 'css,images,js', 'phpinc');


--
-- 转存表中的数据 `qinggan_user_group`
--

INSERT INTO `qinggan_user_group` (`id`, `title`, `status`, `is_default`, `is_guest`, `is_open`, `taxis`, `register_status`, `tbl_id`, `fields`, `popedom`) VALUES
(2, '普通会员', 1, 1, 0, 0, 10, '1', 0, '', ''),
(3, '游客组', 1, 0, 1, 0, 200, '0', 0, '', '');

/*!40101 SET CHARACTER_SET_CLIENT=@OLD_CHARACTER_SET_CLIENT */;
/*!40101 SET CHARACTER_SET_RESULTS=@OLD_CHARACTER_SET_RESULTS */;
/*!40101 SET COLLATION_CONNECTION=@OLD_COLLATION_CONNECTION */;
